variable_name,source,original_name,N_nonmissing,pct_missing,is_numeric,mean,sd,label
case_id,key,case_id,60016,0,FALSE,"","",""
c2360_f2a_2360_month_coding_completed,c2360,f2a_2360_month_coding_completed,57672,3.91,TRUE,6.8513,6.5223,F2a_2360_Month coding completed
c2360_f2b_2360_day_coding_completed,c2360,f2b_2360_day_coding_completed,57672,3.91,TRUE,15.9684,10.2417,F2b_2360_Day coding completed
c2360_f2c_2360_year_coding_completed,c2360,f2c_2360_year_coding_completed,57672,3.91,TRUE,64.1582,2.4931,F2c_2360_Year coding completed
c2360_f2d_2360_why_coding_not_complete,c2360,f2d_2360_why_coding_not_complete,57672,3.91,TRUE,0.0506,0.2192,F2d_2360_Why coding not complete
c2360_f2e_2360_study_record_coded,c2360,f2e_2360_study_record_coded,57672,3.91,TRUE,2.7463,0.9681,F2e_2360_Study record coded
c2360_f2f_2360_edit_code,c2360,f2f_2360_edit_code,57672,3.91,TRUE,1.8985,0.3021,F2f_2360_Edit code
c2360_f2g_2360_history_of_hypertension,c2360,f2g_2360_history_of_hypertension,57672,3.91,TRUE,0.4484,1.3533,F2g_2360_History of hypertension
c2360_f2h_2360_toxemia_screen,c2360,f2h_2360_toxemia_screen,57672,3.91,TRUE,1.0033,1.062,F2h__2360_Toxemia screen
c2360_f14a_outcome_of_preg1,c2360,f14a_outcome_of_preg1,57672,3.91,TRUE,0.3737,1.5983,F14a_Outcome of preg1
c2360_f14b_outcome_of_preg2,c2360,f14b_outcome_of_preg2,57672,3.91,TRUE,0.3972,1.7946,F14b_Outcome of preg2
c2360_f15_complications_of_puerperium,c2360,f15_complications_of_puerperium,57672,3.91,TRUE,0.4202,1.6847,F15_Complications of puerperium
c2360_f16_infectious_diseases_during_preg,c2360,f16_infectious_diseases_during_preg,57672,3.91,TRUE,0.3308,1.2972,F16_Infectious diseases during preg
c2360_albuminuria,c2360,albuminuria,57672,3.91,TRUE,3078920967.7759,11225361584.7127,Albuminuria -
c2360_f17_disease_not_otherwise_specified,c2360,f17_disease_not_otherwise_specified,57672,3.91,TRUE,0.4611,0.9644,F17_Disease not otherwise specified
c2360_f18_special_studies,c2360,f18_special_studies,57672,3.91,TRUE,0.1636,0.4562,F18_Special studies
c2360_f19_total_number_diseases,c2360,f19_total_number_diseases,57672,3.91,TRUE,3.5113,2.679,F19_Total number diseases
c2360_f20a_1st_disease_condition,c2360,f20a_1st_disease_condition,52899,11.86,TRUE,79.0296,42.3544,F20a_1st disease_condition
c2360_f20b_1st_disease_time_occur,c2360,f20b_1st_disease_time_occur,52899,11.86,TRUE,2.3029,1.5296,F20b_1st disease_time occur
c2360_f21a_2nd_disease_condition,c2360,f21a_2nd_disease_condition,44448,25.94,TRUE,101.8749,42.5097,F21a_2nd disease_condition
c2360_anesthesia_during,c2360,anesthesia_during,44448,25.94,TRUE,4.4389,3.1194,Anesthesia During
c2360_f21b_2nd_disease_time_occur,c2360,f21b_2nd_disease_time_occur,44448,25.94,TRUE,2.1862,1.3071,F21b_2nd disease_time occur
c2360_f21c_3rd_disease_condition,c2360,f21c_3rd_disease_condition,34376,42.72,TRUE,118.1557,38.5098,F21c_3rd disease_condition
c2360_f21d_3rd_disease_time_occur,c2360,f21d_3rd_disease_time_occur,34376,42.72,TRUE,2.1442,1.3021,F21d_3rd disease_time occur
c2360_f21e_4th_disease_condition,c2360,f21e_4th_disease_condition,24665,58.9,TRUE,127.5869,35.4198,F21e_4th disease_condition
c2360_f21f_4th_disease_time_occur,c2360,f21f_4th_disease_time_occur,24665,58.9,TRUE,2.1774,1.2952,F21f_4th disease_time occur
c2360_f21g_5th_disease_condition,c2360,f21g_5th_disease_condition,16784,72.03,TRUE,133.6876,33.2773,F21g_5th disease_condition
c2360_f21h_5th_disease_time_occur,c2360,f21h_5th_disease_time_occur,16784,72.03,TRUE,2.1966,1.3137,F21h_5th disease_time occur
c2360_f21i_6th_disease_condition,c2360,f21i_6th_disease_condition,10959,81.74,TRUE,138.3401,31.3003,F21i_6th disease_condition
c2360_f21j_6th_disease_time_occur,c2360,f21j_6th_disease_time_occur,10959,81.74,TRUE,2.2298,1.3423,F21j_6th disease_time occur
c2360_f21k_7th_disease_condition,c2360,f21k_7th_disease_condition,6891,88.52,TRUE,141.1368,29.6,F21k_7th disease_condition
c2360_f21l_7th_disease_time_occur,c2360,f21l_7th_disease_time_occur,6891,88.52,TRUE,2.2464,1.3529,F21l_7th disease_time occur
c2360_f21m_8th_disease_condition,c2360,f21m_8th_disease_condition,4337,92.77,TRUE,143.9442,28.3784,F21m_8th disease_condition
c2360_f21n_8th_disease_time_occur,c2360,f21n_8th_disease_time_occur,4337,92.77,TRUE,2.311,1.4176,F21n_8th disease_time occur
c2360_f21o_9th_disesse_condition,c2360,f21o_9th_disesse_condition,2623,95.63,TRUE,144.8757,27.1418,F21o_9th disesse_condition
c2360_f21p_9th_disease_time_occur,c2360,f21p_9th_disease_time_occur,2623,95.63,TRUE,2.3481,1.4384,F21p_9th disease_time occur
c1360_f5a_1360_month_coding_completed,c1360,f5a_1360_month_coding_completed,57668,3.91,TRUE,6.8512,6.5225,F5a_1360_Month coding completed
c1360_f5b_1360_day_coding_completed,c1360,f5b_1360_day_coding_completed,57668,3.91,TRUE,15.9661,10.2359,F5b_1360_Day coding completed
c1360_f5c_1360_year_coding_completed,c1360,f5c_1360_year_coding_completed,57668,3.91,TRUE,64.1586,2.4948,F5c_1360_Year coding completed
c1360_f6_1360_why_coding_not_complete,c1360,f6_1360_why_coding_not_complete,57668,3.91,TRUE,0.0507,0.2196,F6_1360_Why coding not complete
c1360_f7_1360_study_record_coded_with,c1360,f7_1360_study_record_coded_with,57668,3.91,TRUE,2.7461,0.9678,F7_1360_Study record coded with
c1360_f8_1360_edit_code,c1360,f8_1360_edit_code,57668,3.91,TRUE,1.8983,0.3022,F8_1360_Edit code
c1360_f9_1360_history_of_hypertension,c1360,f9_1360_history_of_hypertension,57668,3.91,TRUE,0.4489,1.3537,F9_1360_History of hypertension
c1360_f10_1360_toxemia_screen,c1360,f10_1360_toxemia_screen,57668,3.91,TRUE,1.0035,1.0614,F10_1360_Toxemia screen
c1360_f11a_bp_low_up_to_24th_wk,c1360,f11a_bp_low_up_to_24th_wk,57668,3.91,TRUE,0.2225,1.2289,F11a_BP low_up to 24th wk
c1360_f11b_bp_low_24th_wk_to_labor,c1360,f11b_bp_low_24th_wk_to_labor,57668,3.91,TRUE,0.3876,1.3571,F11b_BP low_24th wk to labor
c1360_f11c_bp_low_intra_partum,c1360,f11c_bp_low_intra_partum,57668,3.91,TRUE,0.5793,1.5338,F11c_BP low_Intra partum
c1360_f11d_bp_low_post_partum,c1360,f11d_bp_low_post_partum,57668,3.91,TRUE,0.5914,1.6078,F11d_BP low_post partum
c1360_f12c_bp_high_intra_partum,c1360,f12c_bp_high_intra_partum,57668,3.91,TRUE,0.3337,1.5248,F12c_BP high_Intra partum
c1360_f13a_bp_rise_up_to_24th_wk,c1360,f13a_bp_rise_up_to_24th_wk,57668,3.91,TRUE,0.2351,1.2307,F13a_BP rise_ up to 24th wk
c1360_f13b_bp_rise_24th_wk_to_labor,c1360,f13b_bp_rise_24th_wk_to_labor,57668,3.91,TRUE,0.5645,1.3602,F13b_BP rise_24th wk to labor
c1360_f13c_bp_rise_intra_partum,c1360,f13c_bp_rise_intra_partum,57668,3.91,TRUE,0.6756,1.5237,F13c_BP rise_Intra partum
c1360_f13d_bp_rise_post_partum,c1360,f13d_bp_rise_post_partum,57668,3.91,TRUE,0.7221,1.6572,F13d_BP rise_post partum
c1360_f14a_proteinuria_low_up_to_24th_wk,c1360,f14a_proteinuria_low_up_to_24th_wk,57668,3.91,TRUE,0.2015,1.223,F14a_Proteinuria low_up to 24th wk
c1360_f14b_proteinuria_low_24th_wk_to_labor,c1360,f14b_proteinuria_low_24th_wk_to_labor,57668,3.91,TRUE,0.3268,1.3512,F14b_Proteinuria low_24th wk to labor
c1360_f14c_proteinuria_low_intra_partum,c1360,f14c_proteinuria_low_intra_partum,57668,3.91,TRUE,0.3185,1.5226,F14c_Proteinuria low_Intra partum
c1360_f14d_proteinuria_low_post_partum,c1360,f14d_proteinuria_low_post_partum,57668,3.91,TRUE,0.3066,1.533,F14d_Proteinuria low_post partum
c1360_f15a_proteinuria_high_up_to_24th_wk,c1360,f15a_proteinuria_high_up_to_24th_wk,57668,3.91,TRUE,0.1699,1.2148,F15a_Proteinuria high_up to 24th wk
c1360_f15b_proteinuria_high_24th_wk_to_labor,c1360,f15b_proteinuria_high_24th_wk_to_labor,57668,3.91,TRUE,0.2127,1.3316,F15b_Proteinuria high_24th wk to labor
c1360_f15c_proteinuria_high_intra_partum,c1360,f15c_proteinuria_high_intra_partum,57668,3.91,TRUE,0.2709,1.5166,F15c_Proteinuria high_Intra partum
c1360_blood_pressure_2,c1360,blood_pressure_2,57668,3.91,TRUE,0.2736,1.5279,Blood Pressure
c1360_f16a_edema_above_waist_up_to_24th_wk,c1360,f16a_edema_above_waist_up_to_24th_wk,57668,3.91,TRUE,0.1769,1.2167,F16a_Edema above waist_up to 24th wk
c1360_f16b_edema_above_waist_24th_wk_to_labor,c1360,f16b_edema_above_waist_24th_wk_to_labor,57668,3.91,TRUE,0.2586,1.3407,F16b_Edema above waist_24th wk to labor
c1360_f16c_edema_above_waist_intra_partum,c1360,f16c_edema_above_waist_intra_partum,57668,3.91,TRUE,0.2659,1.5162,F16c_Edema above waist_Intra partum
c1360_f16d_edema_above_waist_post_partum,c1360,f16d_edema_above_waist_post_partum,57668,3.91,TRUE,0.2674,1.5268,F16d_Edema above waist_post partum
c1360_f17a_weight_gain_up_to_24th_wk,c1360,f17a_weight_gain_up_to_24th_wk,57668,3.91,TRUE,0.303,1.2448,F17a_Weight gain_up to 24th wk
c1360_f17b_weight_gain_24th_wk_to_labor,c1360,f17b_weight_gain_24th_wk_to_labor,57668,3.91,TRUE,0.6906,1.3502,F17b_Weight gain_24th wk to labor
c1360_f17c_weight_gain_intra_partum,c1360,f17c_weight_gain_intra_partum,57668,3.91,TRUE,0.2643,1.5164,F17c_Weight gain_Intra partum
c1360_f17d_weight_gain_post_partum,c1360,f17d_weight_gain_post_partum,57668,3.91,TRUE,0.2679,1.5272,F17d_Weight gain_post partum
c1360_f18a_oliguria_up_to_24th_wk,c1360,f18a_oliguria_up_to_24th_wk,57668,3.91,TRUE,0.1673,1.2141,F18a_Oliguria_up to 24th wk
c1360_f18b_oliguria_24th_wk_to_labor,c1360,f18b_oliguria_24th_wk_to_labor,57668,3.91,TRUE,0.201,1.3285,F18b_Oliguria_24th wk to labor
c1360_f18c_oliguria_intra_partum,c1360,f18c_oliguria_intra_partum,57668,3.91,TRUE,0.2629,1.5154,F18c_Oliguria_Intra partum
c1360_f18d_oliguria_post_partum,c1360,f18d_oliguria_post_partum,57668,3.91,TRUE,0.267,1.5267,F18d_Oliguria_post partum
c1360_f19a_pulmonary_edema_up_to_24th_wk,c1360,f19a_pulmonary_edema_up_to_24th_wk,57668,3.91,TRUE,0.1672,1.2141,F19a_ Pulmonary edema_up to 24th wk
c1360_f19b_pulmonary_edema_24th_wk_to_labor,c1360,f19b_pulmonary_edema_24th_wk_to_labor,57668,3.91,TRUE,0.2008,1.3285,F19b_Pulmonary edema_ 24th wk to labor
c1360_f19c_pulmonary_edema_intra_partum,c1360,f19c_pulmonary_edema_intra_partum,57668,3.91,TRUE,0.2629,1.5154,F19c_Pulmonary edema_ Intra partum
c1360_f19d_pulmonary_edema_post_partum,c1360,f19d_pulmonary_edema_post_partum,57668,3.91,TRUE,0.267,1.5267,F19d_Pulmonary edema_ post partum
c1360_f20a_cyanosis_up_to_24th_wk,c1360,f20a_cyanosis_up_to_24th_wk,57668,3.91,TRUE,0.1671,1.214,F20a_Cyanosis_up to 24th wk
c1360_f20b_cyanosis_24th_wk_to_labor,c1360,f20b_cyanosis_24th_wk_to_labor,57668,3.91,TRUE,0.2008,1.3285,F20b_Cyanosis_24th wk to labor
c1360_f20c_cyanosis_intra_partum,c1360,f20c_cyanosis_intra_partum,57668,3.91,TRUE,0.2632,1.5154,F20c_Cyanosis_Intra partum
c1360_f20d_cyanosis_post_partum,c1360,f20d_cyanosis_post_partum,57668,3.91,TRUE,0.2671,1.5267,F20d_Cyanosis_post partum
c1360_f21a_convulsions_up_to_24th_wk,c1360,f21a_convulsions_up_to_24th_wk,57668,3.91,TRUE,0.1672,1.2141,F21a_Convulsions_up to 24th wk
c1360_f21b_convulsions_24th_wk_to_labor,c1360,f21b_convulsions_24th_wk_to_labor,57668,3.91,TRUE,0.201,1.3285,F21b_Convulsions_24th wk to labor
c1360_f21c_convulsions_intra_partum,c1360,f21c_convulsions_intra_partum,57668,3.91,TRUE,0.2629,1.5154,F21c_Convulsions_Intra partum
c1360_f21d_convulstions_post_partum,c1360,f21d_convulstions_post_partum,57668,3.91,TRUE,0.2673,1.5268,F21d_Convulstions_post partum
c1360_f22a_coma_up_to_24th_wk,c1360,f22a_coma_up_to_24th_wk,57668,3.91,TRUE,0.167,1.214,F22a_Coma_up to 24th wk
c1360_f22b_coma_24th_wk_to_labor,c1360,f22b_coma_24th_wk_to_labor,57668,3.91,TRUE,0.2007,1.3285,F22b_Coma_24th wk to labor
c1360_f22c_coma_intra_partum,c1360,f22c_coma_intra_partum,57668,3.91,TRUE,0.2629,1.5154,F22c_Coma_Intra partum
c1360_f22d_coma_post_partum,c1360,f22d_coma_post_partum,57668,3.91,TRUE,0.267,1.5267,F22d_Coma_post partum
c0315_f5a_lmp_month,c0315,f5a_lmp_month,57061,4.92,TRUE,6.6875,4.4958,F5a_LMP_Month
c0315_f5b_lmp_day,c0315,f5b_lmp_day,57061,4.92,TRUE,15.5292,9.2284,F5b_LMP_Day
c0315_f5c_lmp_year,c0315,f5c_lmp_year,57061,4.92,TRUE,61.8346,2.281,F5c_LMP_Year
c0315_f7_number_of_ob_12_forms,c0315,f7_number_of_ob_12_forms,57061,4.92,TRUE,0.0746,0.5849,F7_Number of OB-12 forms
c0315_f8_number_of_ob_47_forms,c0315,f8_number_of_ob_47_forms,57061,4.92,TRUE,0.1361,0.691,F8_Number of OB-47 forms
c0315_f9_no_drugs_taken,c0315,f9_no_drugs_taken,57061,4.92,TRUE,0.0596,0.2368,F9_No drugs taken
c0315_f10_xray_pelvimetry,c0315,f10_xray_pelvimetry,57061,4.92,TRUE,0.0321,0.1763,F10_Xray pelvimetry
c0315_f11a_drug,c0315,f11a_drug,60016,0,FALSE,"","",F11a_Drug
c0315_hospitalization,c0315,hospitalization,60016,0,FALSE,"","",Hospitalization
c0304_f5a_month_form_completed,c0304,f5a_month_form_completed,56798,5.36,TRUE,6.6437,5.8328,F5a_Month form completed
c0304_f5b_day_form_completed,c0304,f5b_day_form_completed,56798,5.36,TRUE,15.7918,9.7247,F5b_Day form completed
c0304_f5c_year_form_completed,c0304,f5c_year_form_completed,56798,5.36,TRUE,62.3791,2.6762,F5c_Year form completed
c0304_f6_age_at_onset,c0304,f6_age_at_onset,56798,5.36,TRUE,13.0037,5.4641,F6_Age at onset
c0304_f7a_duration_of_menses_lowest,c0304,f7a_duration_of_menses_lowest,56798,5.36,TRUE,4.6364,1.3165,F7a_Duration of menses_Lowest
c0304_f7b_duration_of_menses_highest,c0304,f7b_duration_of_menses_highest,56798,5.36,TRUE,4.9609,1.3175,F7b_Duration of menses_Highest
c0304_f8a_usual_interval_lowest,c0304,f8a_usual_interval_lowest,56798,5.36,TRUE,31.1102,14.0427,F8a_Usual interval_Lowest
c0304_f12b_lmp_first_day_day,c0304,f12b_lmp_first_day_day,56798,5.36,TRUE,18.1814,17.0068,F12b_LMP first day_Day
c0304_f12c_lmp_first_day_year,c0304,f12c_lmp_first_day_year,56798,5.36,TRUE,62.1449,3.7949,F12c_LMP first day_Year
c0304_f13a_pmp_first_day_month,c0304,f13a_pmp_first_day_month,56798,5.36,TRUE,12.0636,21.3503,F13a_PMP first day_Month
c0304_f13b_pmp_first_day_day,c0304,f13b_pmp_first_day_day,56798,5.36,TRUE,35.7576,36.4119,F13b_PMP first day_Day
c0304_gestation_at_delivery,c0304,gestation_at_delivery,56798,5.36,TRUE,613294.9812,314432.4632,Gestation at Delivery
c0304_f13c_pmp_first_day_year,c0304,f13c_pmp_first_day_year,56798,5.36,TRUE,63.6501,8.0023,F13c_PMP first day_Year
c0304_f14_type_of_entry_pmp,c0304,f14_type_of_entry_pmp,56798,5.36,TRUE,2.5342,3.8552,F14_Type of entry_PMP
c0304_f15_dysmenorrhea,c0304,f15_dysmenorrhea,56798,5.36,TRUE,0.9168,1.1305,F15_Dysmenorrhea
c0304_f16_trying_to_become_pregnant,c0304,f16_trying_to_become_pregnant,56798,5.36,TRUE,0.2571,0.9437,F16_Trying to become pregnant
c0304_f17_months_to_become_pregnant,c0304,f17_months_to_become_pregnant,56798,5.36,TRUE,3.1289,14.4607,F17_Months to become pregnant
c0304_f18_usual_contraceptive_use,c0304,f18_usual_contraceptive_use,56798,5.36,TRUE,0.4669,1.111,F18_Usual contraceptive use
c0304_f19_contraceptive_used_at_conception,c0304,f19_contraceptive_used_at_conception,56798,5.36,TRUE,0.3504,1.4271,F19_Contraceptive used at conception
c0304_f20a_contraception_diaphragm,c0304,f20a_contraception_diaphragm,56798,5.36,TRUE,1.4052,3.2251,F20a_Contraception_Diaphragm
c0304_f20b_contraception_condom,c0304,f20b_contraception_condom,56798,5.36,TRUE,1.4548,3.2125,F20b_Contraception_Condom
c0304_f20c_contraception_jelly,c0304,f20c_contraception_jelly,56798,5.36,TRUE,1.41,3.2253,F20c_Contraception_Jelly
c0304_f20d_contraception_vaginal_suppository,c0304,f20d_contraception_vaginal_suppository,56798,5.36,TRUE,1.4117,3.2246,F20d_Contraception_Vaginal suppository
c0304_f20e_contraception_coitus_interruptus,c0304,f20e_contraception_coitus_interruptus,56798,5.36,TRUE,1.377,3.2342,F20e_Contraception_Coitus interruptus
c0304_f20f_contraception_douche,c0304,f20f_contraception_douche,56798,5.36,TRUE,1.3858,3.2312,F20f_Contraception_Douche
c0304_f20g_contraception_rhythm,c0304,f20g_contraception_rhythm,56798,5.36,TRUE,1.3892,3.2299,F20g_Contraception_Rhythm
c0304_f20h_contraception_oral,c0304,f20h_contraception_oral,56798,5.36,TRUE,1.3811,3.2321,F20h_contraception_Oral
c0304_f20i_contraception_intrauterine_ring,c0304,f20i_contraception_intrauterine_ring,56798,5.36,TRUE,1.3723,3.2345,F20i_contraception_Intrauterine ring
c0304_f20j_contraception_other,c0304,f20j_contraception_other,56798,5.36,TRUE,1.3738,3.2349,F20j_contraception_Other
c0304_f21_sterility_investigation,c0304,f21_sterility_investigation,56798,5.36,TRUE,0.0753,0.6885,F21_Sterility investigation
c0344_conditions_and_findings_mother,c0344,conditions_and_findings_mother,56797,5.36,TRUE,736.0979,398.3815,"Conditions and findings, MOTHER, REGISTRATION, MEDICAL HISTORY"
c0344_placenta_special_studies,c0344,placenta_special_studies,56797,5.36,TRUE,7361628.6921,3983809.166,"Placenta, special studies, DELIVERY, EVENT"
c0344_registration_continued_mother,c0344,registration_continued_mother,60016,0,FALSE,"","","Registration, continued, MOTHER, REGISTRATION, MEDICAL HISTORY"
c0344_placenta,c0344,placenta,56797,5.36,TRUE,62401.7881,1908.7501,"Placenta, DELIVERY, EVENT"
c0344_placenta_weight,c0344,placenta_weight,56797,5.36,TRUE,13.643,14.5698,"Placenta weight, DELIVERY, EVENT"
c0344_amnion,c0344,amnion,56797,5.36,TRUE,250801.9452,316204.9177,"Amnion, DELIVERY, EVENT"
c0344_amnion_nodules,c0344,amnion_nodules,56797,5.36,TRUE,7294.6494,3583.4204,"Amnion nodules, DELIVERY, EVENT"
c0344_insertion_of_cord,c0344,insertion_of_cord,56797,5.36,TRUE,4275.2812,4522.5335,"Insertion of cord, DELIVERY, PROCEDURE"
c0344_number_of_vessels,c0344,number_of_vessels,56797,5.36,TRUE,4.2545,4.35,"Number of vessels, DELIVERY, EVENT"
c0344_cord,c0344,cord,56797,5.36,TRUE,45.9524,48.5914,"Cord, DELIVERY, EVENT"
c0344_placenta_infarctions,c0344,placenta_infarctions,56797,5.36,TRUE,5645315661953.32,17981275714199.9,"Placenta, infarctions, DELIVERY, EVENT"
c0344_intervillous_thrombosis,c0344,intervillous_thrombosis,56797,5.36,TRUE,59.961,46.9934,"Intervillous thrombosis, DELIVERY, PROCEDURE"
c0344_decidua,c0344,decidua,56797,5.36,TRUE,58.8422,44.5936,"Decidua, DELIVERY, EVENT"
c0344_villi,c0344,villi,31660,47.25,TRUE,9102.7183,2678.1306,"Villi, DELIVERY, EVENT"
c0303_f6_felt_sick,c0303,f6_felt_sick,56771,5.41,TRUE,6.0273,2.3202,F6_Felt sick
c0303_f7_headache,c0303,f7_headache,56771,5.41,TRUE,0.6149,0.6067,F7_Headache
c0303_f8_visual_disturbance,c0303,f8_visual_disturbance,56771,5.41,TRUE,0.1831,0.6125,F8_Visual disturbance
c0303_f9_weakness_numbness_dizziness,c0303,f9_weakness_numbness_dizziness,56771,5.41,TRUE,0.4744,0.6254,"F9_Weakness, numbness, dizziness"
c0303_f10_vomiting,c0303,f10_vomiting,56771,5.41,TRUE,0.6092,0.9587,F10_Vomiting
c0303_f11_pain_abdomen_pelvis_back,c0303,f11_pain_abdomen_pelvis_back,56771,5.41,TRUE,0.5912,0.6417,"F11_Pain_abdomen, pelvis, back"
c0303_f12_urinary_urgency_dysuria,c0303,f12_urinary_urgency_dysuria,56771,5.41,TRUE,0.1755,0.5425,"F12_Urinary urgency, dysuria"
c0303_f13_diarrhea,c0303,f13_diarrhea,56771,5.41,TRUE,0.1226,0.5408,F13_Diarrhea
c0303_f14_cold_sore_throat_cough,c0303,f14_cold_sore_throat_cough,56771,5.41,TRUE,0.5154,0.6407,"F14_Cold, sore throat, cough"
c0303_fever_by_trimester,c0303,fever_by_trimester,56771,5.41,TRUE,53110.8819,67371.6384,Fever by Trimester
c0303_f15_fever,c0303,f15_fever,56771,5.41,TRUE,0.15,0.6503,F15_Fever
c0303_f16_eye_inflammation,c0303,f16_eye_inflammation,56771,5.41,TRUE,0.0515,0.4628,F16_Eye inflammation
c0303_f17_rash_or_skin_trouble,c0303,f17_rash_or_skin_trouble,56771,5.41,TRUE,0.1685,0.5393,F17_Rash or skin trouble
c0303_f18_jaundice,c0303,f18_jaundice,56771,5.41,TRUE,0.0208,0.4196,F18_Jaundice
c0303_f19_swollen_glands,c0303,f19_swollen_glands,56771,5.41,TRUE,0.0628,0.4773,F19_Swollen glands
c0303_f20_cold_sores,c0303,f20_cold_sores,56771,5.41,TRUE,0.0764,0.4943,F20_Cold sores
c0303_f21_boils_or_abscessed_teeth,c0303,f21_boils_or_abscessed_teeth,56771,5.41,TRUE,0.0883,0.5496,F21_Boils or abscessed teeth
c0303_f22_earache,c0303,f22_earache,56771,5.41,TRUE,0.0745,0.4954,F22_Earache
c0303_f23_swelling_feet_legs,c0303,f23_swelling_feet_legs,56771,5.41,TRUE,0.3178,0.6044,"F23_Swelling feet, legs"
c0303_f24_swelling_hands_feet,c0303,f24_swelling_hands_feet,56771,5.41,TRUE,0.1143,0.5082,"F24_Swelling hands, feet"
c0303_f25_vaginal_bleeding,c0303,f25_vaginal_bleeding,56771,5.41,TRUE,0.3016,1.0845,F25_Vaginal bleeding
c0303_f26_fainting,c0303,f26_fainting,56771,5.41,TRUE,0.0696,0.4849,F26_Fainting
c0303_f27_convulsions,c0303,f27_convulsions,56771,5.41,TRUE,0.0246,0.4454,F27_Convulsions
c0303_f28_accident_poison_injury,c0303,f28_accident_poison_injury,56771,5.41,TRUE,0.1133,0.529,"F28_Accident, poison, injury"
c0303_f29_operation,c0303,f29_operation,56771,5.41,TRUE,0.0596,0.4983,F29_Operation
c0303_f30_radiation_x_ray,c0303,f30_radiation_x_ray,56771,5.41,TRUE,0.3323,0.6192,"F30_Radiation, x-ray"
c0303_f31_air_travel,c0303,f31_air_travel,56771,5.41,TRUE,0.0608,0.5197,F31_Air travel
c0303_f32_injection_vaccination,c0303,f32_injection_vaccination,56771,5.41,TRUE,0.466,0.7095,"F32_Injection, vaccination"
c0303_f33_infectious_disease_in_home,c0303,f33_infectious_disease_in_home,56771,5.41,TRUE,0.2073,0.612,F33_Infectious disease in home
c0303_f34_sick_pet_in_home,c0303,f34_sick_pet_in_home,56771,5.41,TRUE,0.0392,0.4835,F34_Sick pet in home
c0303_f35_works_outside_home,c0303,f35_works_outside_home,56771,5.41,TRUE,0.3358,0.6712,F35_Works outside home
c0303_f36_intercourse_frequency,c0303,f36_intercourse_frequency,56771,5.41,TRUE,9.3484,20.4145,F36_Intercourse frequency
c0303_f37_ever_smoked,c0303,f37_ever_smoked,56771,5.41,TRUE,0.6314,0.6513,F37_Ever smoked
c0303_f38_smoked_at_least_5_packs,c0303,f38_smoked_at_least_5_packs,56771,5.41,TRUE,0.6258,0.8648,F38_Smoked at least 5 packs
c0303_f39_total_years_smoked,c0303,f39_total_years_smoked,56771,5.41,TRUE,6.5879,15.0675,F39_Total years smoked
c0303_f40_age_started_smoking,c0303,f40_age_started_smoking,56771,5.41,TRUE,10.9671,11.2126,F40_Age started smoking
c0303_f41_age_stopped_smoking,c0303,f41_age_stopped_smoking,56771,5.41,TRUE,45.1061,41.9926,F41_Age stopped smoking
c0303_f42_largest_regular_daily_amount,c0303,f42_largest_regular_daily_amount,56771,5.41,TRUE,11.6016,16.5443,F42_Largest regular daily amount
c0303_f44_physician_visited,c0303,f44_physician_visited,56771,5.41,TRUE,0.535,0.7386,F44_Physician visited
c2501_registration_history_1st_card_father,c2501,registration_history_1st_card_father,56019,6.66,TRUE,0.0219,0.1464,"Registration, history, 1st (card), FATHER"
c2501_number_sequence_form_type_form_number,c2501,number_sequence_form_type_form_number,56019,6.66,TRUE,2.6033,15.2672,"Number (sequence), form type, form number, ADMINISTRATIVE"
c2501_exposure_occupational_environmental_envi,c2501,exposure_occupational_environmental_envi,56019,6.66,TRUE,270812.3091,1528085.4925,"Exposure, occupational/environmental, ENVIRONMENTAL EXPOSURE"
c2501_socioeconomic_info_type_mother_work_hist,c2501,socioeconomic_info_type_mother_work_hist,56019,6.66,TRUE,0.0434,0.3111,"Socioeconomic info, type, MOTHER, GENERAL, WORK HISTORY"
c2501_husband_father,c2501,husband_father,56019,6.66,TRUE,1.1869,1.8577,"Husband, FATHER"
c2501_exposure_occupational_environmental_envi_2,c2501,exposure_occupational_environmental_envi_2,56019,6.66,TRUE,0.3646,1.5402,"Exposure, occupational/environmental, GENERAL, ENVIRONMENTAL"
c2501_insurance_2,c2501,insurance_2,56019,6.66,TRUE,4432.504,16526.2774,"Insurance, SOCIOECONOMIC INFO"
c2501_smoking_exposure_environmental,c2501,smoking_exposure_environmental,56019,6.66,TRUE,0.6401,1.4171,"Smoking, exposure, GENERAL, ENVIRONMENTAL"
c2501_insurance_3,c2501,insurance_3,56019,6.66,TRUE,1.0859,2.7861,"Insurance, SOCIOECONOMIC INFO"
c2501_insurance_worked_mother,c2501,insurance_worked_mother,56019,6.66,TRUE,3.7116,3.3112,"Insurance, worked, MOTHER, REGISTRATION"
c2501_term_exposure_last_hunting_date_yr_mothe,c2501,term_exposure_last_hunting_date_yr_mothe,56019,6.66,TRUE,384.7619,344.3128,"Term exposure, last hunting date (yr), MOTHER"
c2501_education_data,c2501,education_data,56019,6.66,TRUE,13784.677,21258.6893,"Education, data, SOCIOECONOMIC INFO"
c2501_term_exposure_environmental,c2501,term_exposure_environmental,56019,6.66,TRUE,1.7653,2.2952,"Term exposure, GENERAL, ENVIRONMENTAL"
c2501_socioeconomic_housing_terms_of_lease,c2501,socioeconomic_housing_terms_of_lease,56019,6.66,TRUE,184.3093,232.3772,"Socioeconomic, housing, terms of lease, FAMILY, SOCIOECONOMIC INFO"
c2501_socioeconomic_maternity_price_income,c2501,socioeconomic_maternity_price_income,56019,6.66,TRUE,2.193,2.7056,"Socioeconomic, maternity, price, income, FAMILY, REGISTRATION, SOCIOECONOMIC"
c2501_f08_2501,c2501,f08_2501,56019,6.66,TRUE,0.8349,1.467,f08_2501
c2501_socioeconomic_index,c2501,socioeconomic_index,56019,6.66,TRUE,9.937,19.3804,"SOCIOECONOMIC INDEX, REGISTRATION"
c2501_history_current_or_most_recent_job_time,c2501,history_current_or_most_recent_job_time,56019,6.66,TRUE,131.4799,222.7541,"History, current or most recent job, time (most), MOTHER, WORK HISTORY"
c2501_supplemental_data_most_mother,c2501,supplemental_data_most_mother,56019,6.66,TRUE,1.3913,2.5059,"Supplemental, data (most), MOTHER, REGISTRATION"
c2501_socioeconomic_index_2,c2501,socioeconomic_index_2,56019,6.66,TRUE,14.9444,25.4067,"SOCIOECONOMIC INDEX, FAMILY, REGISTRATION"
c2501_socioeconomic_information_mother,c2501,socioeconomic_information_mother,56019,6.66,TRUE,0.9871,1.3493,"SOCIOECONOMIC INFORMATION, MOTHER"
c2501_housing_number_of_rooms,c2501,housing_number_of_rooms,56019,6.66,TRUE,25.4268,16.1376,"HOUSING, NUMBER OF ROOMS, REGISTRATION"
c2501_housing_persons_per_room,c2501,housing_persons_per_room,56019,6.66,TRUE,54.136,33.6113,"HOUSING, PERSONS PER ROOM, REGISTRATION"
c2501_registration_orient_father,c2501,registration_orient_father,56019,6.66,TRUE,2.5801,2.6112,"Registration, orient, FATHER, REGISTRATION"
c2501_housing_rent_or_mortgage,c2501,housing_rent_or_mortgage,56019,6.66,TRUE,43.5432,28.8307,"HOUSING, RENT OR MORTGAGE, REGISTRATION"
c2501_registration_number_1st_card_father,c2501,registration_number_1st_card_father,56019,6.66,TRUE,1.8802,2.7569,"Registration, number, 1st (card), FATHER"
c2501_housing_payment_method,c2501,housing_payment_method,56019,6.66,TRUE,20.1645,29.6876,"HOUSING, PAYMENT METHOD, REGISTRATION"
c2501_socioeconomic_info_husband_or_father_of,c2501,socioeconomic_info_husband_or_father_of,56019,6.66,TRUE,24.0455,32.0948,"SOCIOECONOMIC INFO, HUSBAND OR FATHER OF BABY, PRESENT, REGISTRATION"
c2501_socioeconomic_info_husband_or_father_of_2,c2501,socioeconomic_info_husband_or_father_of_2,56019,6.66,TRUE,34.9536,34.7533,"SOCIOECONOMIC INFO, HUSBAND OR FATHER OF BABY, REGISTRATION"
c2501_registration_history_father_1st_card_fat,c2501,registration_history_father_1st_card_fat,56019,6.66,TRUE,2.1279,2.6088,"Registration, history, father, 1st (card), FATHER"
c2501_socioeconomic_info,c2501,socioeconomic_info,56019,6.66,TRUE,23.6192,28.6415,SOCIOECONOMIC INFO (REPEATED FROM ABOVE)
c2501_marital_history_marriage_date_yr_father,c2501,marital_history_marriage_date_yr_father,56019,6.66,TRUE,2.3402,3.2478,"Marital history, marriage, date (yr), FATHER, REGISTRATION, SOCIOECONOMIC INFO"
c2501_socioeconomic_info_husband,c2501,socioeconomic_info_husband,56019,6.66,TRUE,31.0883,34.5527,"SOCIOECONOMIC INFO, HUSBAND, REGISTRATION"
c2501_socioeconomic_info_other_additional_fath,c2501,socioeconomic_info_other_additional_fath,56019,6.66,TRUE,25.5478,26.863,"SOCIOECONOMIC INFO, OTHER, ADDITIONAL, FATHER OF BABY OR HUSBAND, FATHER, GENERAL"
c2501_registration_unemployment_during_period,c2501,registration_unemployment_during_period,56019,6.66,TRUE,258.2197,270.2745,"Registration, unemployment during period, time, FATHER, REGISTRATION"
c2501_institution_last_school_father_of_baby_o,c2501,institution_last_school_father_of_baby_o,56019,6.66,TRUE,30.7585,30.6602,"INSTITUTION, LAST, SCHOOL, FATHER OF BABY OR HUSBAND, FATHER"
c2501_institution_last_school_father_of_baby_o_2,c2501,institution_last_school_father_of_baby_o_2,56019,6.66,TRUE,2.1232,3.2697,"INSTITUTION, LAST, SCHOOL, FATHER OF BABY OR HUSBAND, FRIEND"
c2501_socioeconomic_info_father_of_baby_or_hus,c2501,socioeconomic_info_father_of_baby_or_hus,56019,6.66,TRUE,25.1124,34.8912,"SOCIOECONOMIC INFO, GENERAL, FATHER OF BABY OR HUSBAND, FATHER"
c2501_employment_main_present_work_history,c2501,employment_main_present_work_history,56019,6.66,TRUE,222.3557,232.9621,"Employment, main present, REGISTRATION, WORK HISTORY"
c2501_employment_main_present_starting_work_hi,c2501,employment_main_present_starting_work_hi,56019,6.66,TRUE,1835.5923,1517.4798,"Employment, main present, starting, REGISTRATION, WORK HISTORY"
c1501_relationship_identity_of_baby_father,c1501,relationship_identity_of_baby_father,55982,6.72,TRUE,0.1346,0.3596,"Relationship, identity of baby, FATHER"
c1501_f06a1501,c1501,f06a1501,55982,6.72,TRUE,25.9141,27.2244,f06a1501
c1501_f06b1501,c1501,f06b1501,55982,6.72,TRUE,35.817,28.5888,f06b1501
c1501_f06c1501,c1501,f06c1501,55982,6.72,TRUE,41.9027,28.892,f06c1501
c1501_for_number_code,c1501,for_number_code,55979,6.73,TRUE,1.9216,1.3272,"For number code, GENERAL, ADMINISTRATIVE"
c1501_general,c1501,general,55982,6.72,TRUE,214878.9151,134312.2894,"CHILD, GENERAL, EVENT"
c1501_supplemental,c1501,supplemental,55982,6.72,TRUE,214879173.001,134312257.6882,"Supplemental, SOCIOECONOMIC INFO"
c1501_general_2,c1501,general_2,55982,6.72,TRUE,1.9453,3.7789,"CHILD, GENERAL, EVENT"
c1501_education,c1501,education,55982,6.72,TRUE,202.8343,378.921,"Education, SOCIOECONOMIC INFO"
c1501_occupation,c1501,occupation,55982,6.72,TRUE,1.308,1.4265,"Occupation, SOCIOECONOMIC, SOCIOECONOMIC INFO"
c1501_f12b1501,c1501,f12b1501,55982,6.72,TRUE,21.6288,32.3352,f12b1501
c1501_f13_1501,c1501,f13_1501,55982,6.72,TRUE,1.8198,2.6204,f13_1501
c1501_registration_city_pet_number_work_histor,c1501,registration_city_pet_number_work_histor,55982,6.72,TRUE,21439.5233,23543.3832,"Registration, city, pet number, REGISTRATION, WORK HISTORY"
c1501_registration,c1501,registration,60016,0,FALSE,"","","REGISTRATION, MEDICAL HISTORY"
c1501_registration_city_county,c1501,registration_city_county,55982,6.72,TRUE,1.6579,2.7977,"Registration, city, county, REGISTRATION"
c1501_employment_current_or_most_recent_job_ti,c1501,employment_current_or_most_recent_job_ti,55982,6.72,TRUE,23891.2131,30746.9151,"Employment, current or most recent job, time (most), MOTHER, REGISTRATION, WORK"
c1501_general_and_over,c1501,general_and_over,55982,6.72,TRUE,0.2864,1.1401,"General, and over, FAMILY, REGISTRATION"
c1501_registration_hospital_country_number_of,c1501,registration_hospital_country_number_of,55982,6.72,TRUE,1.5163,1.5601,"Registration/hospital, country, number of persons per room, FAMILY, REGISTRATION"
c1501_marital_history_marriage_date_yr_father,c1501,marital_history_marriage_date_yr_father,55982,6.72,TRUE,1.6031,2.609,"Marital history, marriage, date (yr), FATHER, REGISTRATION, SOCIOECONOMIC INFO"
c1501_marital_history_father_of_baby_listed_al,c1501,marital_history_father_of_baby_listed_al,24159,59.75,TRUE,2.3041,2.7861,"Marital history, father of baby, listed all named, FATHER"
c1501_marital_history_father_of_baby_or_husban_2,c1501,marital_history_father_of_baby_or_husban_2,24159,59.75,TRUE,2.2473,1.1816,"Marital history, father of baby or husband, FATHER, WORK HISTORY"
c1501_marital_registration_unemployment_during,c1501,marital_registration_unemployment_during,24159,59.75,TRUE,257.108,130.7431,"Marital/registration, unemployment during period, FATHER, WORK HISTORY"
c1501_employment_current_or_most_recent_mother,c1501,employment_current_or_most_recent_mother,24159,59.75,TRUE,21.125,87.2584,"Employment, current or most recent, MOTHER, REGISTRATION, WORK"
c1501_employment_current_or_most_recent_mother_2,c1501,employment_current_or_most_recent_mother_2,24159,59.75,TRUE,213.4694,872.9414,"Employment, current or most recent, MOTHER, REGISTRATION, WORK"
c1501_occupation_current_or_most_recent_job,c1501,occupation_current_or_most_recent_job,24159,59.75,TRUE,3.3508,3.1974,"Occupation, current or most recent job, REGISTRATION"
c1305_number,c1305,number,55965,6.75,TRUE,0.3051,0.8403,"Number, REGISTRATION, ADMINISTRATIVE"
c1305_f5a1305_month_form_completed,c1305,f5a1305_month_form_completed,55965,6.75,TRUE,7.0689,8.3617,F5a1305_Month form completed
c1305_f5b1305_day_form_completed,c1305,f5b1305_day_form_completed,55965,6.75,TRUE,16.1983,11.2992,F5b1305_Day form completed
c1305_f5c1305_year_form_completed,c1305,f5c1305_year_form_completed,55965,6.75,TRUE,62.549,3.6558,F5c1305_Year form completed
c1305_f6_#illnesses_confinement_to_bed,c1305,f6_#illnesses_confinement_to_bed,55965,6.75,TRUE,0.5658,1.005,F6_#illnesses_confinement to bed
c1305_form_date_yr,c1305,form_date_yr,55965,6.75,TRUE,2.2073,3.1488,"Form date (yr), REGISTRATION, MEDICAL HISTORY"
c1305_history:_date_base_onset,c1305,history:_date_base_onset,55965,6.75,TRUE,10.3523,20.7439,"History: date, registration, base onset, REGISTRATION, MEDICAL HISTORY"
c1305_history:_date_medical,c1305,history:_date_medical,55965,6.75,TRUE,142.5954,236.4254,"History: date, REGISTRATION, MEDICAL"
c1305_history:_disability:_non_confirmation_mo,c1305,history:_disability:_non_confirmation_mo,55965,6.75,TRUE,1.7477,3.3268,"History: disability: non confirmation, MOTHER, REGISTRATION, MEDICAL"
c1305_history:_recording_confirmation_date_ons,c1305,history:_recording_confirmation_date_ons,55965,6.75,TRUE,26.5105,39.0481,"History: recording confirmation, date onset (yr), MOTHER, REGISTRATION, MEDICAL HISTORY"
c1305_medical_history_recording_confirmation_m,c1305,medical_history_recording_confirmation_m,55965,6.75,TRUE,1.2593,2.3427,"MEDICAL HISTORY, recording confirmation, MOTHER, REGISTRATION, MEDICAL"
c1305_history:_recording_confirmation_investor,c1305,history:_recording_confirmation_investor,55965,6.75,TRUE,0.5276,1.0935,"History: recording confirmation, investor consulted, MOTHER, REGISTRATION"
c1305_history:_recording_confirmation_investor_2,c1305,history:_recording_confirmation_investor_2,55965,6.75,TRUE,0.6517,2.0156,"History: recording confirmation, investor consulted, MOTHER, REGISTRATION"
c1305_history:_last_year_mother,c1305,history:_last_year_mother,55965,6.75,TRUE,0.2739,1.1839,"History: last year, MOTHER, REGISTRATION"
c1305_history:_recording_body_weight_live_moth,c1305,history:_recording_body_weight_live_moth,55965,6.75,TRUE,0.1163,0.9592,"History: recording body/weight, live, MOTHER, REGISTRATION"
c1305_history:_recording_confirmation_date_ons_2,c1305,history:_recording_confirmation_date_ons_2,55965,6.75,TRUE,0.4009,1.4508,"History: recording confirmation, date onset (yr), MOTHER, REGISTRATION"
c1305_history:_recording_confirmation_date_ons_3,c1305,history:_recording_confirmation_date_ons_3,55965,6.75,TRUE,1.7823,10.8715,"History: recording confirmation, date onset (yr), MOTHER, REGISTRATION"
c1305_history:_recording_confirmation_consulte,c1305,history:_recording_confirmation_consulte,55965,6.75,TRUE,6.2518,22.7259,"History: recording confirmation/consulted or registration, MOTHER, REGISTRATION"
c1305_history:_registration,c1305,history:_registration,55965,6.75,TRUE,798.0942,2500.6594,"History: REGISTRATION, MEDICAL HISTORY"
c1305_disability_incompatibility_recording_con,c1305,disability_incompatibility_recording_con,55965,6.75,TRUE,7123.3134,20702.0539,"Disability/incompatibility, recording confirmation, date onset (yr), MOTHER, REGISTRATION"
c1305_history:_confirmation_date_onset_yr_moth,c1305,history:_confirmation_date_onset_yr_moth,55965,6.75,TRUE,11.8128,91.5534,"History: confirmation, date onset (yr), MOTHER, REGISTRATION, REGISTRATION"
c1305_disability_recording_confirmation_date_o,c1305,disability_recording_confirmation_date_o,55965,6.75,TRUE,0.076,0.7904,"Disability, recording confirmation, date onset (yr), MOTHER, REGISTRATION"
c1305_disability_recording_confirmation_mother,c1305,disability_recording_confirmation_mother,55965,6.75,TRUE,25.4317,147.5721,"Disability, recording confirmation, MOTHER, REGISTRATION"
c1305_disability_recording_confirmation_date_o_2,c1305,disability_recording_confirmation_date_o_2,55965,6.75,TRUE,9.9986,82.1575,"Disability, recording confirmation, date onset (yr), MOTHER, REGISTRATION"
c1305_disability_incompatibility_date_onset_yr,c1305,disability_incompatibility_date_onset_yr,55965,6.75,TRUE,1.0823,9.4417,"Disability/incompatibility, date onset (yr), MOTHER, REGISTRATION"
c1305_disability_date_onset_yr_mother,c1305,disability_date_onset_yr_mother,55965,6.75,TRUE,0.7143,8.1664,"Disability, registration, date onset (yr), MOTHER, REGISTRATION"
c1305_disability_incompatibility_date_onset_yr_2,c1305,disability_incompatibility_date_onset_yr_2,55965,6.75,TRUE,0.7074,8.0466,"Disability/incompatibility, date onset (yr), MOTHER, REGISTRATION"
c1305_disability_date_onset_compiled_or_regist,c1305,disability_date_onset_compiled_or_regist,55965,6.75,TRUE,1118.0097,10258.8139,"Disability, date onset compiled or registration, MOTHER, REGISTRATION"
c1306_prenatal,c1306,prenatal,55937,6.8,TRUE,0.2918,0.7649,"PRENATAL, ADMINISTRATIVE"
c1306_mother_2,c1306,mother_2,55937,6.8,TRUE,7095536.6993,7559247.6261,"MOTHER, REGISTRATION, MEDICAL HISTORY"
c1306_mother_physical,c1306,mother_physical,55937,6.8,TRUE,261069.0029,300876.1211,"MOTHER, prenatal, physical, PRENATAL, PHYSICAL EXAM"
c1306_mother_preconception_gynecological_histo,c1306,mother_preconception_gynecological_histo,55937,6.8,TRUE,138715.6786,248798.3197,"MOTHER, PRECONCEPTION, GYNECOLOGICAL, HISTORY"
c1306_f9b_hospital_iii_month,c1306,f9b_hospital_iii_month,55937,6.8,TRUE,8.4972,27.1215,F9b_Hospital III_Month
c1306_f9c_hospital_iii_year,c1306,f9c_hospital_iii_year,55937,6.8,TRUE,7.6894,19.5377,F9c_Hospital III_Year
c1306_f10a_hospital_iv_ill_or_disab,c1306,f10a_hospital_iv_ill_or_disab,55937,6.8,TRUE,4.7372,17.5302,F10a_Hospital IV_Ill or disab
c1306_f10b_hospital_iv_month,c1306,f10b_hospital_iv_month,55937,6.8,TRUE,4.9064,21.021,F10b_Hospital IV_Month
c1306_f10c_hospital_iv_year,c1306,f10c_hospital_iv_year,55937,6.8,TRUE,4.5289,15.6711,F10c_Hospital IV_Year
c1306_f11a_hospital_v_ill_or_disab,c1306,f11a_hospital_v_ill_or_disab,55937,6.8,TRUE,2.3004,12.3371,F11a_Hospital V_Ill or disab
c1306_f11b_hospital_v_month,c1306,f11b_hospital_v_month,55937,6.8,TRUE,2.3478,14.7102,F11b_Hospital V_Month
c1306_f11c_hospital_v_year,c1306,f11c_hospital_v_year,55937,6.8,TRUE,2.3193,11.5643,F11c_Hospital V_Year
c2306_f2a2306_month_form_completed,c2306,f2a2306_month_form_completed,55918,6.83,TRUE,6.926,7.4868,F2a2306_Month form completed
c2306_f2b2306_day_form_completed,c2306,f2b2306_day_form_completed,55918,6.83,TRUE,16.0404,10.8109,F2b2306_Day form completed
c2306_f2c2306_year_form_completed,c2306,f2c2306_year_form_completed,55918,6.83,TRUE,62.482,3.3223,F2c2306_Year form completed
c2306_f3_number_radiological_exams,c2306,f3_number_radiological_exams,55918,6.83,TRUE,1.0171,1.3984,F3_Number radiological exams
c2306_f4b_radiologic_exam_i_month,c2306,f4b_radiologic_exam_i_month,55918,6.83,TRUE,7.8591,21.5748,F4b_Radiologic exam I_Month
c2306_f4c_radiologic_exam_i_year,c2306,f4c_radiologic_exam_i_year,55918,6.83,TRUE,30.1287,31.1486,F4c_Radiologic exam I_Year
c2306_f5a_radiologic_exam_ii_chest_and_other,c2306,f5a_radiologic_exam_ii_chest_and_other,55918,6.83,TRUE,0.5783,1.414,F5a_Radiologic exam II_Chest and other
c2306_f5b_radiologic_exam_ii_month,c2306,f5b_radiologic_exam_ii_month,55918,6.83,TRUE,3.8052,17.1053,F5b_Radiologic exam II_Month
c2306_f5c_radiologic_exam_ii_year,c2306,f5c_radiologic_exam_ii_year,55918,6.83,TRUE,9.3871,22.3325,F5c_Radiologic exam II_Year
c2306_f6a_radiologic_exam_iii_chest_and_other,c2306,f6a_radiologic_exam_iii_chest_and_other,55918,6.83,TRUE,0.187,0.8843,F6a_Radiologic exam III_Chest and other
c2306_f6b_radiologic_exam_iii_month,c2306,f6b_radiologic_exam_iii_month,55918,6.83,TRUE,1.6862,12.0699,F6b_Radiologic exam III_Month
c2306_f6c_radiologic_exam_iii_year,c2306,f6c_radiologic_exam_iii_year,55918,6.83,TRUE,2.9632,13.4167,F6c_Radiologic exam III_Year
c2306_x_ray_exposure,c2306,x_ray_exposure,55918,6.83,TRUE,0.2233,1.2611,X-Ray Exposure
c2306_f7a_radiologic_exam_iv_chest_and_other,c2306,f7a_radiologic_exam_iv_chest_and_other,55918,6.83,TRUE,0.0984,0.6837,F7a_Radiologic exam IV_Chest and other
c2306_f7b_radiologic_exam_iv_month,c2306,f7b_radiologic_exam_iv_month,55918,6.83,TRUE,1.0908,9.9767,F7b_Radiologic exam IV_Month
c2306_f7c_radiologic_exam_iv_year,c2306,f7c_radiologic_exam_iv_year,55918,6.83,TRUE,1.4907,9.7948,F7c_Radiologic exam IV_Year
c2306_f8_number_chest_x_rays,c2306,f8_number_chest_x_rays,55918,6.83,TRUE,7.2291,16.969,F8_Number chest x-rays
c2306_f9_number_dental_x_rays,c2306,f9_number_dental_x_rays,55918,6.83,TRUE,4.6075,15.7342,F9_Number dental x-rays
c2306_f10_number_exams_extremities,c2306,f10_number_exams_extremities,55918,6.83,TRUE,1.6046,3.1797,F10_Number exams_extremities
c2306_f11a_exam_of_extremities_i_type_site,c2306,f11a_exam_of_extremities_i_type_site,55918,6.83,TRUE,1.8539,3.2839,F11a_Exam of extremities I_Type_site
c2306_f11b_exam_of_extremities_i_year,c2306,f11b_exam_of_extremities_i_year,55918,6.83,TRUE,22.0066,37.4833,F11b_Exam of extremities I_Year
c2306_f12a_exam_of_extremities_ii_type_site,c2306,f12a_exam_of_extremities_ii_type_site,55918,6.83,TRUE,1.7149,3.2751,F12a_Exam of extremities II_Type_site
c2306_f12b_exam_of_extremities_ii_year,c2306,f12b_exam_of_extremities_ii_year,55918,6.83,TRUE,20.1619,37.1991,F12b_Exam of extremities II_Year
c2306_f13a_exam_of_extremities_iii_type_site,c2306,f13a_exam_of_extremities_iii_type_site,55918,6.83,TRUE,1.435,3.2411,F13a_Exam of extremities III_Type_site
c2306_f13b_exam_of_extremities_iii_year,c2306,f13b_exam_of_extremities_iii_year,55918,6.83,TRUE,16.0722,35.9538,F13b_Exam of extremities III_Year
c2306_f14_number_exams_not_enumerated_above,c2306,f14_number_exams_not_enumerated_above,55918,6.83,TRUE,1.6477,3.1471,F14_Number exams not enumerated above
c2306_f15a_other_exams_i_type_site,c2306,f15a_other_exams_i_type_site,55918,6.83,TRUE,1.7621,3.1937,F15a_Other exams I_Type_site
c2306_f15b_other_exams_i_year,c2306,f15b_other_exams_i_year,55918,6.83,TRUE,23.9242,37.6659,F15b_Other exams I_Year
c2306_f16a_other_exams_ii_type_site,c2306,f16a_other_exams_ii_type_site,55918,6.83,TRUE,1.6154,3.1955,F16a_Other exams II_Type_site
c2306_f16b_other_exams_ii_year,c2306,f16b_other_exams_ii_year,55918,6.83,TRUE,21.1355,37.259,F16b_Other exams II_Year
c2306_f17a_other_exams_iii_type_site,c2306,f17a_other_exams_iii_type_site,55918,6.83,TRUE,1.409,3.2034,F17a_Other exams III_Type_site
c2306_f17b_other_exams_iii_year,c2306,f17b_other_exams_iii_year,55918,6.83,TRUE,16.3104,35.8452,F17b_Other exams III_Year
c2305_number,c2305,number,55697,7.2,TRUE,0.3047,0.8393,"Number, REGISTRATION, ADMINISTRATIVE"
c2305_f2a2305_month_form_completed,c2305,f2a2305_month_form_completed,55697,7.2,TRUE,7.0678,8.3502,F2a2305_Month form completed
c2305_f2b2305_day_form_completed,c2305,f2b2305_day_form_completed,55697,7.2,TRUE,16.1964,11.2899,F2b2305_Day form completed
c2305_f2c2305_year_form_completed,c2305,f2c2305_year_form_completed,55697,7.2,TRUE,62.5475,3.654,F2c2305_Year form completed
c2305_f3a_total_non_confin_ill_or_disabil,c2305,f3a_total_non_confin_ill_or_disabil,55697,7.2,TRUE,1.3278,1.605,F3a_Total non-confin ill or disabil
c2305_form_date_yr,c2305,form_date_yr,55697,7.2,TRUE,0.6079,1.0734,"Form date (yr), REGISTRATION, MEDICAL HISTORY"
c2305_history:_date_base_onset,c2305,history:_date_base_onset,55697,7.2,TRUE,18.7222,31.1284,"History: date, registration, base onset, REGISTRATION, MEDICAL HISTORY"
c2305_history:_date_medical,c2305,history:_date_medical,55697,7.2,TRUE,45.3486,160.5508,"History: date, REGISTRATION, MEDICAL"
c2305_history:_disability:_non_confirmation_mo,c2305,history:_disability:_non_confirmation_mo,55697,7.2,TRUE,2.1027,3.5975,"History: disability: non confirmation, MOTHER, REGISTRATION, MEDICAL"
c2305_history:_recording_confirmation_date_ons,c2305,history:_recording_confirmation_date_ons,55697,7.2,TRUE,19.4052,29.8687,"History: recording confirmation, date onset (yr), MOTHER, REGISTRATION, MEDICAL HISTORY"
c2305_medical_history_recording_confirmation_m,c2305,medical_history_recording_confirmation_m,55697,7.2,TRUE,0.3719,0.9311,"MEDICAL HISTORY, recording confirmation, MOTHER, REGISTRATION, MEDICAL"
c2305_history:_recording_confirmation_investor,c2305,history:_recording_confirmation_investor,55697,7.2,TRUE,0.9916,2.4056,"History: recording confirmation, investor consulted, MOTHER, REGISTRATION"
c2305_history:_recording_confirmation_investor_2,c2305,history:_recording_confirmation_investor_2,55697,7.2,TRUE,0.3847,1.3237,"History: recording confirmation, investor consulted, MOTHER, REGISTRATION"
c2305_history:_last_year_mother,c2305,history:_last_year_mother,55697,7.2,TRUE,0.1876,1.1667,"History: last year, MOTHER, REGISTRATION"
c2305_history:_recording_body_weight_live_moth,c2305,history:_recording_body_weight_live_moth,55697,7.2,TRUE,0.7375,2.0853,"History: recording body/weight, live, MOTHER, REGISTRATION"
c2305_history:_recording_confirmation_date_ons_2,c2305,history:_recording_confirmation_date_ons_2,55697,7.2,TRUE,0.9185,2.6254,"History: recording confirmation, date onset (yr), MOTHER, REGISTRATION"
c2305_history:_recording_confirmation_date_ons_3,c2305,history:_recording_confirmation_date_ons_3,55697,7.2,TRUE,12.34,30.4323,"History: recording confirmation, date onset (yr), MOTHER, REGISTRATION"
c2305_history:_recording_confirmation_consulte,c2305,history:_recording_confirmation_consulte,55697,7.2,TRUE,5.7799,16.4143,"History: recording confirmation/consulted or registration, MOTHER, REGISTRATION"
c2305_history:_registration,c2305,history:_registration,55697,7.2,TRUE,289.8015,978.0392,"History: REGISTRATION, MEDICAL HISTORY"
c2305_disability_incompatibility_recording_con,c2305,disability_incompatibility_recording_con,55697,7.2,TRUE,5802.3153,19575.7039,"Disability/incompatibility, recording confirmation, date onset (yr), MOTHER, REGISTRATION"
c2305_history:_confirmation_date_onset_yr_moth,c2305,history:_confirmation_date_onset_yr_moth,55697,7.2,TRUE,56.0768,218.5235,"History: confirmation, date onset (yr), MOTHER, REGISTRATION, REGISTRATION"
c2305_disability_recording_confirmation_date_o,c2305,disability_recording_confirmation_date_o,55697,7.2,TRUE,0.3062,1.2179,"Disability, recording confirmation, date onset (yr), MOTHER, REGISTRATION"
c2305_f6e_non_confin_ill_disab_iii_dr_consult,c2305,f6e_non_confin_ill_disab_iii_dr_consult,55697,7.2,TRUE,0.1507,0.8088,F6e_Non-confin ill_disab III_Dr consult
c2305_f7_immunization,c2305,f7_immunization,55697,7.2,TRUE,2.1822,3.1037,F7_Immunization
c2305_disability_recording_confirmation_mother,c2305,disability_recording_confirmation_mother,55697,7.2,TRUE,183.5564,361.3032,"Disability, recording confirmation, MOTHER, REGISTRATION"
c2305_disability_recording_confirmation_date_o_2,c2305,disability_recording_confirmation_date_o_2,55697,7.2,TRUE,180.6384,360.4981,"Disability, recording confirmation, date onset (yr), MOTHER, REGISTRATION"
c2305_disability_incompatibility_date_onset_yr,c2305,disability_incompatibility_date_onset_yr,55697,7.2,TRUE,17.0946,35.7255,"Disability/incompatibility, date onset (yr), MOTHER, REGISTRATION"
c2305_disability_date_onset_yr_mother,c2305,disability_date_onset_yr_mother,55697,7.2,TRUE,16.5608,35.8072,"Disability, registration, date onset (yr), MOTHER, REGISTRATION"
c2305_disability_incompatibility_date_onset_yr_2,c2305,disability_incompatibility_date_onset_yr_2,55697,7.2,TRUE,15.8399,35.9853,"Disability/incompatibility, date onset (yr), MOTHER, REGISTRATION"
c2305_disability_date_onset_compiled_or_regist,c2305,disability_date_onset_compiled_or_regist,55697,7.2,TRUE,15978.6869,36361.0054,"Disability, date onset compiled or registration, MOTHER, REGISTRATION"
c2305_f23_immunization,c2305,f23_immunization,8666,85.56,TRUE,0.534,1.0026,F23_Immunization
c2305_f24_antibiotics,c2305,f24_antibiotics,8664,85.56,TRUE,0.304,1.0881,F24_Antibiotics
c2305_f25_other_injection,c2305,f25_other_injection,8664,85.56,TRUE,0.2657,1.1257,F25_Other injection
c2305_f26_unknown_type_of_injection,c2305,f26_unknown_type_of_injection,8664,85.56,TRUE,0.2801,1.3093,F26_Unknown type of injection
c2305_f27_antibiotic_other,c2305,f27_antibiotic_other,8664,85.56,TRUE,0.2984,1.3154,F27_Antibiotic_Other
c2305_f28_laxatives,c2305,f28_laxatives,8664,85.56,TRUE,0.4312,0.9003,F28_Laxatives
c2305_f29_sleeping_pills,c2305,f29_sleeping_pills,8664,85.56,TRUE,0.146,0.8697,F29_Sleeping pills
c2305_f30_tranquilizers,c2305,f30_tranquilizers,8664,85.56,TRUE,0.1393,0.9136,F30_Tranquilizers
c2305_f31_pep_or_diet_pills,c2305,f31_pep_or_diet_pills,8664,85.56,TRUE,0.1421,0.9327,F31_Pep or diet pills
c2305_f32_headache_pills_or_powder,c2305,f32_headache_pills_or_powder,8664,85.56,TRUE,0.7372,0.9221,F32_Headache pills or powder
c2305_f33_nose_drops_or_inhalers,c2305,f33_nose_drops_or_inhalers,8664,85.56,TRUE,0.2471,1.0208,F33_Nose drops or inhalers
c2305_f34_antihistamines,c2305,f34_antihistamines,8664,85.56,TRUE,0.2164,1.1725,F34_Antihistamines
c2305_f35_other_type_medication,c2305,f35_other_type_medication,8664,85.56,TRUE,0.7222,1.4901,F35_Other type medication
c0308_f6_felt_sick_in_any_way,c0308,f6_felt_sick_in_any_way,55367,7.75,TRUE,6.4153,1.9251,F6_Felt sick in any way
c0308_f7_headache,c0308,f7_headache,55367,7.75,TRUE,0.4584,1.0217,F7_Headache
c0308_f8_visual_disturbance,c0308,f8_visual_disturbance,55367,7.75,TRUE,0.1874,1.0114,F8_Visual disturbance
c0308_f9_weakness_numbness_dizziness,c0308,f9_weakness_numbness_dizziness,55367,7.75,TRUE,0.3391,1.0247,"F9_Weakness, numbness, dizziness"
c0308_f10_vomiting,c0308,f10_vomiting,55367,7.75,TRUE,0.3371,1.1137,F10_Vomiting
c0308_f11_pain_abdomen_pelvis_back,c0308,f11_pain_abdomen_pelvis_back,55367,7.75,TRUE,0.5576,0.982,"F11_Pain_abdomen, pelvis, back"
c0308_prenatal_visits,c0308,prenatal_visits,55367,7.75,TRUE,2110535.0551,10961847.9793,""
c0308_fever_by_trimester,c0308,fever_by_trimester,55367,7.75,TRUE,41143.5403,111768.7105,Fever by Trimester
c0308_f20_cold_sores,c0308,f20_cold_sores,55367,7.75,TRUE,0.1267,0.9627,F20_Cold sores
c0308_f21_boils_or_abscessed_teeth,c0308,f21_boils_or_abscessed_teeth,55367,7.75,TRUE,0.1315,0.9884,F21_Boils or abscessed teeth
c0308_f22_earache,c0308,f22_earache,55367,7.75,TRUE,0.1334,0.9839,F22_Earache
c0308_f23_swelling_of_feet_or_legs,c0308,f23_swelling_of_feet_or_legs,55367,7.75,TRUE,0.3502,1.0272,F23_Swelling of feet or legs
c0308_f24_swelling_of_hands_or_feet,c0308,f24_swelling_of_hands_or_feet,55367,7.75,TRUE,0.1768,0.9884,F24_Swelling of hands or feet
c0308_f25_vaginal_bleeding,c0308,f25_vaginal_bleeding,55367,7.75,TRUE,0.1809,1.0701,F25_Vaginal bleeding
c0308_f26_fainting,c0308,f26_fainting,55367,7.75,TRUE,0.1147,0.961,F26_Fainting
c0308_f27_convulsions,c0308,f27_convulsions,55367,7.75,TRUE,0.1041,0.9584,F27_Convulsions
c0308_f28_accident_poison_injury,c0308,f28_accident_poison_injury,55367,7.75,TRUE,0.135,0.9684,"F28_Accident, poison, injury"
c0308_f29_operation,c0308,f29_operation,55367,7.75,TRUE,0.1113,0.9682,F29_Operation
c0308_f30_radiation_x_ray,c0308,f30_radiation_x_ray,55367,7.75,TRUE,0.26,1.0057,"F30_Radiation, x-ray"
c0308_f31_air_travel,c0308,f31_air_travel,55367,7.75,TRUE,0.1117,0.9822,F31_Air travel
c0308_f32_injection_vaccination,c0308,f32_injection_vaccination,55367,7.75,TRUE,0.1965,0.9988,"F32_Injection, vaccination"
c0308_f33_infectious_disease_in_home,c0308,f33_infectious_disease_in_home,55367,7.75,TRUE,0.207,1.0119,F33_Infectious disease in home
c0308_f34_sick_pet_in_home,c0308,f34_sick_pet_in_home,55367,7.75,TRUE,0.1279,0.9942,F34_Sick pet in home
c0308_f35_works_outside_home,c0308,f35_works_outside_home,55367,7.75,TRUE,0.2604,1.0682,F35_Works outside home
c0308_f36_intercourse_freq_last_month,c0308,f36_intercourse_freq_last_month,55367,7.75,TRUE,8.6282,21.7822,F36_Intercourse freq last month
c0308_f39_medication_taken,c0308,f39_medication_taken,55367,7.75,TRUE,0.5519,1.1507,F39_Medication taken
c0308_f40_physician_visited,c0308,f40_physician_visited,55367,7.75,TRUE,0.2527,1.2746,F40_Physician visited
c1505_chip_number_continuation_mother,c1505,chip_number_continuation_mother,54868,8.58,TRUE,1e-04,0.0213,"CHIP NUMBER (CONTINUATION), MOTHER"
c1505_age_date_of_birth_mother,c1505,age_date_of_birth_mother,54868,8.58,TRUE,310.5467,381.7588,"AGE, DATE OF BIRTH, MOTHER, FAMILY"
c1505_race_mother,c1505,race_mother,54868,8.58,TRUE,39.6525,34.2304,"RACE, MOTHER"
c1505_socioeconomic_reproductive_reproductive,c1505,socioeconomic_reproductive_reproductive,54868,8.58,TRUE,2852.4271,3957.2095,"SOCIOECONOMIC/REPRODUCTIVE, REPRODUCTIVE"
c1505_history_past_medical,c1505,history_past_medical,54868,8.58,TRUE,71.5426,15.2093,"HISTORY, PAST, MEDICAL, GENERAL"
c1505_reproductive_history_mother_total_number,c1505,reproductive_history_mother_total_number,54868,8.58,TRUE,2.225,2.4172,"REPRODUCTIVE HISTORY, MOTHER, TOTAL NUMBER"
c1505_reproductive_history_mother_total_number_2,c1505,reproductive_history_mother_total_number_2,39489,34.2,TRUE,0.6263,2.2072,"REPRODUCTIVE HISTORY, MOTHER, TOTAL NUMBER, STILL ALIVE"
c1505_reproductive_history_full_total_number,c1505,reproductive_history_full_total_number,39485,34.21,TRUE,0.0731,0.3187,"REPRODUCTIVE HISTORY, FULL, TOTAL NUMBER"
c1505_reproductive_history_full_total_number_s,c1505,reproductive_history_full_total_number_s,39485,34.21,TRUE,0.0065,0.0942,"REPRODUCTIVE HISTORY, FULL, TOTAL NUMBER, STILL ALIVE"
c1505_reproductive_history,c1505,reproductive_history,39485,34.21,TRUE,1.9572,1.8098,REPRODUCTIVE HISTORY
c1505_history_preconception_mother_preconcepti,c1505,history_preconception_mother_preconcepti,39485,34.21,TRUE,11.2631,12.5512,"HISTORY, PRECONCEPTION, MOTHER, PRECONCEPTION, REPRODUCTIVE HISTORY"
c1505_fetal_death_total_number_aborting_full_m,c1505,fetal_death_total_number_aborting_full_m,39485,34.21,TRUE,0.9899,1.2085,"FETAL DEATH, TOTAL NUMBER ABORTING FULL, MOTHER, PRECONCEPTION, REPRODUCTIVE HISTORY"
c1505_history_re_visit_7_mo_plus_prior_preconc,c1505,history_re_visit_7_mo_plus_prior_preconc,39485,34.21,TRUE,3.7638,7.0692,"HISTORY, NEONATAL, RE-VISIT, 7 MO.-PLUS/PRIOR, PRECONCEPTION, REPRODUCTIVE HISTORY"
c1505_history_preconception_total_number_ectop,c1505,history_preconception_total_number_ectop,39485,34.21,TRUE,0.7666,1.4455,"HISTORY, PRECONCEPTION, TOTAL NUMBER, ECTOPIC"
c1505_preconception_congenital_anomalies_total,c1505,preconception_congenital_anomalies_total,39485,34.21,TRUE,0.6648,3.5894,"PRECONCEPTION, FAMILY, CONGENITAL ANOMALIES, TOTAL NUMBER, SIBLINGS, HISTORY, FAMILY OR GENETIC"
c1505_preconception_or_genetic_history_total_n,c1505,preconception_or_genetic_history_total_n,39485,34.21,TRUE,0.5419,4.826,"PRECONCEPTION, FAMILY OR GENETIC HISTORY, TOTAL NUMBER, SIBLINGS, GENETIC ABNORMALITIES"
c1505_death_total_preconception_total_number_s,c1505,death_total_preconception_total_number_s,39485,34.21,TRUE,0.8738,5.6472,"DEATH, TOTAL, PRECONCEPTION, TOTAL NUMBER, SIBLINGS, PRECONCEPTION"
c1505_preconception_or_genetic,c1505,preconception_or_genetic,39485,34.21,TRUE,0.0392,0.481,"PRECONCEPTION, FAMILY OR GENETIC"
c1505_preconception_mental_retardation_sibling,c1505,preconception_mental_retardation_sibling,39485,34.21,TRUE,0.0452,0.4805,"PRECONCEPTION, MENTAL RETARDATION, SIBLINGS, FAMILY OR GENETIC"
c1505_preconception_or_genetic_history_total_n_2,c1505,preconception_or_genetic_history_total_n_2,39485,34.21,TRUE,0.5361,4.8249,"PRECONCEPTION, FAMILY OR GENETIC HISTORY, TOTAL NUMBER, SIBLING"
c1505_preconception_total_number_siblings_hist,c1505,preconception_total_number_siblings_hist,39485,34.21,TRUE,0.8695,3.9989,"PRECONCEPTION, FAMILY, TOTAL NUMBER, SIBLINGS, HISTORY, FAMILY OR GENETIC"
c1505_registration_sibling_naif_total_number,c1505,registration_sibling_naif_total_number,39485,34.21,TRUE,0.0264,0.1912,"REGISTRATION, SIBLING NAIF, TOTAL NUMBER"
c1505_registration_reproductive_total_number_s,c1505,registration_reproductive_total_number_s,39485,34.21,TRUE,0.853,2.5031,"REGISTRATION, REPRODUCTIVE, TOTAL NUMBER, SIBLINGS, PRECONCEPTION, FAMILY OF GENETIC, ABNORMALITY"
c1505_death_group_level_preconception_total_nu,c1505,death_group_level_preconception_total_nu,39485,34.21,TRUE,5.9231,12.7173,"DEATH, GROUP LEVEL, PRECONCEPTION, TOTAL NUMBER, SIBLINGS"
c1505_chip_number_sequence_form_number_form_ty,c1505,chip_number_sequence_form_number_form_ty,39485,34.21,TRUE,59.5543,127.8306,"CHIP NUMBER (SEQUENCE, FORM NUMBER, FORM TYPE, STATION NUMBER)"
c1505_utilization_cont_number_of_sibling_of_ge,c1505,utilization_cont_number_of_sibling_of_ge,39485,34.21,TRUE,0.0348,0.3241,"UTILIZATION (CONT), NUMBER OF SIBLING OF GENERATION, TOTAL NUMBER, PRECONCEPTION"
c1505_institutionalization_congenital_abnormal,c1505,institutionalization_congenital_abnormal,39485,34.21,TRUE,0.6712,3.4978,"INSTITUTIONALIZATION, CONGENITAL ABNORMALITY, SIBLINGS, PRECONCEPTION, FAMILY OF GENETIC, HISTORY"
c1505_preconception_or_genetic_history_sibling,c1505,preconception_or_genetic_history_sibling,39485,34.21,TRUE,0.3229,0.8116,"PRECONCEPTION, FAMILY OR GENETIC HISTORY, SIBLINGS, TOTAL NUMBERS"
c1505_reproductive_total_number_siblings_preco,c1505,reproductive_total_number_siblings_preco,39485,34.21,TRUE,3.543,8.5537,"REPRODUCTIVE, TOTAL NUMBER, SIBLINGS, PRECONCEPTION, FAMILY OR GENETIC"
c1505_preconception_total_number_siblings_prec,c1505,preconception_total_number_siblings_prec,39485,34.21,TRUE,0.3137,0.7974,"PRECONCEPTION, TOTAL NUMBER, SIBLINGS, PRECONCEPTION, FAMILY OR GENETIC HISTORY"
c1505_living_within_an_institution_siblings_pr,c1505,living_within_an_institution_siblings_pr,39485,34.21,TRUE,3.2292,8.1618,"LIVING WITHIN AN INSTITUTION, SIBLINGS, PRECONCEPTION, FAMILY OR GENETIC"
c1505_preconception_total_number_mental_genera,c1505,preconception_total_number_mental_genera,39485,34.21,TRUE,1.1418,4.4976,"PRECONCEPTION, TOTAL NUMBER, MENTAL GENERATION, TOTAL NUMBER, SIBLINGS, PRECONCEPTION, FAMILY OR GENETIC"
c1505_living_total_number_siblings_preconcepti,c1505,living_total_number_siblings_preconcepti,39485,34.21,TRUE,11.8147,45.4042,"LIVING, TOTAL NUMBER, SIBLINGS, PRECONCEPTION, REPRODUCTIVE HISTORY"
c1505_identification_sibling_number_preconcept,c1505,identification_sibling_number_preconcept,39485,34.21,TRUE,2.6087,7.1138,"IDENTIFICATION, SIBLING, GENERAL, NUMBER, PRECONCEPTION, FAMILY OR GENETIC"
c1505_preconception_dental_separation_total_nu,c1505,preconception_dental_separation_total_nu,39485,34.21,TRUE,0.3967,1.0725,"PRECONCEPTION, DENTAL SEPARATION, TOTAL NUMBER, SIBLINGS, MOTHER"
c1505_infant_condition_report_history_total_nu,c1505,infant_condition_report_history_total_nu,39485,34.21,TRUE,4.004,10.8778,"INFANT CONDITION, REPORT, HISTORY, TOTAL NUMBER, SIBLINGS"
c1505_general_reference_generation_history_tot,c1505,general_reference_generation_history_tot,39485,34.21,TRUE,0.0371,0.4299,"GENERAL, REFERENCE, GENERATION, HISTORY, TOTAL NUMBER, SIBLINGS, PRECONCEPTION"
c1505_preconception_or_genetic_history_total_n_3,c1505,preconception_or_genetic_history_total_n_3,39485,34.21,TRUE,0.4068,4.6719,"PRECONCEPTION, FAMILY OR GENETIC HISTORY, TOTAL NUMBER, SIBLINGS"
c1505_general_of_genetic_history_total_number,c1505,general_of_genetic_history_total_number,39485,34.21,TRUE,0.0356,0.4241,"GENERAL, FAMILY OF GENETIC, HISTORY, TOTAL NUMBER, SIBLING, PRECONCEPTION"
c1505_preconception_or_genetic_history_stillbo,c1505,preconception_or_genetic_history_stillbo,39485,34.21,TRUE,0.2496,4.316,"PRECONCEPTION, FAMILY OR GENETIC HISTORY, STILLBORN, TOTAL NUMBER, SIBLINGS, PRECONCEPTION"
c1505_history_total_number_pregnancy_total_num,c1505,history_total_number_pregnancy_total_num,39485,34.21,TRUE,0.8636,8.2511,"HISTORY, TOTAL NUMBER, PREGNANCY, TOTAL NUMBER, SIBLING, PRECONCEPTION"
c1505_preconception_or_genetic_history_total_n_4,c1505,preconception_or_genetic_history_total_n_4,39485,34.21,TRUE,0.7238,8.0893,"PRECONCEPTION, FAMILY OR GENETIC HISTORY, TOTAL NUMBER, SIBLING, PRECONCEPTION"
c1505_preconception_or_genetic_history_total_n_5,c1505,preconception_or_genetic_history_total_n_5,39485,34.21,TRUE,3.943,7.8991,"PRECONCEPTION, FAMILY OR GENETIC HISTORY, TOTAL NUMBER, SIBLING"
c1505_preconception_or_genetic_history_total_n_6,c1505,preconception_or_genetic_history_total_n_6,39485,34.21,TRUE,2.6578,2.2208,"PRECONCEPTION, FAMILY OR GENETIC HISTORY, TOTAL NUMBER"
c1505_lindner_female_mother_preconception_repr,c1505,lindner_female_mother_preconception_repr,39485,34.21,TRUE,1.3499,1.3219,"LINDNER, FEMALE, MOTHER, PRECONCEPTION, REPRODUCTIVE HISTORY"
c1505_history_total_number_sibling_preconcepti,c1505,history_total_number_sibling_preconcepti,39485,34.21,TRUE,13.3685,13.4372,"HISTORY, TOTAL NUMBER, SIBLING, PRECONCEPTION, FAMILY OR GENETIC HISTORY"
c1505_findings_preconception_reproductive_hist,c1505,findings_preconception_reproductive_hist,39485,34.21,TRUE,1351.7924,1348.2896,"FINDINGS, PRECONCEPTION, REPRODUCTIVE HISTORY, SIBLINGS, FAMILY OR GENETIC"
c1505_description_or_genetic_history_sibling_t,c1505,description_or_genetic_history_sibling_t,39485,34.21,TRUE,14.9429,10.4455,"DESCRIPTION, FAMILY OR GENETIC HISTORY, SIBLING, TOTAL NUMBER, PRECONCEPTION"
c1505_findings_mother_type_cont,c1505,findings_mother_type_cont,39485,34.21,TRUE,0.0983,0.5412,"FINDINGS, MOTHER, TYPE (CONT)"
c1505_genetic_history_history_of_case_total_nu,c1505,genetic_history_history_of_case_total_nu,39485,34.21,TRUE,1.0544,5.7779,"GENETIC HISTORY, HISTORY OF CASE, TOTAL NUMBER, SIBLINGS, PRECONCEPTION"
c1505_mother_of_genetic_history,c1505,mother_of_genetic_history,39485,34.21,TRUE,0.0715,0.4986,"MOTHER, GENERAL, FAMILY OF GENETIC HISTORY"
c1505_parental_history_genetic_history_total_n,c1505,parental_history_genetic_history_total_n,39485,34.21,TRUE,0.7764,5.0733,"PARENTAL HISTORY, GENETIC HISTORY, TOTAL NUMBER, SIBLINGS, PRECONCEPTION, FAMILY OR GENETIC"
c1505_history_of_gestation_transport_full_hous,c1505,history_of_gestation_transport_full_hous,39485,34.21,TRUE,0.0617,0.592,"HISTORY OF GESTATION, TRANSPORT, FULL HOUSEHOLD, MOTHER, GENERAL"
c1505_genetic_history_total_number_28_cases_pr,c1505,genetic_history_total_number_28_cases_pr,39485,34.21,TRUE,0.1584,0.6795,"GENETIC HISTORY, TOTAL NUMBER 28 CASES, PRECONCEPTION"
c1505_sibling_total_number_preconception_or_ge,c1505,sibling_total_number_preconception_or_ge,39485,34.21,TRUE,0.1603,0.9007,"SIBLING, TOTAL NUMBER, PRECONCEPTION, FAMILY OR GENETIC"
c1505_general_mother,c1505,general_mother,39485,34.21,TRUE,1.7084,9.8043,"GENERAL, MEDICAL HISTORY, MOTHER, GENERAL"
c1505_preconception_total_number_sibling_preco_2,c1505,preconception_total_number_sibling_preco_2,39485,34.21,TRUE,1.1596,9.4582,"PRECONCEPTION, TOTAL NUMBER, SIBLING, PRECONCEPTION, FAMILY OR GENETIC, HISTORY"
c1505_general_of_genetic_history,c1505,general_of_genetic_history,39485,34.21,TRUE,1.1316,9.4647,"GENERAL, FAMILY OF GENETIC HISTORY"
c1505_preconception_or_genetic_history_total_n_7,c1505,preconception_or_genetic_history_total_n_7,39485,34.21,TRUE,0.1145,0.8729,"PRECONCEPTION, FAMILY OR GENETIC, HISTORY, TOTAL NUMBER, SIBLING"
c3505_f03_3505,c3505,f03_3505,54847,8.61,TRUE,0.1656,1.1775,f03_3505
c3505_f04_3505,c3505,f04_3505,54847,8.61,TRUE,1.9794,1.9258,f04_3505
c3505_f05_3505,c3505,f05_3505,54847,8.61,TRUE,1.958,1.9251,f05_3505
c3505_f06_3505,c3505,f06_3505,54847,8.61,TRUE,1.5699,1.7675,f06_3505
c3505_f07_3505,c3505,f07_3505,54847,8.61,TRUE,0.0952,0.7734,f07_3505
c3505_f08_3505,c3505,f08_3505,54847,8.61,TRUE,2e-04,0.0389,f08_3505
c3505_f09_3505,c3505,f09_3505,54847,8.61,TRUE,28.7489,11.0575,f09_3505
c3505_compatibility_of_gravida_and_father_of_b,c3505,compatibility_of_gravida_and_father_of_b,54847,8.61,TRUE,0.0781,0.8042,"COMPATIBILITY OF GRAVIDA AND FATHER OF BABY, REGISTRATION, FAMILY OR GENETIC"
c3505_months_on_father_livebirth_full_semester,c3505,months_on_father_livebirth_full_semester,54847,8.61,TRUE,25.6423,27.1945,"MONTHS ON FATHER, LIVEBIRTH, FULL SEMESTER, FATHER"
c3505_general,c3505,general,54847,8.61,TRUE,27.0677,42.0766,"CHILD, GENERAL, EVENT"
c3505_general_2,c3505,general_2,54847,8.61,TRUE,270.7154,420.7724,"CHILD, GENERAL, EVENT"
c3505_general_3,c3505,general_3,54847,8.61,TRUE,0.0386,0.4655,"CHILD, GENERAL, EVENT"
c3505_medical_history,c3505,medical_history,54847,8.61,TRUE,472.4075,4849.9985,"MEDICAL HISTORY, GENERAL, ADMINISTRATIVE"
c3505_findings_of_gravida_in_study,c3505,findings_of_gravida_in_study,54847,8.61,TRUE,8.4311,61.0934,"FINDINGS OF GRAVIDA IN STUDY, GENERAL, ADMINISTRATIVE"
c3505_general_of_genetic_history,c3505,general_of_genetic_history,54847,8.61,TRUE,5.1732,16.528,"GENERAL, FAMILY OF GENETIC HISTORY"
c3505_genetic_history_mother,c3505,genetic_history_mother,54847,8.61,TRUE,23.0196,38.8736,"GENETIC HISTORY, GENERAL, MOTHER"
c3505_general_of_genetic_history_2,c3505,general_of_genetic_history_2,54847,8.61,TRUE,0.8296,5.3114,"GENERAL, FAMILY OF GENETIC HISTORY"
c3505_general_or_genetic_history_father,c3505,general_or_genetic_history_father,54847,8.61,TRUE,4.6704,15.5542,"GENERAL, FAMILY OR GENETIC HISTORY, FATHER"
c3505_general_of_genetic_history_3,c3505,general_of_genetic_history_3,54847,8.61,TRUE,2.2584,3.8076,"GENERAL, FAMILY OF GENETIC HISTORY"
c3505_general_of_genetic_history_4,c3505,general_of_genetic_history_4,54847,8.61,TRUE,22.6804,38.1006,"GENERAL, FAMILY OF GENETIC HISTORY"
c3505_general_or_genetic_history_father_2,c3505,general_or_genetic_history_father_2,54847,8.61,TRUE,1.2771,6.9063,"GENERAL, FAMILY OR GENETIC HISTORY, FATHER"
c3505_history_siblings_of_gravida_mother,c3505,history_siblings_of_gravida_mother,54847,8.61,TRUE,0.3107,1.5166,"HISTORY, GENERAL, SIBLINGS OF GRAVIDA, MOTHER"
c3505_general_5,c3505,general_5,54847,8.61,TRUE,5.4064,16.6815,"CHILD, GENERAL, PROCEDURE"
c3505_general_of_genetic_history_mother,c3505,general_of_genetic_history_mother,54847,8.61,TRUE,2.299,3.9057,"GENERAL, FAMILY OF GENETIC HISTORY, MOTHER"
c3505_general_of_genetic_history_mother_2,c3505,general_of_genetic_history_mother_2,54847,8.61,TRUE,23.089,39.109,"GENERAL, FAMILY OF GENETIC HISTORY, MOTHER"
c3505_compatibility_siblings_of_gravida_mother,c3505,compatibility_siblings_of_gravida_mother,54847,8.61,TRUE,1.2758,8.7643,"COMPATIBILITY, GENERAL, SIBLINGS OF GRAVIDA, MOTHER"
c3505_general_of_genetic_history_8,c3505,general_of_genetic_history_8,54847,8.61,TRUE,14.986,88.0745,"GENERAL, FAMILY OF GENETIC HISTORY"
c3505_medical_history_2,c3505,medical_history_2,54847,8.61,TRUE,2.2276,3.8485,"MEDICAL HISTORY, GENERAL"
c3505_general_of_genetic_history_9,c3505,general_of_genetic_history_9,54847,8.61,TRUE,22.3053,38.4934,"GENERAL, FAMILY OF GENETIC HISTORY"
c3505_genetic_history_of_genetic_mother,c3505,genetic_history_of_genetic_mother,54847,8.61,TRUE,0.0292,0.404,"GENETIC HISTORY, MEDICAL HISTORY, GENERAL, FAMILY OF GENETIC, MOTHER, GENERAL"
c3505_general_of_genetic_history_father,c3505,general_of_genetic_history_father,54847,8.61,TRUE,0.5232,4.4227,"GENERAL, FAMILY OF GENETIC HISTORY, FATHER"
c3505_general_genetic_congenital_characteristi,c3505,general_genetic_congenital_characteristi,54847,8.61,TRUE,0.2313,1.3574,"GENERAL, GENETIC/CONGENITAL CHARACTERISTICS, SIBLINGS, GENERAL, FAMILY OF GENETIC HISTORY"
c3505_general_father_living_or_dead_mother,c3505,general_father_living_or_dead_mother,54847,8.61,TRUE,4.5745,14.9763,"GENERAL, FATHER, LIVING OR DEAD, MOTHER, GENERAL"
c3505_general_6,c3505,general_6,54847,8.61,TRUE,2.2619,3.9033,"CHILD, GENERAL, PROCEDURE"
c3505_general_of_genetic_history_mother_3,c3505,general_of_genetic_history_mother_3,54847,8.61,TRUE,22.7345,39.0345,"GENERAL, FAMILY OF GENETIC HISTORY, MOTHER"
c3505_general_father_of_genetic_history,c3505,general_father_of_genetic_history,54847,8.61,TRUE,227.6362,390.6215,"GENERAL, FATHER, FAMILY OF GENETIC HISTORY"
c3505_general_of_genetic_history_11,c3505,general_of_genetic_history_11,54847,8.61,TRUE,1.4434,8.5086,"GENERAL, FAMILY OF GENETIC HISTORY"
c3505_general_of_genetic_history_father_2,c3505,general_of_genetic_history_father_2,54847,8.61,TRUE,0.2913,1.5026,"GENERAL, FAMILY OF GENETIC HISTORY, FATHER"
c3505_general_number_referred_to_in_record_of,c3505,general_number_referred_to_in_record_of,54847,8.61,TRUE,28.265,40.579,"GENERAL, NUMBER REFERRED TO IN RECORD OF CONSENTE, MOTHER"
c3505_utilization_father_of_baby_number_referr,c3505,utilization_father_of_baby_number_referr,54847,8.61,TRUE,53.1841,43.2995,"UTILIZATION, FATHER OF BABY, NUMBER REFERRED TO IN RECORD OF CONSENTE, FATHER"
c3505_general_of_genetic_history_siblings_of_g,c3505,general_of_genetic_history_siblings_of_g,54847,8.61,TRUE,0.1548,1.9544,"GENERAL, FAMILY OF GENETIC HISTORY, SIBLINGS OF GRAVIDA"
c3505_general_environmental_exposure_mother,c3505,general_environmental_exposure_mother,54847,8.61,TRUE,0.0347,0.4638,"GENERAL, ENVIRONMENTAL/EXPOSURE, MOTHER"
c3505_general_or_genetic_history_father_4,c3505,general_or_genetic_history_father_4,54847,8.61,TRUE,0.6658,2.339,"GENERAL, FAMILY OR GENETIC HISTORY, FATHER"
c3505_utilization_of_gravida_number_referred_t,c3505,utilization_of_gravida_number_referred_t,54847,8.61,TRUE,7.3413,25.6954,"UTILIZATION OF GRAVIDA, NUMBER REFERRED TO IN RECORD OF CONSENTE, FATHER"
c3505_generation_descriptive_genetic_history_o,c3505,generation_descriptive_genetic_history_o,54847,8.61,TRUE,73.8129,257.9418,"GENERATION, DESCRIPTIVE, GENETIC HISTORY, GENERAL, FAMILY OR GENETIC HISTORY, TOTAL, FATHER"
c3505_general_8,c3505,general_8,54847,8.61,TRUE,0.6833,2.3511,GENERAL
c3505_general_of_genetic_history_mother_4,c3505,general_of_genetic_history_mother_4,54847,8.61,TRUE,0.3998,1.8271,"GENERAL, FAMILY OF GENETIC HISTORY, MOTHER"
c3505_general_9,c3505,general_9,54847,8.61,TRUE,5.4189,19.5845,GENERAL
c3505_generation_father_father_of_baby_or_husb,c3505,generation_father_father_of_baby_or_husb,54847,8.61,TRUE,1.4212,3.2657,"GENERATION, FATHER, FATHER OF BABY OR HUSBAND, MOTHER, GENERAL, FATHER"
c3505_general_of_genetic_history_12,c3505,general_of_genetic_history_12,54847,8.61,TRUE,17.4413,35.2407,"GENERAL, FAMILY OF GENETIC HISTORY"
c3505_preconception_father_or_genetic,c3505,preconception_father_or_genetic,54847,8.61,TRUE,3.2294,4.2986,"PRECONCEPTION, FATHER, GENERAL, MEDICAL HISTORY, FAMILY OR GENETIC"
c3505_general_of_genetic_history_13,c3505,general_of_genetic_history_13,54847,8.61,TRUE,32.6751,43.4604,"GENERAL, FAMILY OF GENETIC HISTORY"
c3505_general_or_genetic_history_3,c3505,general_or_genetic_history_3,54847,8.61,TRUE,5.3945,19.5261,"GENERAL, FAMILY OR GENETIC HISTORY"
c3505_general_of_genetic_history_14,c3505,general_of_genetic_history_14,54847,8.61,TRUE,19.251,36.846,"GENERAL, FAMILY OF GENETIC HISTORY"
c3505_medical_history_or_genetic,c3505,medical_history_or_genetic,54847,8.61,TRUE,36.8339,46.3254,"MEDICAL HISTORY, GENERAL, FAMILY OR GENETIC"
c3505_general_of_genetic_history_15,c3505,general_of_genetic_history_15,54847,8.61,TRUE,27.0218,41.0046,"GENERAL, FAMILY OF GENETIC HISTORY"
c3505_general_11,c3505,general_11,54847,8.61,TRUE,1.6911,3.4922,GENERAL
c3505_descriptive_generation_father_genetic_to,c3505,descriptive_generation_father_genetic_to,54847,8.61,TRUE,3.4831,4.3787,"DESCRIPTIVE, GENERATION, FATHER, GENETIC, TOTAL NUMBER, FATHER, GENERAL"
c3505_general_of_genetic_history_16,c3505,general_of_genetic_history_16,54847,8.61,TRUE,37.2158,46.7962,"GENERAL, FAMILY OF GENETIC HISTORY"
c3505_general_of_genetic_history_father_5,c3505,general_of_genetic_history_father_5,54847,8.61,TRUE,2.3849,3.9617,"GENERAL, FAMILY OF GENETIC HISTORY, FATHER, GENERAL"
c3505_general_of_genetic_history_17,c3505,general_of_genetic_history_17,54847,8.61,TRUE,25.3534,40.0723,"GENERAL, FAMILY OF GENETIC HISTORY"
c3505_general_of_genetic_history_father_6,c3505,general_of_genetic_history_father_6,54847,8.61,TRUE,18.3429,35.9898,"GENERAL, FAMILY OF GENETIC HISTORY, FATHER"
c3505_general_of_genetic_history_19,c3505,general_of_genetic_history_19,54847,8.61,TRUE,3.3033,4.3273,"GENERAL, FAMILY OF GENETIC, HISTORY"
c3505_general_of_genetic_history_20,c3505,general_of_genetic_history_20,54847,8.61,TRUE,4.7911,18.6333,"GENERAL, FAMILY OF GENETIC HISTORY"
c3505_genetic_history_medical_father_of_geneti,c3505,genetic_history_medical_father_of_geneti,54847,8.61,TRUE,32.2916,43.5137,"GENETIC HISTORY, MEDICAL, FATHER, GENERAL, FAMILY OF GENETIC"
c3505_descriptive_generation_father_of_genetic,c3505,descriptive_generation_father_of_genetic,54847,8.61,TRUE,17.9466,35.5335,"DESCRIPTIVE, GENERATION, FATHER, FAMILY OF GENETIC HISTORY"
c3505_general_number_referred_to_in_record_mot_2,c3505,general_number_referred_to_in_record_mot_2,54847,8.61,TRUE,8.9817,26.4872,"GENERAL, NUMBER REFERRED TO IN RECORD, MOTHER, FAMILY, REGISTRATION"
c3505_general_or_genetic_history_total_numbers,c3505,general_or_genetic_history_total_numbers,54847,8.61,TRUE,89.8327,264.8712,"GENERAL, FAMILY OR GENETIC HISTORY, TOTAL NUMBERS"
c3505_institution_sibling_consenting_parentage,c3505,institution_sibling_consenting_parentage,54847,8.61,TRUE,0.044,0.7772,"INSTITUTION, SIBLING/CONSENTING PARENTAGE OF GRAVIDA, REGISTRATION, MOTHER, FAMILY OF GENETIC HISTORY"
c3505_number_referred_to_in_record_of_consente,c3505,number_referred_to_in_record_of_consente,12839,78.61,TRUE,1.1795,9.8318,"NUMBER REFERRED TO IN RECORD OF CONSENTE, FATHER"
c3505_general_of_genetic_history_mother_5,c3505,general_of_genetic_history_mother_5,12827,78.63,TRUE,0.1133,0.9843,"GENERAL, FAMILY OF GENETIC HISTORY, MOTHER, REGISTRATION"
c1408_f05a1408,c1408,f05a1408,54816,8.66,TRUE,6.6058,3.4336,f05a1408
c1408_f05b1408,c1408,f05b1408,54816,8.66,TRUE,15.7053,8.7524,f05b1408
c1408_f05c1408,c1408,f05c1408,54816,8.66,TRUE,62.5233,1.9393,f05c1408
c1408_f06a1408,c1408,f06a1408,54816,8.66,TRUE,6.6069,3.4392,f06a1408
c1408_f06b1408,c1408,f06b1408,54816,8.66,TRUE,15.7768,8.7617,f06b1408
c1408_f06c1408,c1408,f06c1408,54816,8.66,TRUE,62.5397,1.9401,f06c1408
c1408_f11_1408,c1408,f11_1408,54816,8.66,TRUE,2.7954,1.5094,f11_1408
c1408_f12_1408,c1408,f12_1408,54816,8.66,TRUE,1.1693,2.6887,f12_1408
c1408_f13_1408,c1408,f13_1408,54816,8.66,TRUE,0.6129,1.7188,f13_1408
c1408_f14_1408,c1408,f14_1408,54816,8.66,TRUE,0.0252,0.1842,f14_1408
c1408_f15_1408,c1408,f15_1408,54816,8.66,TRUE,0.0347,0.2049,f15_1408
c1408_f16_1408,c1408,f16_1408,54816,8.66,TRUE,0.0109,0.1261,f16_1408
c1408_f17_1408,c1408,f17_1408,54816,8.66,TRUE,0.0205,0.153,f17_1408
c1408_f18_1408,c1408,f18_1408,54816,8.66,TRUE,0.012,0.128,f18_1408
c1408_gestation_at_delivery,c1408,gestation_at_delivery,54816,8.66,TRUE,1528.2314,12956.1181,Gestation at Delivery
c1408_f19_1408,c1408,f19_1408,54816,8.66,TRUE,0.0051,0.0856,f19_1408
c1408_f20_1408,c1408,f20_1408,54816,8.66,TRUE,0.2703,0.9225,f20_1408
c1408_f21_1408,c1408,f21_1408,54816,8.66,TRUE,0.0325,0.2254,f21_1408
c1408_f22_1408,c1408,f22_1408,54816,8.66,TRUE,0.0097,0.1087,f22_1408
c1408_ped_8_diagnoses_and,c1408,ped_8_diagnoses_and,54816,8.66,TRUE,0.0059,0.0769,PED-8 Diagnoses and
c1408_f24_1408,c1408,f24_1408,54816,8.66,TRUE,0.0111,0.1201,f24_1408
c1408_f25_1408,c1408,f25_1408,54816,8.66,TRUE,8e-04,0.0286,f25_1408
c1408_f26_1408,c1408,f26_1408,54816,8.66,TRUE,0.0362,0.2597,f26_1408
c1408_f27_1408,c1408,f27_1408,54816,8.66,TRUE,0.0345,0.1931,f27_1408
c1408_f28_1408,c1408,f28_1408,54816,8.66,TRUE,0.0327,0.2188,f28_1408
c1408_f29_1408,c1408,f29_1408,54816,8.66,TRUE,0.0033,0.0591,f29_1408
c1408_f30_1408,c1408,f30_1408,54816,8.66,TRUE,0.0046,0.0708,f30_1408
c1408_f31_1408,c1408,f31_1408,23598,60.68,TRUE,494.3802,396.9523,f31_1408
c1408_f32a1408,c1408,f32a1408,13289,77.86,TRUE,374.9819,378.2181,f32a1408
c1408_f32b1408,c1408,f32b1408,10153,83.08,TRUE,308.3928,359.4544,f32b1408
c1408_f32c1408,c1408,f32c1408,8067,86.56,TRUE,318.9368,357.5397,f32c1408
c1408_f32d1408,c1408,f32d1408,6387,89.36,TRUE,356.7565,358.8752,f32d1408
c1408_f32e1408,c1408,f32e1408,4999,91.67,TRUE,424.866,359.7922,f32e1408
c1408_f32f1408,c1408,f32f1408,3933,93.45,TRUE,495.9105,350.6439,f32f1408
c1408_f32g1408,c1408,f32g1408,3067,94.89,TRUE,557.3026,334.0835,f32g1408
c1408_f32h1408,c1408,f32h1408,2513,95.81,TRUE,615.1552,313.7798,f32h1408
c1401_f05a1401,c1401,f05a1401,54796,8.7,TRUE,6.6049,3.4354,f05a1401
c1401_f05b1401,c1401,f05b1401,54796,8.7,TRUE,15.7201,8.7612,f05b1401
c1401_f05c1401,c1401,f05c1401,54796,8.7,TRUE,62.5325,1.9369,f05c1401
c1401_f10a1401,c1401,f10a1401,53469,10.91,TRUE,0.9477,1.4783,f10a1401
c1401_f10b1401,c1401,f10b1401,60016,0,FALSE,"","",f10b1401
c1401_infant_death_0_1_mos,c1401,infant_death_0_1_mos,60016,0,FALSE,"","",Infant Death 0-1 Mos
c1401_f12b1401,c1401,f12b1401,17368,71.06,TRUE,0.3666,0.9871,f12b1401
c1401_f12c1401,c1401,f12c1401,25189,58.03,TRUE,0.0908,0.8918,f12c1401
c1401_gestation_at_delivery,c1401,gestation_at_delivery,53469,10.91,TRUE,4731.4203,56081.2455,Gestation at Delivery
c1401_f12d1401,c1401,f12d1401,25190,58.03,TRUE,0.0898,0.8925,f12d1401
c1401_f13_1401,c1401,f13_1401,53469,10.91,TRUE,18.9094,20.1082,f13_1401
c1401_f14_1401,c1401,f14_1401,53469,10.91,TRUE,0.6872,2.2634,f14_1401
c1401_f16_1401,c1401,f16_1401,43157,28.09,TRUE,0.7266,2.3252,f16_1401
c1401_first_cry:_before_or,c1401,first_cry:_before_or,42643,28.95,TRUE,0.1928,0.9751,First Cry: Before or
c1401_first_cry:_time_mins,c1401,first_cry:_time_mins,53469,10.91,TRUE,11.9234,17.6567,First Cry: Time (Mins.)
c1401_outcome:_deaths_and,c1401,outcome:_deaths_and,53469,10.91,TRUE,37.374,26.3474,Outcome: Deaths and
c1401_f21_1401,c1401,f21_1401,43134,28.13,TRUE,45.6278,18.0033,f21_1401
c1401_f22_1401,c1401,f22_1401,43134,28.13,TRUE,8.3936,19.0905,f22_1401
c1401_motor_activity_and,c1401,motor_activity_and,53469,10.91,TRUE,0.1515,0.9904,Motor Activity and
c1401_f26_1401,c1401,f26_1401,53469,10.91,TRUE,0.6597,2.2533,f26_1401
c1401_forceps_marks,c1401,forceps_marks,60016,0,FALSE,"","",Forceps Marks
c1401_umbilical_cord,c1401,umbilical_cord,10853,81.92,TRUE,0.3042,1.3869,Umbilical Cord
c1401_f30_1401,c1401,f30_1401,10853,81.92,TRUE,0.2083,1.343,f30_1401
c1401_f31_1401,c1401,f31_1401,60016,0,FALSE,"","",f31_1401
c1401_f32_1401,c1401,f32_1401,793,98.68,TRUE,1,0,f32_1401
c1401_f33_1401,c1401,f33_1401,1330,97.78,TRUE,1,0,f33_1401
c0357_f05a0357,c0357,f05a0357,54514,9.17,TRUE,6.6206,3.6334,f05a0357
c0357_f05b0357,c0357,f05b0357,54514,9.17,TRUE,15.7391,8.8918,f05b0357
c0357_f05c0357,c0357,f05c0357,54514,9.17,TRUE,62.5437,1.9771,f05c0357
c0357_anesthesia_during,c0357,anesthesia_during,54514,9.17,TRUE,0.3772,0.7553,Anesthesia During
c0357_f07b0357,c0357,f07b0357,54514,9.17,TRUE,0.0591,0.6233,f07b0357
c0357_f08_0357,c0357,f08_0357,54514,9.17,TRUE,4.9126,3.6945,f08_0357
c0357_f09_0357,c0357,f09_0357,54514,9.17,TRUE,4.6335,3.7401,f09_0357
c0333_form_code_mother,c0333,form_code_mother,54387,9.38,TRUE,675.6351,345.9832,"Form code, MOTHER, ADMINISTRATIVE"
c0333_card_number,c0333,card_number,54387,9.38,TRUE,62.5348,1.9485,"Card number, DELIVERY, PROCEDURE"
c0333_study_number_delivery,c0333,study_number_delivery,54387,9.38,TRUE,6152.3854,506.8512,"Study number DELIVERY, PROCEDURE"
c0333_institution,c0333,institution,54387,9.38,TRUE,1.5697,10.7727,"Institution, DELIVERY, PROCEDURE"
c0333_race_of_delivery,c0333,race_of_delivery,54387,9.38,TRUE,0.0596,0.7087,"Race of child, DELIVERY, PROCEDURE"
c0333_number_of_babies_born,c0333,number_of_babies_born,54387,9.38,TRUE,0.0691,0.5713,"Number of babies born, DELIVERY, PROCEDURE"
c0333_birth_status_live_or_still,c0333,birth_status_live_or_still,54387,9.38,TRUE,0.2554,1.3079,"Birth status (live or still), DELIVERY, PROCEDURE"
c0333_delivery_type,c0333,delivery_type,54387,9.38,TRUE,0.1643,0.8605,"Delivery type, DELIVERY, PROCEDURE"
c0333_multiple_pregnancy_type_of_delivery_of_f,c0333,multiple_pregnancy_type_of_delivery_of_f,54387,9.38,TRUE,0.2701,1.3126,"Multiple pregnancy, type of delivery of first baby, DELIVERY, PROCEDURE"
c0333_utility_procedure_field,c0333,utility_procedure_field,54387,9.38,TRUE,0.0744,0.6505,"Utility procedure field, DELIVERY, PROCEDURE"
c0333_delivery_presentation,c0333,delivery_presentation,54387,9.38,TRUE,0.8083,7.1462,"Delivery presentation, DELIVERY, PROCEDURE"
c0333_forceps_or_vacuum,c0333,forceps_or_vacuum,54387,9.38,TRUE,1.6006,10.7607,"Forceps or vacuum, DELIVERY, EVENT"
c0333_outlet_forceps_complications,c0333,outlet_forceps_complications,54387,9.38,TRUE,0.1584,1.0451,"Outlet forceps complications, DELIVERY, PROCEDURE"
c0333_low_forceps_complications,c0333,low_forceps_complications,54387,9.38,TRUE,0.0767,0.7121,"Low forceps complications, DELIVERY, PROCEDURE"
c0333_mid_forceps_complications,c0333,mid_forceps_complications,54387,9.38,TRUE,0.075,0.7511,"Mid forceps complications, DELIVERY, PROCEDURE"
c0333_high_forceps_complications,c0333,high_forceps_complications,54387,9.38,TRUE,0.4785,1.3662,"High forceps complications, DELIVERY, PROCEDURE"
c0333_induction_of_labor_method,c0333,induction_of_labor_method,54387,9.38,TRUE,18.4575,29.7913,"Induction of labor method, DELIVERY, PROCEDURE"
c0333_ease_of_delivery_of_head,c0333,ease_of_delivery_of_head,54387,9.38,TRUE,1.8823,2.9729,"Ease of delivery of head, DELIVERY, PROCEDURE"
c0333_ease_of_delivery_of_shoulders,c0333,ease_of_delivery_of_shoulders,54387,9.38,TRUE,0.643,1.6991,"Ease of delivery of shoulders, DELIVERY, PROCEDURE"
c0333_reason_for_episiotomy,c0333,reason_for_episiotomy,54387,9.38,TRUE,7.0731,20.4469,"Reason for episiotomy, DELIVERY, PROCEDURE"
c0333_laceration_of_cervix,c0333,laceration_of_cervix,54387,9.38,TRUE,1.7649,2.8754,"Laceration of cervix, DELIVERY, EVENT"
c0333_laceration_of_vagina,c0333,laceration_of_vagina,54387,9.38,TRUE,1.1753,2.0088,"Laceration of vagina, DELIVERY, EVENT"
c0333_extension_of_episiotomy,c0333,extension_of_episiotomy,54387,9.38,TRUE,1.9436,3.0179,"Extension of episiotomy, DELIVERY, EVENT"
c0333_laceration_of_perineum,c0333,laceration_of_perineum,54387,9.38,TRUE,0.7568,1.8019,"Laceration of perineum, DELIVERY, EVENT"
c0333_manipulation_for_delivery_of_body,c0333,manipulation_for_delivery_of_body,54387,9.38,TRUE,0.7315,2.0498,"Manipulation for delivery of body, DELIVERY, PROCEDURE"
c0333_attempt_at_version,c0333,attempt_at_version,54387,9.38,TRUE,17.3659,23.1348,"Attempt at version, DELIVERY, PROCEDURE"
c0333_cord_complications,c0333,cord_complications,54387,9.38,TRUE,2.9653,2.322,"Cord complications, DELIVERY, EVENT"
c0333_cord_length,c0333,cord_length,54387,9.38,TRUE,4.8038,3.0167,"Cord length, DELIVERY, EVENT"
c0333_cord_around_neck,c0333,cord_around_neck,54387,9.38,TRUE,1.8162,2.5578,"Cord around neck, DELIVERY, EVENT"
c0333_cord_around_body,c0333,cord_around_body,54387,9.38,TRUE,1.7809,2.9734,"Cord around body, DELIVERY, EVENT"
c0333_amnion_rupture_to_delivery,c0333,amnion_rupture_to_delivery,54387,9.38,TRUE,11.6381,10.3967,"Amnion rupture to delivery, DELIVERY, EVENT"
c0333_method_of_amnion_rupture,c0333,method_of_amnion_rupture,54387,9.38,TRUE,2.4882,1.8215,"Method of amnion rupture, DELIVERY, PROCEDURE"
c0333_complications_of_delivery,c0333,complications_of_delivery,54387,9.38,TRUE,44.6637,29.9693,"Complications of delivery, DELIVERY, EVENT"
c0333_difficulty_of_delivery,c0333,difficulty_of_delivery,54387,9.38,TRUE,1.7698,2.6686,"Difficulty of delivery, DELIVERY, PROCEDURE"
c0333_duration_of_delivery,c0333,duration_of_delivery,54387,9.38,TRUE,1.2884,2.1858,"Duration of delivery, DELIVERY, EVENT"
c0333_cervical_dilatation_at_admission,c0333,cervical_dilatation_at_admission,54387,9.38,TRUE,4.3744,3.06,"Cervical dilatation at admission, DELIVERY, EVENT"
c0333_cervical_dilatation_at_rupture_of_membra,c0333,cervical_dilatation_at_rupture_of_membra,54387,9.38,TRUE,2.9527,2.3147,"Cervical dilatation at rupture of membranes, DELIVERY, EVENT"
c0333_placenta_type,c0333,placenta_type,54387,9.38,TRUE,50.2796,30.8393,"Placenta, type, DELIVERY, EVENT"
c0333_placenta_completeness,c0333,placenta_completeness,54387,9.38,TRUE,2.7107,3.151,"Placenta, completeness, DELIVERY, EVENT"
c0333_placenta_spontaneous,c0333,placenta_spontaneous,54387,9.38,TRUE,0.8775,1.2908,"Placenta, delivery spontaneous, DELIVERY, EVENT"
c0333_placenta_manual,c0333,placenta_manual,54387,9.38,TRUE,4.1463,2.9328,"Placenta, delivery manual, DELIVERY, PROCEDURE"
c0333_uterine_exploration,c0333,uterine_exploration,54387,9.38,TRUE,2.6346,1.8923,"Uterine exploration, DELIVERY, PROCEDURE"
c0333_birth_weight,c0333,birth_weight,54387,9.38,TRUE,454.2943,296.0696,"Birth weight, DELIVERY, EVENT"
c0333_apgar_score_1_min_5_min_description,c0333,apgar_score_1_min_5_min_description,54387,9.38,TRUE,0.0107,0.1038,"Apgar score (1 min, 5 min, description), DELIVERY, EVENT"
c0338_anesthesia_type,c0338,anesthesia_type,54045,9.95,TRUE,6.5946,3.4371,"Anesthesia type, DELIVERY, PROCEDURE"
c0338_mother_2,c0338,mother_2,60016,0,FALSE,"","","Mother, PRENATAL, CLINICAL LAB (REPEATED FROM ABOVE)"
c0338_anesthesia,c0338,anesthesia,60016,0,FALSE,"","","Anesthesia, DELIVERY, PROCEDURE"
c0338_card_intrapartum,c0338,card_intrapartum,54045,9.95,TRUE,62.5317,1.9446,"Card, INTRAPARTUM, EVENT"
c0338_fetal_monitoring_intrapartum,c0338,fetal_monitoring_intrapartum,60016,0,FALSE,"","","Fetal monitoring, DELIVERY, INTRAPARTUM, PHYSICAL EXAM"
c0338_nature_of_temperature_date_first_noted_m,c0338,nature_of_temperature_date_first_noted_m,60016,0,FALSE,"","","Nature of temperature, date first noted, MOTHER, INTRAPARTUM, EVENT"
c0338_pelvic_examination_intrapartum,c0338,pelvic_examination_intrapartum,60016,0,FALSE,"","","Pelvic examination, DELIVERY, INTRAPARTUM, PHYSICAL EXAM (REPEATED FROM ABOVE)"
c0338_fetal_monitoring_continued_intrapartum,c0338,fetal_monitoring_continued_intrapartum,60016,0,FALSE,"","","Fetal monitoring continued, DELIVERY, INTRAPARTUM, EVENT"
c0338_temperature_continued_intrapartum,c0338,temperature_continued_intrapartum,60016,0,FALSE,"","","Temperature, continued, INTRAPARTUM, EVENT"
c0338_oxygen_and_resuscitation,c0338,oxygen_and_resuscitation,60016,0,FALSE,"","","Oxygen and resuscitation, DELIVERY, PROCEDURE"
c0338_drug_mother_intrapartum_medications,c0338,drug_mother_intrapartum_medications,24682,58.87,TRUE,1321.4856,1104.8144,"Drug, MOTHER, INTRAPARTUM, MEDICATIONS"
c0338_drug_administration_intrapartum_medicati,c0338,drug_administration_intrapartum_medicati,24682,58.87,TRUE,3859701.5427,2332574.59,"Drug administration, INTRAPARTUM, MEDICATIONS"
c0338_drug_continued_intrapartum_medications,c0338,drug_continued_intrapartum_medications,60016,0,FALSE,"","","Drug, continued, INTRAPARTUM, MEDICATIONS (REPEATED FROM ABOVE)"
c0337_form_code,c0337,form_code,53932,10.14,TRUE,1013.1604,289.9996,"Form code, DELIVERY, PROCEDURE"
c0337_net_result_mother_admission,c0337,net_result_mother_admission,60016,0,FALSE,"","","Net result, MOTHER, ADMISSION, CLINICAL LAB (REPEATED FROM ABOVE)"
c0337_pelvic_details_mother_intrapartum,c0337,pelvic_details_mother_intrapartum,53932,10.14,TRUE,2.2132,11.414,"Pelvic details, MOTHER, INTRAPARTUM, PHYSICAL EXAM (REPEATED FROM ABOVE)"
c0337_pelvic_examination_intrapartum,c0337,pelvic_examination_intrapartum,60016,0,FALSE,"","","Pelvic examination, DELIVERY, INTRAPARTUM, PHYSICAL EXAM (REPEATED FROM ABOVE)"
c0337_pelvic_details_cont_mother_intrapartum,c0337,pelvic_details_cont_mother_intrapartum,60016,0,FALSE,"","","Pelvic details cont., MOTHER, INTRAPARTUM, PHYSICAL EXAM (REPEATED FROM ABOVE)"
c0337_initial_bleeding_upon_or_after_admission,c0337,initial_bleeding_upon_or_after_admission,53932,10.14,TRUE,39786.7279,152580.2053,"Initial bleeding upon or after admission, date first noted (est), MOTHER, INTRAPARTUM, EVENT"
c0337_initial_bleeding_upon_or_after_admission_2,c0337,initial_bleeding_upon_or_after_admission_2,21249,64.59,TRUE,0.2526,0.5358,"Initial bleeding upon or after admission, date first noted (est), MOTHER, INTRAPARTUM, EVENT"
c2401_f02a2401,c2401,f02a2401,53477,10.9,TRUE,6.6058,3.435,f02a2401
c2401_f02b2401,c2401,f02b2401,53477,10.9,TRUE,15.7042,8.7554,f02b2401
c2401_f02c2401,c2401,f02c2401,53477,10.9,TRUE,62.5262,1.9391,f02c2401
c2401_f03f2401,c2401,f03f2401,53477,10.9,TRUE,12.7783,20.4514,f03f2401
c2401_infant_death_0_1_mos,c2401,infant_death_0_1_mos,53477,10.9,TRUE,131103.6902,205329.2801,Infant Death 0-1 Mos
c2401_f04a2401,c2401,f04a2401,53477,10.9,TRUE,3.0041,2.5366,f04a2401
c2401_f04d2401,c2401,f04d2401,53477,10.9,TRUE,2.885,2.596,f04d2401
c2401_f04e2401,c2401,f04e2401,53477,10.9,TRUE,2.1979,2.8895,f04e2401
c2401_gestation_at_delivery,c2401,gestation_at_delivery,53477,10.9,TRUE,241891.8102,320963.9422,Gestation at Delivery
c2401_f04f2401,c2401,f04f2401,53477,10.9,TRUE,21.8377,32.3061,f04f2401
c2401_one_minute_apgar,c2401,one_minute_apgar,53477,10.9,TRUE,2.3568,1.5893,""
c2401_one_minute_apgar:_2,c2401,one_minute_apgar:_2,53477,10.9,TRUE,2.2587,1.6386,One-Minute Apgar:
c2401_one_minute_apgar:_3,c2401,one_minute_apgar:_3,53477,10.9,TRUE,2.2654,1.639,One-Minute Apgar:
c2401_one_minute_apgar:_4,c2401,one_minute_apgar:_4,53477,10.9,TRUE,2.2868,1.6275,One-Minute Apgar:
c2401_one_minute_apgar:_5,c2401,one_minute_apgar:_5,53477,10.9,TRUE,1.6913,1.8126,One-Minute Apgar:
c2401_outcome:_deaths_and,c2401,outcome:_deaths_and,53477,10.9,TRUE,89.2057,26.5261,Outcome: Deaths and
c2401_five_minute_apgar,c2401,five_minute_apgar,53477,10.9,TRUE,8.5802,1.6737,""
c2401_f07a2401,c2401,f07a2401,53477,10.9,TRUE,8.5802,1.6737,f07a2401
c2401_five_minute_apgar:_2,c2401,five_minute_apgar:_2,53477,10.9,TRUE,8.556,1.7722,Five-Minute Apgar:
c2401_five_minute_apgar:_3,c2401,five_minute_apgar:_3,53477,10.9,TRUE,8.5577,1.7668,Five-Minute Apgar:
c2401_five_minute_apgar:_4,c2401,five_minute_apgar:_4,53477,10.9,TRUE,8.5605,1.7557,Five-Minute Apgar:
c2401_five_minute_apgar:_5,c2401,five_minute_apgar:_5,53477,10.9,TRUE,8.538,1.8445,Five-Minute Apgar:
c2401_five_minute_apgar_score,c2401,five_minute_apgar_score,53477,10.9,TRUE,93.5821,21.5525,Five-Minute Apgar Score
c2401_ten_minute_apgar,c2401,ten_minute_apgar,53477,10.9,TRUE,8.6695,1.4952,""
c2401_f08a2401,c2401,f08a2401,53477,10.9,TRUE,8.6695,1.4952,f08a2401
c2401_ten_minute_apgar:_2,c2401,ten_minute_apgar:_2,53477,10.9,TRUE,8.6529,1.5743,Ten Minute Apgar:
c2401_ten_minute_apgar:_3,c2401,ten_minute_apgar:_3,53477,10.9,TRUE,8.6543,1.5683,Ten Minute Apgar:
c2401_ten_minute_apgar:_4,c2401,ten_minute_apgar:_4,53477,10.9,TRUE,8.6567,1.5573,Ten Minute Apgar:
c2401_ten_minute_apgar:_5,c2401,ten_minute_apgar:_5,53477,10.9,TRUE,8.6378,1.6424,Ten Minute Apgar:
c2401_ten_minute_apgar_score,c2401,ten_minute_apgar_score,53477,10.9,TRUE,94.75,19.2037,Ten Minute Apgar Score
c2401_twenty_minute_apgar,c2401,twenty_minute_apgar,60016,0,FALSE,"","",""
c2401_twenty_minute_apgar:_2,c2401,twenty_minute_apgar:_2,60016,0,FALSE,"","",Twenty Minute Apgar:
c3401_f02a3401,c3401,f02a3401,53424,10.98,TRUE,6.6043,3.4344,f02a3401
c3401_f02b3401,c3401,f02b3401,53424,10.98,TRUE,15.7045,8.7554,f02b3401
c3401_f02c3401,c3401,f02c3401,53424,10.98,TRUE,62.5269,1.9396,f02c3401
c3401_f06_3401,c3401,f06_3401,53424,10.98,TRUE,84.9648,34.0167,f06_3401
c3401_sex,c3401,sex,53424,10.98,TRUE,7.798,3.0323,Sex
c3401_f07_3401,c3401,f07_3401,53424,10.98,TRUE,86.1883,32.318,f07_3401
c3401_infant_death_0_1_mos,c3401,infant_death_0_1_mos,53424,10.98,TRUE,862964.052,323205.8804,Infant Death 0-1 Mos
c3401_f10_3401,c3401,f10_3401,53424,10.98,TRUE,93.6718,21.92,f10_3401
c3401_gestation_at_delivery,c3401,gestation_at_delivery,53424,10.98,TRUE,874162.8982,159305.3804,Gestation at Delivery
c3401_f11_3401,c3401,f11_3401,53424,10.98,TRUE,0.1027,0.8791,f11_3401
c3401_f12_3401,c3401,f12_3401,53424,10.98,TRUE,97.5206,11.7419,f12_3401
c3401_procedures:_suction,c3401,procedures:_suction,53424,10.98,TRUE,8.9083,0.7814,Procedures: Suction
c3401_procedures:_drugs,c3401,procedures:_drugs,53424,10.98,TRUE,8.8871,0.9851,Procedures: Drugs
c3401_f13_3401,c3401,f13_3401,53424,10.98,TRUE,97.8001,10.4581,f13_3401
c3401_procedures:_open,c3401,procedures:_open,53424,10.98,TRUE,8.9295,0.6742,Procedures: Open
c3401_f15_3401,c3401,f15_3401,53424,10.98,TRUE,98.4951,6.9002,f15_3401
c3401_f16_3401,c3401,f16_3401,53424,10.98,TRUE,98.5662,6.4063,f16_3401
c3401_procedures,c3401,procedures,53424,10.98,TRUE,8.9709,0.4593,""
c0307_number_sequence_form_type_form_number_av,c0307,number_sequence_form_type_form_number_av,53233,11.3,TRUE,0.2988,0.8006,"Number (sequence), form type, form number, aviation number(?)"
c0307_f5a0307_date_history_taken_month,c0307,f5a0307_date_history_taken_month,53233,11.3,TRUE,7.0057,7.9075,F5a0307_Date history taken_Month
c0307_f5b0307_date_history_taken_day,c0307,f5b0307_date_history_taken_day,53233,11.3,TRUE,16.1333,10.9839,F5b0307_Date history taken_Day
c0307_f5c0307_date_history_taken_year,c0307,f5c0307_date_history_taken_year,53233,11.3,TRUE,62.4753,3.4644,F5c0307_Date history taken_Year
c0307_f6a_pertusis_response,c0307,f6a_pertusis_response,53233,11.3,TRUE,1.0642,2.3337,F6a_Pertusis_Response
c0307_f6b_pertusis_age_onset,c0307,f6b_pertusis_age_onset,53233,11.3,TRUE,73.6351,41.365,F6b_Pertusis_Age onset
c0307_f7a_chicken_pox_response,c0307,f7a_chicken_pox_response,53233,11.3,TRUE,1.1991,1.9756,F7a_Chicken pox_Response
c0307_f7b_chicken_pox_age_onset,c0307,f7b_chicken_pox_age_onset,53233,11.3,TRUE,55.0828,45.6866,F7b_Chicken pox_Age onset
c0307_f8a_mumps_response,c0307,f8a_mumps_response,53233,11.3,TRUE,1.0697,1.947,F8a_Mumps_Response
c0307_f8b_mumps_age_onset,c0307,f8b_mumps_age_onset,53233,11.3,TRUE,60.7669,44.4353,F8b_Mumps_Age onset
c0307_f9a_german_measles_response,c0307,f9a_german_measles_response,53233,11.3,TRUE,1.599,2.9975,F9a_German measles_Response
c0307_f9b_german_measles_age_onset,c0307,f9b_german_measles_age_onset,53233,11.3,TRUE,75.2337,39.5311,F9b_German measles_Age onset
c0307_f10a_measles_response,c0307,f10a_measles_response,53233,11.3,TRUE,1.5079,2.3907,F10a_Measles_Response
c0307_f10b_measles_age_onset,c0307,f10b_measles_age_onset,53233,11.3,TRUE,55.9022,45.4222,F10b_Measles_Age onset
c0307_f11a_diphtheria_response,c0307,f11a_diphtheria_response,53233,11.3,TRUE,0.1906,1.2575,F11a_Diphtheria_Response
c0307_f11b_diphtheria_age_onset,c0307,f11b_diphtheria_age_onset,53233,11.3,TRUE,97.6836,11.0576,F11b_Diphtheria_Age onset
c0307_f12a_scarlet_fever_response,c0307,f12a_scarlet_fever_response,53233,11.3,TRUE,0.2317,1.2532,F12a_Scarlet fever_Response
c0307_f12b_scarlet_fever_age_onset,c0307,f12b_scarlet_fever_age_onset,53233,11.3,TRUE,94.1604,20.4964,F12b_Scarlet fever_Age onset
c0307_f13a_poliomyelitis_response,c0307,f13a_poliomyelitis_response,53233,11.3,TRUE,0.0933,0.8731,F13a_Poliomyelitis_Response
c0307_f13b_poliomyelitis_age_onset,c0307,f13b_poliomyelitis_age_onset,53233,11.3,TRUE,97.7691,10.6614,F13b_Poliomyelitis_Age onset
c0307_parasitic_3rd_year_mother,c0307,parasitic_3rd_year_mother,53233,11.3,TRUE,1189.7099,886.7868,"Parasitic 3rd, year, MOTHER, REGISTRATION, MEDICAL HISTORY"
c0307_parasitic_2nd,c0307,parasitic_2nd,53233,11.3,TRUE,105.1135,75.0515,"Parasitic 2nd, REGISTRATION, MEDICAL HISTORY"
c0307_f16a_encephalitis_response,c0307,f16a_encephalitis_response,53233,11.3,TRUE,0.0545,0.6911,F16a_Encephalitis_Response
c0307_parasitic,c0307,parasitic,60016,0,FALSE,"","","Parasitic, REGISTRATION, MEDICAL HISTORY"
c0307_mother,c0307,mother,53233,11.3,TRUE,983.5422,79.3804,"MOTHER, REGISTRATION, MEDICAL HISTORY"
c0307_mother_2,c0307,mother_2,53233,11.3,TRUE,125.0039,152.0109,"MOTHER, REGISTRATION, MEDICAL HISTORY"
c0405_f05a0405,c0405,f05a0405,53203,11.35,TRUE,6.6021,3.4353,f05a0405
c0405_f05b0405,c0405,f05b0405,53203,11.35,TRUE,15.6963,8.7549,f05b0405
c0405_f05c0405,c0405,f05c0405,53203,11.35,TRUE,62.5283,1.9388,f05c0405
c0405_f06_0405,c0405,f06_0405,53203,11.35,TRUE,1.9991,1.5386,f06_0405
c0405_f07b0405,c0405,f07b0405,53203,11.35,TRUE,2.132,1.2884,f07b0405
c0405_f08_0405,c0405,f08_0405,53203,11.35,TRUE,2.2123,1.2775,f08_0405
c0405_f09_0405,c0405,f09_0405,53203,11.35,TRUE,7.7328,2.7015,f09_0405
c0405_f10_0405,c0405,f10_0405,47094,21.53,TRUE,1.2276,1.315,f10_0405
c0405_f12a0405,c0405,f12a0405,53203,11.35,TRUE,95.3734,208.8855,f12a0405
c0405_rh_factor__child,c0405,rh_factor__child,53203,11.35,TRUE,4.9245,2.8989,RH Factor - Child
c0405_f12b0405,c0405,f12b0405,53203,11.35,TRUE,49.484,49.3798,f12b0405
c0405_f12c0405,c0405,f12c0405,53203,11.35,TRUE,10.2213,20.4699,f12c0405
c0405_f13a0405,c0405,f13a0405,53203,11.35,TRUE,102.4843,212.5288,f13a0405
c0405_gestation_at_delivery,c0405,gestation_at_delivery,53203,11.35,TRUE,102979.6637,212632.0148,Gestation at Delivery
c0405_f13b0405,c0405,f13b0405,53203,11.35,TRUE,49.477,49.3704,f13b0405
c0405_f14_0405,c0405,f14_0405,53203,11.35,TRUE,0.8765,2.0431,f14_0405
c0405_f15a0405,c0405,f15a0405,53203,11.35,TRUE,566.1898,472.4281,f15a0405
c0405_f16a0405,c0405,f16a0405,53203,11.35,TRUE,578.9743,467.1609,f16a0405
c0405_f16b0405,c0405,f16b0405,53203,11.35,TRUE,61.5411,40.6208,f16b0405
c0405_f17a0405,c0405,f17a0405,53203,11.35,TRUE,157.1908,304.491,f17a0405
c0405_maximum_serum_bilirubin,c0405,maximum_serum_bilirubin,53203,11.35,TRUE,52.7474,18.8046,Maximum Serum Bilirubin
c0405_f18a0405,c0405,f18a0405,53203,11.35,TRUE,168.4471,310.8938,f18a0405
c0405_hemoglobin__48_hour,c0405,hemoglobin__48_hour,53203,11.35,TRUE,57.475,30.352,Hemoglobin - 48 hour
c0405_f18b0405,c0405,f18b0405,53203,11.35,TRUE,62.0579,15.3984,f18b0405
c0405_f19_0405,c0405,f19_0405,53203,11.35,TRUE,7.6731,3.1909,f19_0405
c0405_f20_0405,c0405,f20_0405,53203,11.35,TRUE,5.8835,4.2821,f20_0405
c1403_f05a1403,c1403,f05a1403,52945,11.78,TRUE,6.5963,3.4421,f05a1403
c1403_f05b1403,c1403,f05b1403,52945,11.78,TRUE,15.6969,8.7544,f05b1403
c1403_f05c1403,c1403,f05c1403,52945,11.78,TRUE,62.5471,1.9261,f05c1403
c1403_f06_1403,c1403,f06_1403,52945,11.78,TRUE,3.4652,2.115,f06_1403
c1403_f07_1403,c1403,f07_1403,52945,11.78,TRUE,3.1573,1.0524,f07_1403
c1403_f08_1403,c1403,f08_1403,52945,11.78,TRUE,0.4248,1.215,f08_1403
c1403_neurological_examination,c1403,neurological_examination,52945,11.78,TRUE,1.514,7.8888,"CHILD, NEUROLOGICAL EXAMINATION"
c1403_neonatal_hospitalizations,c1403,neonatal_hospitalizations,52945,11.78,TRUE,152.7282,792.4894,"CHILD, NEONATAL, HOSPITALIZATIONS"
c1403_neonatal_hospitalizations_2,c1403,neonatal_hospitalizations_2,60016,0,FALSE,"","","NEONATAL, HOSPITALIZATIONS"
c1403_neonatal_2,c1403,neonatal_2,60016,0,FALSE,"","","CHILD, NEONATAL, ADMINISTRATIVE, PROCEDURE"
c1403_neurological_examination_2,c1403,neurological_examination_2,52945,11.78,TRUE,1.3296,6.572,"CHILD, NEUROLOGICAL EXAMINATION"
c1403_neurological_examination_3,c1403,neurological_examination_3,52945,11.78,TRUE,4.1448,15.7626,"CHILD, NEUROLOGICAL EXAMINATION"
c1403_neonatal_hospitalizations_3,c1403,neonatal_hospitalizations_3,52945,11.78,TRUE,421.2549,1576.5431,"CHILD, NEONATAL, HOSPITALIZATIONS"
c1403_neurological_examination_4,c1403,neurological_examination_4,52945,11.78,TRUE,6.7757,5.2779,"CHILD, NEUROLOGICAL EXAMINATION"
c1403_neonatal_hospitalizations_4,c1403,neonatal_hospitalizations_4,52945,11.78,TRUE,7.6672,6.8638,"CHILD, NEONATAL, HOSPITALIZATIONS"
c1403_neonatal_hospitalizations_5,c1403,neonatal_hospitalizations_5,52945,11.78,TRUE,6.4389,5.2778,"CHILD, NEONATAL, HOSPITALIZATIONS"
c1403_neonatal_hospitalizations_6,c1403,neonatal_hospitalizations_6,52945,11.78,TRUE,7.6586,6.8326,"CHILD, NEONATAL, HOSPITALIZATIONS"
c1403_general_5,c1403,general_5,52945,11.78,TRUE,801.7893,684.3992,"CHILD, GENERAL, PROCEDURE"
c1403_neonatal_hospitalizations_7,c1403,neonatal_hospitalizations_7,52945,11.78,TRUE,35.9323,24.3347,"CHILD, NEONATAL, HOSPITALIZATIONS"
c1403_neonatal_hospitalizations_8,c1403,neonatal_hospitalizations_8,52945,11.78,TRUE,30.5948,44.7638,"CHILD, NEONATAL, HOSPITALIZATIONS"
c1403_immunizations_preventive_child,c1403,immunizations_preventive_child,52945,11.78,TRUE,15.8426,31.8859,"CHILD, IMMUNIZATIONS, PREVENTIVE CHILD"
c1403_immunizations_preventive_child_2,c1403,immunizations_preventive_child_2,52945,11.78,TRUE,10.8015,30.3399,"CHILD, IMMUNIZATIONS, PREVENTIVE CHILD"
c1403_neonatal_hospitalizations_11,c1403,neonatal_hospitalizations_11,52945,11.78,TRUE,11.9156,31.8093,"CHILD, NEONATAL, HOSPITALIZATIONS"
c1403_neonatal_hospitalizations_12,c1403,neonatal_hospitalizations_12,52945,11.78,TRUE,34.2423,26.3866,"CHILD, NEONATAL, HOSPITALIZATIONS"
c1403_neonatal_hospitalizations_13,c1403,neonatal_hospitalizations_13,52945,11.78,TRUE,11.4739,31.2892,"CHILD, NEONATAL, HOSPITALIZATIONS"
c1403_neonatal_hospitalizations_14,c1403,neonatal_hospitalizations_14,52945,11.78,TRUE,10.1643,28.3465,"CHILD, NEONATAL, HOSPITALIZATIONS"
c1403_neonatal_hospitalizations_15,c1403,neonatal_hospitalizations_15,52945,11.78,TRUE,2.3795,7.3,"CHILD, NEONATAL, HOSPITALIZATIONS"
c1403_neonatal_hospitalizations_16,c1403,neonatal_hospitalizations_16,52945,11.78,TRUE,11.0061,28.6018,"CHILD, NEONATAL, HOSPITALIZATIONS"
c1403_neonatal_hospitalizations_17,c1403,neonatal_hospitalizations_17,52945,11.78,TRUE,1.3978,4.2839,"CHILD, NEONATAL, HOSPITALIZATIONS"
c1403_neonatal_hospitalizations_18,c1403,neonatal_hospitalizations_18,52945,11.78,TRUE,1.2175,5.2692,"CHILD, NEONATAL, HOSPITALIZATIONS"
c1403_neonatal_hospitalizations_19,c1403,neonatal_hospitalizations_19,52945,11.78,TRUE,0.6309,4.265,"CHILD, NEONATAL, HOSPITALIZATIONS"
c1403_neonatal_hospitalizations_20,c1403,neonatal_hospitalizations_20,52945,11.78,TRUE,0.7906,5.1826,"CHILD, NEONATAL, HOSPITALIZATIONS"
c1403_neonatal_hospitalizations_21,c1403,neonatal_hospitalizations_21,52945,11.78,TRUE,11.6535,31.2224,"CHILD, NEONATAL, HOSPITALIZATIONS"
c1403_number_of_hospitalizations_of_child,c1403,number_of_hospitalizations_of_child,52945,11.78,TRUE,1.3663,6.0574,NUMBER OF HOSPITALIZATIONS OF CHILD
c1403_alternative_diagnoses_or_condition,c1403,alternative_diagnoses_or_condition,52945,11.78,TRUE,1.2072,3.5073,"ALTERNATIVE DIAGNOSES OR CONDITION, CHILD, NEONATAL, DIAGNOSIS & CONDITIONS"
c1403_neonatal_hospitalizations_23,c1403,neonatal_hospitalizations_23,52945,11.78,TRUE,1.8932,3.8965,"CHILD, NEONATAL, HOSPITALIZATIONS"
c2402_f02a2402,c2402,f02a2402,52940,11.79,TRUE,6.6032,3.4355,f02a2402
c2402_f02b2402,c2402,f02b2402,52940,11.79,TRUE,15.6959,8.7567,f02b2402
c2402_f02c2402,c2402,f02c2402,52940,11.79,TRUE,62.5253,1.9382,f02c2402
c2402_f02d2402,c2402,f02d2402,52940,11.79,TRUE,12.395,9.673,f02d2402
c2402_f02e2402,c2402,f02e2402,52940,11.79,TRUE,46.7549,12.2036,f02e2402
c2402_neonatal_neurological_examination_2,c2402,neonatal_neurological_examination_2,52940,11.79,TRUE,23.1826,33.2033,"CHILD, NEONATAL, NEUROLOGICAL EXAMINATION"
c2402_neurological_examination_2,c2402,neurological_examination_2,52940,11.79,TRUE,21823653213185308,32743398602916540,"CHILD, NEUROLOGICAL EXAMINATION"
c2402_neurological_examination_3,c2402,neurological_examination_3,60016,0,FALSE,"","","CHILD, NEUROLOGICAL EXAMINATION"
c2402_neurological_examination_4,c2402,neurological_examination_4,52940,11.79,TRUE,5.2383,3.0847,"CHILD, NEUROLOGICAL EXAMINATION"
c2402_neonatal_neurological_examination_3,c2402,neonatal_neurological_examination_3,52940,11.79,TRUE,60.0481,31.2726,"NEONATAL, NEUROLOGICAL EXAMINATION"
c2402_neurological_examination_6,c2402,neurological_examination_6,52940,11.79,TRUE,7.6655,3.0053,"CHILD, NEUROLOGICAL EXAMINATION"
c2402_neonatal_neurological_examination_5,c2402,neonatal_neurological_examination_5,52940,11.79,TRUE,92.2969,19.4622,"NEONATAL, NEUROLOGICAL EXAMINATION"
c2402_neonatal_neurological_examination_7,c2402,neonatal_neurological_examination_7,52940,11.79,TRUE,11.329,13.1292,"NEONATAL, NEUROLOGICAL EXAMINATION"
c2402_compute_heading,c2402,compute_heading,52940,11.79,TRUE,10435476.8509,12859674.8152,COMPUTE HEADING
c2402_neonatal_neurological_examination_10,c2402,neonatal_neurological_examination_10,52940,11.79,TRUE,45.6335,28.5819,"CHILD, NEONATAL, NEUROLOGICAL EXAMINATION"
c2402_neonatal_neurological_examination_11,c2402,neonatal_neurological_examination_11,52940,11.79,TRUE,28.2531,12.8941,"NEONATAL, NEUROLOGICAL EXAMINATION"
c2402_neonatal_neurological_examination_13,c2402,neonatal_neurological_examination_13,46752,22.1,TRUE,2.4685,5.3748,"NEONATAL, NEUROLOGICAL EXAMINATION"
c2402_neonatal_neurological_examination_15,c2402,neonatal_neurological_examination_15,46752,22.1,TRUE,2.2776,5.0462,"NEONATAL, NEUROLOGICAL EXAMINATION"
c2402_procedure,c2402,procedure,60016,0,FALSE,"","",PROCEDURE
c2402_neonatal_neurological_examination_17,c2402,neonatal_neurological_examination_17,46752,22.1,TRUE,9.9887,4.6733,"NEONATAL, NEUROLOGICAL EXAMINATION"
c2402_neurological_examination_14,c2402,neurological_examination_14,46752,22.1,TRUE,27.7937,44.1149,"CHILD, NEUROLOGICAL EXAMINATION"
c2402_neonatal_neurological_examination_19,c2402,neonatal_neurological_examination_19,46752,22.1,TRUE,30.8276,42.7241,"NEONATAL, NEUROLOGICAL EXAMINATION"
c2402_neurological_examination_16,c2402,neurological_examination_16,46752,22.1,TRUE,27.6284,44.0696,"CHILD, NEUROLOGICAL EXAMINATION"
c2402_neonatal_neurological_examination_21,c2402,neonatal_neurological_examination_21,46752,22.1,TRUE,27.9209,38.8019,"NEONATAL, NEUROLOGICAL EXAMINATION"
c2402_neurological_examination_18,c2402,neurological_examination_18,46752,22.1,TRUE,2.8128,6.2001,"CHILD, NEUROLOGICAL EXAMINATION"
c2402_neonatal_neurological_examination_23,c2402,neonatal_neurological_examination_23,52940,11.79,TRUE,22.0469,38.6284,"NEONATAL, NEUROLOGICAL EXAMINATION"
c2402_neurological_examination_20,c2402,neurological_examination_20,52940,11.79,TRUE,0.6153,3.8423,"CHILD, NEUROLOGICAL EXAMINATION"
c2402_neonatal_neurological_examination_25,c2402,neonatal_neurological_examination_25,52940,11.79,TRUE,0.4785,3.9009,"NEONATAL, NEUROLOGICAL EXAMINATION"
c2402_neurological_examination_22,c2402,neurological_examination_22,52940,11.79,TRUE,0.7616,4.9035,"CHILD, NEUROLOGICAL EXAMINATION"
c2402_neonatal_neurological_examination_27,c2402,neonatal_neurological_examination_27,52940,11.79,TRUE,0.4378,4.3222,"NEONATAL, NEUROLOGICAL EXAMINATION"
c2402_neurological_examination_24,c2402,neurological_examination_24,46752,22.1,TRUE,0.3328,2.8293,"CHILD, NEUROLOGICAL EXAMINATION"
c2402_neonatal_neurological_examination_29,c2402,neonatal_neurological_examination_29,46752,22.1,TRUE,0.1545,2.2261,"NEONATAL, NEUROLOGICAL EXAMINATION"
c2402_neurological_examination_26,c2402,neurological_examination_26,46752,22.1,TRUE,0.4304,5.0137,"CHILD, NEUROLOGICAL EXAMINATION"
c2402_neurological_examination_27,c2402,neurological_examination_27,46752,22.1,TRUE,0.0216,0.235,"CHILD, NEUROLOGICAL EXAMINATION"
c2402_neonatal_neurological_examination_31,c2402,neonatal_neurological_examination_31,46752,22.1,TRUE,0.3276,2.8694,"NEONATAL, NEUROLOGICAL EXAMINATION"
c2402_neurological_examination_29,c2402,neurological_examination_29,46752,22.1,TRUE,1.1216,7.7957,"CHILD, NEUROLOGICAL EXAMINATION"
c2402_neonatal_neurological_examination_33,c2402,neonatal_neurological_examination_33,46752,22.1,TRUE,0.0842,1.789,"NEONATAL, NEUROLOGICAL EXAMINATION"
c2402_neurological_examination_31,c2402,neurological_examination_31,46752,22.1,TRUE,0.2453,3.7527,"CHILD, NEUROLOGICAL EXAMINATION"
c2402_neonatal_neurological_examination_35,c2402,neonatal_neurological_examination_35,46752,22.1,TRUE,0.1965,2.3011,"NEONATAL, NEUROLOGICAL EXAMINATION"
c2402_neurological_examination_33,c2402,neurological_examination_33,46752,22.1,TRUE,0.7005,6.3493,"CHILD, NEUROLOGICAL EXAMINATION"
c2402_neonatal_neurological_examination_37,c2402,neonatal_neurological_examination_37,46752,22.1,TRUE,0.1608,2.1445,"NEONATAL, NEUROLOGICAL EXAMINATION"
c2402_neurological_examination_35,c2402,neurological_examination_35,46752,22.1,TRUE,0.5378,5.5529,"CHILD, NEUROLOGICAL EXAMINATION"
c2402_neonatal_neurological_examination_39,c2402,neonatal_neurological_examination_39,46752,22.1,TRUE,0.0322,1.3238,"NEONATAL, NEUROLOGICAL EXAMINATION"
c2402_neurological_examination_37,c2402,neurological_examination_37,46752,22.1,TRUE,0.1483,2.4418,"CHILD, NEUROLOGICAL EXAMINATION"
c2402_neonatal_neurological_examination_41,c2402,neonatal_neurological_examination_41,46752,22.1,TRUE,0.0398,1.3303,"NEONATAL, NEUROLOGICAL EXAMINATION"
c2402_neonatal_neurological_examination_43,c2402,neonatal_neurological_examination_43,52940,11.79,TRUE,367.811,12623.5545,"NEONATAL, NEUROLOGICAL EXAMINATION"
c2402_neurological_examination_39,c2402,neurological_examination_39,46752,22.1,TRUE,0.2247,2.8792,"CHILD, NEUROLOGICAL EXAMINATION"
c2402_neonatal_neurological_examination_44,c2402,neonatal_neurological_examination_44,46752,22.1,TRUE,0.0859,1.4142,"NEONATAL, NEUROLOGICAL EXAMINATION"
c2402_neurological_examination_41,c2402,neurological_examination_41,52940,11.79,TRUE,0.5553,4.3103,"CHILD, NEUROLOGICAL EXAMINATION"
c2402_neonatal_neurological_examination_46,c2402,neonatal_neurological_examination_46,52940,11.79,TRUE,9.0709,2.1652,"NEONATAL, NEUROLOGICAL EXAMINATION"
c2402_neurological_examination_43,c2402,neurological_examination_43,52940,11.79,TRUE,98.4993,6.3031,"CHILD, NEUROLOGICAL EXAMINATION"
c2402_neonatal_neurological_examination_48,c2402,neonatal_neurological_examination_48,52940,11.79,TRUE,98.7476,4.5088,"NEONATAL, NEUROLOGICAL EXAMINATION"
c2402_neurological_examination_45,c2402,neurological_examination_45,52940,11.79,TRUE,89.6224,5.508,"CHILD, NEUROLOGICAL EXAMINATION"
c2402_neonatal_neurological_examination_50,c2402,neonatal_neurological_examination_50,52940,11.79,TRUE,9.0707,2.1824,"NEONATAL, NEUROLOGICAL EXAMINATION"
c2402_neurological_examination_47,c2402,neurological_examination_47,52940,11.79,TRUE,97.605,11.157,"CHILD, NEUROLOGICAL EXAMINATION"
c2402_neonatal_neurological_examination_52,c2402,neonatal_neurological_examination_52,52940,11.79,TRUE,98.8359,1.9797,"NEONATAL, NEUROLOGICAL EXAMINATION"
c2402_neurological_examination_49,c2402,neurological_examination_49,52940,11.79,TRUE,89.3124,6.606,"CHILD, NEUROLOGICAL EXAMINATION"
c2402_neonatal_neurological_examination_54,c2402,neonatal_neurological_examination_54,52940,11.79,TRUE,0.1645,2.4598,"NEONATAL, NEUROLOGICAL EXAMINATION"
c2402_neurological_examination_51,c2402,neurological_examination_51,52940,11.79,TRUE,0.771,3.82,"CHILD, NEUROLOGICAL EXAMINATION"
c2402_neonatal_neurological_examination_56,c2402,neonatal_neurological_examination_56,52940,11.79,TRUE,0.0826,2.3595,"NEONATAL, NEUROLOGICAL EXAMINATION"
c2402_neurological_examination_53,c2402,neurological_examination_53,52940,11.79,TRUE,0.0187,0.2458,"CHILD, NEUROLOGICAL EXAMINATION"
c1402_f05a1402,c1402,f05a1402,52937,11.8,TRUE,6.6031,3.4359,f05a1402
c1402_f05b1402,c1402,f05b1402,52937,11.8,TRUE,15.6963,8.757,f05b1402
c1402_f05c1402,c1402,f05c1402,52937,11.8,TRUE,62.5253,1.9382,f05c1402
c1402_f06a1402,c1402,f06a1402,52937,11.8,TRUE,12.3943,9.663,f06a1402
c1402_f06b1402,c1402,f06b1402,52937,11.8,TRUE,46.7536,12.1923,f06b1402
c1402_neonatal_neurological_examination_2,c1402,neonatal_neurological_examination_2,52937,11.8,TRUE,23.1702,33.1948,"CHILD, NEONATAL, NEUROLOGICAL EXAMINATION"
c1402_neurological_examination_2,c1402,neurological_examination_2,52937,11.8,TRUE,23779876461647180,33363852228110532,"CHILD, NEUROLOGICAL EXAMINATION"
c1402_neurological_examination_3,c1402,neurological_examination_3,60016,0,FALSE,"","","CHILD, NEUROLOGICAL EXAMINATION"
c1402_neurological_examination_4,c1402,neurological_examination_4,52937,11.8,TRUE,5.2375,3.0846,"CHILD, NEUROLOGICAL EXAMINATION"
c1402_neonatal_neurological_examination_3,c1402,neonatal_neurological_examination_3,52937,11.8,TRUE,60.0413,31.2714,"NEONATAL, NEUROLOGICAL EXAMINATION"
c1402_neurological_examination_6,c1402,neurological_examination_6,52937,11.8,TRUE,7.6664,3.0047,"CHILD, NEUROLOGICAL EXAMINATION"
c1402_neonatal_neurological_examination_5,c1402,neonatal_neurological_examination_5,52937,11.8,TRUE,92.3073,19.4433,"NEONATAL, NEUROLOGICAL EXAMINATION"
c1402_seq_number_sequence_form_type_form_numbe,c1402,seq_number_sequence_form_type_form_numbe,52937,11.8,TRUE,836.4452,198.8192,"SEQ NUMBER (SEQUENCE, FORM TYPE, FORM NUMBER, PARTITION NUMBER)"
c1402_neonatal_neurological_examination_7,c1402,neonatal_neurological_examination_7,52937,11.8,TRUE,11.3135,13.0882,"NEONATAL, NEUROLOGICAL EXAMINATION"
c1402_compute_heading,c1402,compute_heading,52937,11.8,TRUE,11773432.4828,13107180.4972,COMPUTE HEADING
c1402_neonatal_neurological_examination_10,c1402,neonatal_neurological_examination_10,52937,11.8,TRUE,45.6354,28.575,"CHILD, NEONATAL, NEUROLOGICAL EXAMINATION"
c1402_neonatal_neurological_examination_11,c1402,neonatal_neurological_examination_11,52937,11.8,TRUE,35.6799,9.9987,"NEONATAL, NEUROLOGICAL EXAMINATION"
c1402_neonatal_neurological_examination_13,c1402,neonatal_neurological_examination_13,52937,11.8,TRUE,43.7603,33.4245,"NEONATAL, NEUROLOGICAL EXAMINATION"
c1402_other_neurological_examination,c1402,other_neurological_examination,60016,0,FALSE,"","","OTHER CHILD, NEUROLOGICAL EXAMINATION"
c1402_neonatal_neurological_examination_15,c1402,neonatal_neurological_examination_15,52937,11.8,TRUE,40.3434,16.7368,"NEONATAL, NEUROLOGICAL EXAMINATION"
c1402_procedure,c1402,procedure,60016,0,FALSE,"","",PROCEDURE
c1402_neonatal_neurological_examination_17,c1402,neonatal_neurological_examination_17,52937,11.8,TRUE,20.1453,31.851,"NEONATAL, NEUROLOGICAL EXAMINATION"
c1402_neurological_examination_14,c1402,neurological_examination_14,52937,11.8,TRUE,37.1174,18.3833,"CHILD, NEUROLOGICAL EXAMINATION"
c1402_neonatal_neurological_examination_19,c1402,neonatal_neurological_examination_19,52937,11.8,TRUE,39.9075,28.3835,"NEONATAL, NEUROLOGICAL EXAMINATION"
c1402_neurological_examination_16,c1402,neurological_examination_16,52937,11.8,TRUE,45.5812,16.344,"CHILD, NEUROLOGICAL EXAMINATION"
c1402_neonatal_neurological_examination_21,c1402,neonatal_neurological_examination_21,52937,11.8,TRUE,44.8199,31.0185,"NEONATAL, NEUROLOGICAL EXAMINATION"
c1402_neurological_examination_18,c1402,neurological_examination_18,52937,11.8,TRUE,46.9433,17.9245,"CHILD, NEUROLOGICAL EXAMINATION"
c1402_neonatal_neurological_examination_23,c1402,neonatal_neurological_examination_23,52937,11.8,TRUE,46.3444,31.7723,"NEONATAL, NEUROLOGICAL EXAMINATION"
c1402_neurological_examination_20,c1402,neurological_examination_20,52937,11.8,TRUE,54.4755,25.2918,"CHILD, NEUROLOGICAL EXAMINATION"
c1402_neonatal_neurological_examination_25,c1402,neonatal_neurological_examination_25,52937,11.8,TRUE,57.5186,34.0208,"NEONATAL, NEUROLOGICAL EXAMINATION"
c1402_neurological_examination_22,c1402,neurological_examination_22,52937,11.8,TRUE,90.4285,20.6358,"CHILD, NEUROLOGICAL EXAMINATION"
c1402_neonatal_neurological_examination_27,c1402,neonatal_neurological_examination_27,52937,11.8,TRUE,75.3218,30.7851,"NEONATAL, NEUROLOGICAL EXAMINATION"
c1402_neurological_examination_24,c1402,neurological_examination_24,46750,22.1,TRUE,0.8954,2.977,"CHILD, NEUROLOGICAL EXAMINATION"
c1402_neonatal_neurological_examination_29,c1402,neonatal_neurological_examination_29,46749,22.11,TRUE,6.0689,14.9843,"NEONATAL, NEUROLOGICAL EXAMINATION"
c1402_neurological_examination_26,c1402,neurological_examination_26,52936,11.8,TRUE,0.2438,1.323,"CHILD, NEUROLOGICAL EXAMINATION"
c1402_neurological_examination_27,c1402,neurological_examination_27,52936,11.8,TRUE,0.0746,0.2754,"CHILD, NEUROLOGICAL EXAMINATION"
c1402_neonatal_neurological_examination_31,c1402,neonatal_neurological_examination_31,52937,11.8,TRUE,2.9122,4.0534,"NEONATAL, NEUROLOGICAL EXAMINATION"
c1402_neurological_examination_29,c1402,neurological_examination_29,52937,11.8,TRUE,21.9572,28.4775,"CHILD, NEUROLOGICAL EXAMINATION"
c1402_neonatal_neurological_examination_33,c1402,neonatal_neurological_examination_33,52937,11.8,TRUE,3.0451,6.0788,"NEONATAL, NEUROLOGICAL EXAMINATION"
c1402_neurological_examination_31,c1402,neurological_examination_31,52937,11.8,TRUE,1.2289,3.3099,"CHILD, NEUROLOGICAL EXAMINATION"
c1402_neonatal_neurological_examination_35,c1402,neonatal_neurological_examination_35,52937,11.8,TRUE,0.5813,2.6425,"NEONATAL, NEUROLOGICAL EXAMINATION"
c1402_neurological_examination_33,c1402,neurological_examination_33,52937,11.8,TRUE,0.0466,0.9779,"CHILD, NEUROLOGICAL EXAMINATION"
c1402_neonatal_neurological_examination_37,c1402,neonatal_neurological_examination_37,52937,11.8,TRUE,0.0307,0.8042,"NEONATAL, NEUROLOGICAL EXAMINATION"
c1402_neurological_examination_35,c1402,neurological_examination_35,52937,11.8,TRUE,0.6407,1.6644,"CHILD, NEUROLOGICAL EXAMINATION"
c1402_physical_exam_predicted_from_above_2,c1402,physical_exam_predicted_from_above_2,52937,11.8,TRUE,3.7266,4.829,"CHILD, PHYSICAL EXAM, PREDICTED FROM ABOVE"
c1402_neurological_examination_37,c1402,neurological_examination_37,46750,22.1,TRUE,3.1399,8.2058,"CHILD, NEUROLOGICAL EXAMINATION"
c1402_physical_exam_predicted_from_above_3,c1402,physical_exam_predicted_from_above_3,46749,22.11,TRUE,0.9482,2.767,"CHILD, PHYSICAL EXAM, PREDICTED FROM ABOVE"
c1402_neonatal_neurological_examination_43,c1402,neonatal_neurological_examination_43,52937,11.8,TRUE,8399.1632,26220.5171,"NEONATAL, NEUROLOGICAL EXAMINATION"
c1402_neurological_examination_39,c1402,neurological_examination_39,52936,11.8,TRUE,5.6606,15.1802,"CHILD, NEUROLOGICAL EXAMINATION"
c1402_physical_exam_predicted_from_above_4,c1402,physical_exam_predicted_from_above_4,52937,11.8,TRUE,0.2557,1.7789,"CHILD, PHYSICAL EXAM, PREDICTED FROM ABOVE"
c1402_neurological_examination_41,c1402,neurological_examination_41,52937,11.8,TRUE,1.8389,8.5597,"CHILD, NEUROLOGICAL EXAMINATION"
c1402_physical_exam_predicted_from_above_5,c1402,physical_exam_predicted_from_above_5,52937,11.8,TRUE,0.0586,1.3598,"CHILD, PHYSICAL EXAM, PREDICTED FROM ABOVE"
c1402_neurological_examination_43,c1402,neurological_examination_43,52937,11.8,TRUE,0.3182,3.1898,"CHILD, NEUROLOGICAL EXAMINATION"
c1402_physical_exam_predicted_from_above_6,c1402,physical_exam_predicted_from_above_6,46750,22.1,TRUE,0.1011,1.3163,"CHILD, PHYSICAL EXAM, PREDICTED FROM ABOVE"
c1402_neurological_examination_45,c1402,neurological_examination_45,46749,22.11,TRUE,0.9619,5.4297,"CHILD, NEUROLOGICAL EXAMINATION"
c1402_physical_exam_predicted_from_above_7,c1402,physical_exam_predicted_from_above_7,46749,22.11,TRUE,2.5383,6.3858,"CHILD, PHYSICAL EXAM, PREDICTED FROM ABOVE"
c1402_neurological_examination_47,c1402,neurological_examination_47,46749,22.11,TRUE,3.9978,6.7743,"CHILD, NEUROLOGICAL EXAMINATION"
c1402_physical_exam_predicted_from_above_8,c1402,physical_exam_predicted_from_above_8,46749,22.11,TRUE,4.3124,7.3178,"CHILD, PHYSICAL EXAM, PREDICTED FROM ABOVE"
c1402_study_neurological_examination,c1402,study_neurological_examination,46749,22.11,TRUE,48.2023,941.4684,"STUDY CHILD, NEUROLOGICAL EXAMINATION"
c1402_neurological_examination_49,c1402,neurological_examination_49,46749,22.11,TRUE,0.9308,5.0101,"CHILD, NEUROLOGICAL EXAMINATION"
c1402_physical_exam_predicted_from_above_9,c1402,physical_exam_predicted_from_above_9,46749,22.11,TRUE,0.3131,0.5239,"CHILD, PHYSICAL EXAM, PREDICTED FROM ABOVE"
c3402_f02a3402,c3402,f02a3402,52906,11.85,TRUE,6.6034,3.4351,f02a3402
c3402_f02b3402,c3402,f02b3402,52906,11.85,TRUE,15.6976,8.7561,f02b3402
c3402_f02c3402,c3402,f02c3402,52906,11.85,TRUE,62.5233,1.9373,f02c3402
c3402_f02d3402,c3402,f02d3402,52906,11.85,TRUE,12.3961,9.6802,f02d3402
c3402_f02e3402,c3402,f02e3402,52906,11.85,TRUE,46.7515,12.2022,f02e3402
c3402_neonatal_neurological_examination_2,c3402,neonatal_neurological_examination_2,52906,11.85,TRUE,23.1714,33.1952,"CHILD, NEONATAL, NEUROLOGICAL EXAMINATION"
c3402_neurological_examination_2,c3402,neurological_examination_2,60016,0,FALSE,"","","CHILD, NEUROLOGICAL EXAMINATION"
c3402_neurological_examination_3,c3402,neurological_examination_3,60016,0,FALSE,"","","CHILD, NEUROLOGICAL EXAMINATION"
c3402_neurological_examination_4,c3402,neurological_examination_4,52906,11.85,TRUE,5.2376,3.0846,"CHILD, NEUROLOGICAL EXAMINATION"
c3402_neonatal_neurological_examination_3,c3402,neonatal_neurological_examination_3,52906,11.85,TRUE,60.0419,31.2713,"NEONATAL, NEUROLOGICAL EXAMINATION"
c3402_neurological_examination_6,c3402,neurological_examination_6,52906,11.85,TRUE,7.666,3.0054,"CHILD, NEUROLOGICAL EXAMINATION"
c3402_neonatal_neurological_examination_5,c3402,neonatal_neurological_examination_5,52906,11.85,TRUE,92.3055,19.4493,"NEONATAL, NEUROLOGICAL EXAMINATION"
c3402_neonatal_neurological_examination_7,c3402,neonatal_neurological_examination_7,52906,11.85,TRUE,11.3194,13.1072,"NEONATAL, NEUROLOGICAL EXAMINATION"
c3402_compute_heading,c3402,compute_heading,60016,0,FALSE,"","",COMPUTE HEADING
c3402_neonatal_neurological_examination_10,c3402,neonatal_neurological_examination_10,52906,11.85,TRUE,45.6301,28.5797,"CHILD, NEONATAL, NEUROLOGICAL EXAMINATION"
c3402_neonatal_neurological_examination_11,c3402,neonatal_neurological_examination_11,52906,11.85,TRUE,27.4327,12.7002,"NEONATAL, NEUROLOGICAL EXAMINATION"
c3402_neonatal_neurological_examination_13,c3402,neonatal_neurological_examination_13,52906,11.85,TRUE,1.3066,4.4645,"NEONATAL, NEUROLOGICAL EXAMINATION"
c3402_neonatal_neurological_examination_15,c3402,neonatal_neurological_examination_15,52906,11.85,TRUE,0.5824,4.1806,"NEONATAL, NEUROLOGICAL EXAMINATION"
c3402_procedure,c3402,procedure,60016,0,FALSE,"","",PROCEDURE
c3402_neonatal_neurological_examination_17,c3402,neonatal_neurological_examination_17,52906,11.85,TRUE,0.2796,4.4244,"NEONATAL, NEUROLOGICAL EXAMINATION"
c3402_neurological_examination_14,c3402,neurological_examination_14,52906,11.85,TRUE,0.9415,6.3249,"CHILD, NEUROLOGICAL EXAMINATION"
c3402_neonatal_neurological_examination_19,c3402,neonatal_neurological_examination_19,52906,11.85,TRUE,0.3271,4.278,"NEONATAL, NEUROLOGICAL EXAMINATION"
c3402_neurological_examination_16,c3402,neurological_examination_16,52906,11.85,TRUE,0.859,7.7779,"CHILD, NEUROLOGICAL EXAMINATION"
c3402_neonatal_neurological_examination_21,c3402,neonatal_neurological_examination_21,52906,11.85,TRUE,0.3736,4.5149,"NEONATAL, NEUROLOGICAL EXAMINATION"
c3402_neurological_examination_18,c3402,neurological_examination_18,52906,11.85,TRUE,2.1044,8.4407,"CHILD, NEUROLOGICAL EXAMINATION"
c3402_neonatal_neurological_examination_23,c3402,neonatal_neurological_examination_23,52906,11.85,TRUE,12.9465,8.971,"NEONATAL, NEUROLOGICAL EXAMINATION"
c3402_neurological_examination_20,c3402,neurological_examination_20,52906,11.85,TRUE,14.4889,12.7291,"CHILD, NEUROLOGICAL EXAMINATION"
c3402_neonatal_neurological_examination_25,c3402,neonatal_neurological_examination_25,52906,11.85,TRUE,31.0551,30.166,"NEONATAL, NEUROLOGICAL EXAMINATION"
c3402_neurological_examination_22,c3402,neurological_examination_22,52906,11.85,TRUE,77.3361,29.4754,"CHILD, NEUROLOGICAL EXAMINATION"
c3402_neonatal_neurological_examination_27,c3402,neonatal_neurological_examination_27,52906,11.85,TRUE,5.6408,16.8276,"NEONATAL, NEUROLOGICAL EXAMINATION"
c3402_neurological_examination_24,c3402,neurological_examination_24,52906,11.85,TRUE,6.2326,17.3667,"CHILD, NEUROLOGICAL EXAMINATION"
c3402_neonatal_neurological_examination_29,c3402,neonatal_neurological_examination_29,52906,11.85,TRUE,24.1565,34.2962,"NEONATAL, NEUROLOGICAL EXAMINATION"
c3402_neurological_examination_26,c3402,neurological_examination_26,52906,11.85,TRUE,71.0083,35.959,"CHILD, NEUROLOGICAL EXAMINATION"
c3402_neurological_examination_27,c3402,neurological_examination_27,46718,22.16,TRUE,0.0419,0.598,"CHILD, NEUROLOGICAL EXAMINATION"
c3402_neonatal_neurological_examination_31,c3402,neonatal_neurological_examination_31,46718,22.16,TRUE,0.5954,6.6092,"NEONATAL, NEUROLOGICAL EXAMINATION"
c3402_neurological_examination_29,c3402,neurological_examination_29,46718,22.16,TRUE,1.8662,9.057,"CHILD, NEUROLOGICAL EXAMINATION"
c3402_neonatal_neurological_examination_33,c3402,neonatal_neurological_examination_33,46718,22.16,TRUE,1.5145,5.9265,"NEONATAL, NEUROLOGICAL EXAMINATION"
c3402_neurological_examination_31,c3402,neurological_examination_31,52906,11.85,TRUE,4.6585,17.8448,"CHILD, NEUROLOGICAL EXAMINATION"
c3402_neonatal_neurological_examination_35,c3402,neonatal_neurological_examination_35,52906,11.85,TRUE,0.9409,3.2905,"NEONATAL, NEUROLOGICAL EXAMINATION"
c3402_neurological_examination_33,c3402,neurological_examination_33,52906,11.85,TRUE,7.0888,16.0127,"CHILD, NEUROLOGICAL EXAMINATION"
c3402_neonatal_neurological_examination_37,c3402,neonatal_neurological_examination_37,52906,11.85,TRUE,0.1007,2.5414,"NEONATAL, NEUROLOGICAL EXAMINATION"
c3402_neurological_examination_35,c3402,neurological_examination_35,52906,11.85,TRUE,0.2881,3.409,"CHILD, NEUROLOGICAL EXAMINATION"
c3402_neonatal_neurological_examination_39,c3402,neonatal_neurological_examination_39,46718,22.16,TRUE,0.0591,2.2487,"NEONATAL, NEUROLOGICAL EXAMINATION"
c3402_neurological_examination_37,c3402,neurological_examination_37,52906,11.85,TRUE,0.1191,2.5844,"CHILD, NEUROLOGICAL EXAMINATION"
c3402_neonatal_neurological_examination_41,c3402,neonatal_neurological_examination_41,52906,11.85,TRUE,0.0911,2.5293,"NEONATAL, NEUROLOGICAL EXAMINATION"
c3402_neonatal_neurological_examination_43,c3402,neonatal_neurological_examination_43,60016,0,FALSE,"","","NEONATAL, NEUROLOGICAL EXAMINATION"
c3402_neurological_examination_39,c3402,neurological_examination_39,52906,11.85,TRUE,0.2974,3.517,"CHILD, NEUROLOGICAL EXAMINATION"
c3402_neonatal_neurological_examination_44,c3402,neonatal_neurological_examination_44,46718,22.16,TRUE,0.063,2.2585,"NEONATAL, NEUROLOGICAL EXAMINATION"
c3402_neurological_examination_41,c3402,neurological_examination_41,52906,11.85,TRUE,0.1307,2.7047,"CHILD, NEUROLOGICAL EXAMINATION"
c3402_neonatal_neurological_examination_46,c3402,neonatal_neurological_examination_46,52906,11.85,TRUE,0.0653,2.5099,"NEONATAL, NEUROLOGICAL EXAMINATION"
c3402_neurological_examination_43,c3402,neurological_examination_43,52906,11.85,TRUE,0.0801,2.6109,"CHILD, NEUROLOGICAL EXAMINATION"
c3402_neonatal_neurological_examination_48,c3402,neonatal_neurological_examination_48,52906,11.85,TRUE,0.0658,2.5111,"NEONATAL, NEUROLOGICAL EXAMINATION"
c3402_neurological_examination_45,c3402,neurological_examination_45,52906,11.85,TRUE,0.0664,2.259,"CHILD, NEUROLOGICAL EXAMINATION"
c3402_neonatal_neurological_examination_50,c3402,neonatal_neurological_examination_50,46718,22.16,TRUE,0.2465,2.4908,"NEONATAL, NEUROLOGICAL EXAMINATION"
c3402_neurological_examination_47,c3402,neurological_examination_47,46718,22.16,TRUE,0.1628,0.7769,"CHILD, NEUROLOGICAL EXAMINATION"
c3336_card_number_mother,c3336,card_number_mother,52886,11.88,TRUE,0.2538,0.4352,"Card number, MOTHER, PRENATAL, PHYSICAL EXAM"
c3336_coombs,c3336,coombs,52886,11.88,TRUE,67629.4427,34369.578,"Coombs, PRENATAL, CLINICAL LAB (REPEATED FROM ABOVE)"
c3336_serology_mother,c3336,serology_mother,52886,11.88,TRUE,676295524113181,343695775810514,"Serology, MOTHER, PRENATAL, PHYSICAL EXAM"
c3336_prenatal,c3336,prenatal,60016,0,FALSE,"","","Prenatal, CLINICAL LAB (REPEATED FROM ABOVE)"
c3336_glucose_tolerance,c3336,glucose_tolerance,52886,11.88,TRUE,1096854549.4851,700601875.2539,"Glucose tolerance, PRENATAL, CLINICAL LAB (REPEATED FROM ABOVE)"
c3336_complete_blood_count_mother,c3336,complete_blood_count_mother,52886,11.88,TRUE,144499.6849,240102.8833,"Complete blood count, MOTHER, PRENATAL, PHYSICAL EXAM"
c3336_diabetic_screening,c3336,diabetic_screening,52886,11.88,TRUE,1298902501.9288,2276467084.6544,"Diabetic screening, PRENATAL, CLINICAL LAB (REPEATED FROM ABOVE)"
c3336_blood_pressure_systolic_mother_intrapart,c3336,blood_pressure_systolic_mother_intrapart,48869,18.57,TRUE,114166.9077,68072.5566,"Blood pressure, systolic, MOTHER, INTRAPARTUM, PHYSICAL EXAM (REPEATED FROM ABOVE)"
c3336_laboratory_mother,c3336,laboratory_mother,60016,0,FALSE,"","","Laboratory, MOTHER, PRENATAL, PHYSICAL EXAM"
c3336_papanicolaou,c3336,papanicolaou,48869,18.57,TRUE,4694197361.7075,4497181665.9062,"Papanicolaou, PRENATAL, CLINICAL LAB (REPEATED FROM ABOVE)"
c3336_blood_pressure_diastolic_mother_intrapar,c3336,blood_pressure_diastolic_mother_intrapar,48869,18.57,TRUE,631.6285,373.0102,"Blood pressure, diastolic, MOTHER, INTRAPARTUM, PHYSICAL EXAM (REPEATED FROM ABOVE)"
c3336_pulse_mother_intrapartum,c3336,pulse_mother_intrapartum,48869,18.57,TRUE,5037121657.1515,4480852685.4107,"Pulse, MOTHER, INTRAPARTUM, PHYSICAL EXAM (REPEATED FROM ABOVE)"
c3336_urine_culture,c3336,urine_culture,48869,18.57,TRUE,4071680039.4432,2079798069.1955,"Urine culture, PRENATAL, CLINICAL LAB (REPEATED FROM ABOVE)"
c3336_temperature_mother_intrapartum,c3336,temperature_mother_intrapartum,45386,24.38,TRUE,27.6555,27.8099,"Temperature, MOTHER, INTRAPARTUM, PHYSICAL EXAM (REPEATED FROM ABOVE)"
c3336_blood_group_rh_mother,c3336,blood_group_rh_mother,45386,24.38,TRUE,646153.3593,371291.4314,"Blood group/Rh, MOTHER, PRENATAL, PHYSICAL EXAM"
c3336_clinical_lab_continued,c3336,clinical_lab_continued,60016,0,FALSE,"","","Clinical lab continued, PRENATAL, CLINICAL LAB (REPEATED FROM ABOVE)"
c3336_cervical_culture,c3336,cervical_culture,60016,0,FALSE,"","","Cervical culture, PRENATAL, CLINICAL LAB (REPEATED FROM ABOVE)"
c3336_prenatal_continued_mother,c3336,prenatal_continued_mother,60016,0,FALSE,"","","Prenatal, continued, MOTHER, PRENATAL, PHYSICAL EXAM"
c1406_f05a1406,c1406,f05a1406,52179,13.06,TRUE,6.6017,3.4353,f05a1406
c1406_f05b1406,c1406,f05b1406,52179,13.06,TRUE,15.7095,8.7561,f05b1406
c1406_f05c1406,c1406,f05c1406,52179,13.06,TRUE,62.5323,1.9352,f05c1406
c1406_f06_1406,c1406,f06_1406,52179,13.06,TRUE,50.5505,39.4962,f06_1406
c1406_f07_1406,c1406,f07_1406,52179,13.06,TRUE,27.3764,42.8251,f07_1406
c1406_f08_1406,c1406,f08_1406,52179,13.06,TRUE,1.24,0.8056,f08_1406
c1406_f14_1406,c1406,f14_1406,52179,13.06,TRUE,0.0121,0.2505,f14_1406
c1406_f15_1406,c1406,f15_1406,52179,13.06,TRUE,2.2767,3.9103,f15_1406
c1406_f16_1406,c1406,f16_1406,52179,13.06,TRUE,0.0052,0.2086,f16_1406
c1406_f17_1406,c1406,f17_1406,52179,13.06,TRUE,0.0052,0.2086,f17_1406
c1406_f18_1406,c1406,f18_1406,52179,13.06,TRUE,0.0341,0.3013,f18_1406
c1406_f19_1406,c1406,f19_1406,52179,13.06,TRUE,0.0564,0.5141,f19_1406
c1406_f20_1406,c1406,f20_1406,52179,13.06,TRUE,1.9639,3.6785,f20_1406
c1406_f21_1406,c1406,f21_1406,52179,13.06,TRUE,0.0316,0.45,f21_1406
c1406_f22_1406,c1406,f22_1406,52179,13.06,TRUE,0.026,0.4336,f22_1406
c1406_gestation_at_delivery,c1406,gestation_at_delivery,52179,13.06,TRUE,3895.5559,46430.0572,Gestation at Delivery
c1406_f23_1406,c1406,f23_1406,52179,13.06,TRUE,0.1182,0.8765,f23_1406
c1406_f24_1406,c1406,f24_1406,52179,13.06,TRUE,0.0996,0.5645,f24_1406
c1406_f25_1406,c1406,f25_1406,52179,13.06,TRUE,0.1242,0.7233,f25_1406
c1406_f26_1406,c1406,f26_1406,52179,13.06,TRUE,0.069,0.5047,f26_1406
c1406_f27_1406,c1406,f27_1406,52179,13.06,TRUE,0.2528,1.1886,f27_1406
c1406_f28_1406,c1406,f28_1406,52179,13.06,TRUE,0.1258,0.9105,f28_1406
c1406_f29_1406,c1406,f29_1406,52179,13.06,TRUE,2.1264,3.73,f29_1406
c1406_f30_1406,c1406,f30_1406,52179,13.06,TRUE,0.1797,1.1378,f30_1406
c1406_f31_1406,c1406,f31_1406,52179,13.06,TRUE,0.214,1.0229,f31_1406
c1406_f32_1406,c1406,f32_1406,52179,13.06,TRUE,0.3501,1.3195,f32_1406
c1406_f33_1406,c1406,f33_1406,52179,13.06,TRUE,0.2432,1.1973,f33_1406
c1406_f34_1406,c1406,f34_1406,52179,13.06,TRUE,1.0997,0.6897,f34_1406
c1406_f35_1406,c1406,f35_1406,52179,13.06,TRUE,0.426,1.6398,f35_1406
c1406_f36_1406,c1406,f36_1406,52179,13.06,TRUE,0.1911,1.2122,f36_1406
c1406_f37_1406,c1406,f37_1406,13167,78.06,TRUE,1.5515,3.2936,f37_1406
c1406_f38_1406,c1406,f38_1406,13167,78.06,TRUE,1.4864,3.3103,f38_1406
c1406_f39_1406,c1406,f39_1406,13167,78.06,TRUE,1.8661,3.5747,f39_1406
c1406_f40a1406,c1406,f40a1406,13167,78.06,TRUE,7.9327,2.5336,f40a1406
c1406_f40b1406,c1406,f40b1406,13167,78.06,TRUE,7.8395,2.8709,f40b1406
c1406_f40c1406,c1406,f40c1406,13167,78.06,TRUE,7.8091,2.8382,f40c1406
c1406_f40d1406,c1406,f40d1406,13167,78.06,TRUE,7.7927,2.9285,f40d1406
c1406_f40e1406,c1406,f40e1406,13167,78.06,TRUE,7.8042,2.8427,f40e1406
c1406_f40f1406,c1406,f40f1406,13167,78.06,TRUE,7.7863,2.9871,f40f1406
c1406_f40g1406,c1406,f40g1406,13167,78.06,TRUE,7.936,2.5399,f40g1406
c1406_f40h1406,c1406,f40h1406,13167,78.06,TRUE,7.8755,2.7398,f40h1406
c1406_f41a1406,c1406,f41a1406,13167,78.06,TRUE,2.7969,3.0148,f41a1406
c1406_f41b1406,c1406,f41b1406,13167,78.06,TRUE,3.774,3.3021,f41b1406
c1406_f41c1406,c1406,f41c1406,13167,78.06,TRUE,2.9752,2.9282,f41c1406
c1406_f41d1406,c1406,f41d1406,13167,78.06,TRUE,3.6662,3.3847,f41d1406
c2406_f02a2406,c2406,f02a2406,52172,13.07,TRUE,6.6019,3.4352,f02a2406
c2406_f02b2406,c2406,f02b2406,52172,13.07,TRUE,15.7078,8.7557,f02b2406
c2406_f02c2406,c2406,f02c2406,52172,13.07,TRUE,62.5324,1.9354,f02c2406
c2406_f02d2406,c2406,f02d2406,52172,13.07,TRUE,50.5715,39.5857,f02d2406
c2406_f02e2406,c2406,f02e2406,52172,13.07,TRUE,27.3732,42.8197,f02e2406
c2406_f03_2406,c2406,f03_2406,52172,13.07,TRUE,0.1811,1.2081,f03_2406
c2406_f09a2406,c2406,f09a2406,52172,13.07,TRUE,2.2804,3.9119,f09a2406
c2406_f09b2406,c2406,f09b2406,52172,13.07,TRUE,4.5136,2.6254,f09b2406
c2406_f10a2406,c2406,f10a2406,52172,13.07,TRUE,2.2788,3.9131,f10a2406
c2406_f10b2406,c2406,f10b2406,52172,13.07,TRUE,4.4552,2.6683,f10b2406
c2406_f11a2406,c2406,f11a2406,52172,13.07,TRUE,2.279,3.9132,f11a2406
c2406_f11b2406,c2406,f11b2406,52172,13.07,TRUE,4.4788,2.6509,f11b2406
c2406_f12a2406,c2406,f12a2406,52172,13.07,TRUE,2.2792,3.9133,f12a2406
c2406_f12b2406,c2406,f12b2406,52172,13.07,TRUE,4.4943,2.6382,f12b2406
c2406_f13_2406,c2406,f13_2406,52172,13.07,TRUE,0.9645,2.678,f13_2406
c2406_gestation_at_delivery,c2406,gestation_at_delivery,52172,13.07,TRUE,178124.7651,269576.2016,Gestation at Delivery
c2406_f14a2406,c2406,f14a2406,52172,13.07,TRUE,7.4205,3.1133,f14a2406
c2406_f14b2406,c2406,f14b2406,52172,13.07,TRUE,6.5285,3.1107,f14b2406
c2406_f15_2406,c2406,f15_2406,52172,13.07,TRUE,8.4587,1.9622,f15_2406
c2406_f16_2406,c2406,f16_2406,52172,13.07,TRUE,8.4706,1.8806,f16_2406
c2406_f17_2406,c2406,f17_2406,52172,13.07,TRUE,8.4556,1.9796,f17_2406
c2406_f18_2406,c2406,f18_2406,52172,13.07,TRUE,8.4644,1.9442,f18_2406
c2406_f19_2406,c2406,f19_2406,52172,13.07,TRUE,8.4601,1.9599,f19_2406
c2406_f20_2406,c2406,f20_2406,52172,13.07,TRUE,8.4735,1.8775,f20_2406
c2406_f21_2406,c2406,f21_2406,52172,13.07,TRUE,8.4565,1.9783,f21_2406
c2406_f22_2406,c2406,f22_2406,52172,13.07,TRUE,8.4667,1.9398,f22_2406
c2406_f23_2406,c2406,f23_2406,52172,13.07,TRUE,2.3621,3.8933,f23_2406
c2406_f24_2406,c2406,f24_2406,52172,13.07,TRUE,2.0164,3.6652,f24_2406
c2406_f25_2406,c2406,f25_2406,52172,13.07,TRUE,2.0691,3.6576,f25_2406
c2406_f26_2406,c2406,f26_2406,52172,13.07,TRUE,0.0559,0.3988,f26_2406
c2406_f27_2406,c2406,f27_2406,13165,78.06,TRUE,1.5252,3.23,f27_2406
c2406_f28_2406,c2406,f28_2406,13165,78.06,TRUE,2.9277,0.7676,f28_2406
c2406_f29_2406,c2406,f29_2406,13165,78.06,TRUE,3.0066,0.6444,f29_2406
c2406_f30_2406,c2406,f30_2406,13165,78.06,TRUE,3.0343,0.7129,f30_2406
c2406_f31_2406,c2406,f31_2406,13165,78.06,TRUE,3.0479,0.7284,f31_2406
c2406_f32a2406,c2406,f32a2406,13165,78.06,TRUE,1.5445,3.3879,f32a2406
c2406_f32b2406,c2406,f32b2406,13165,78.06,TRUE,1.5506,3.3932,f32b2406
c2406_f33a2406,c2406,f33a2406,13165,78.06,TRUE,8.8961,0.9615,f33a2406
c2406_f33b2406,c2406,f33b2406,13165,78.06,TRUE,8.8962,0.9608,f33b2406
c2406_f34a2406,c2406,f34a2406,13165,78.06,TRUE,8.9024,0.9316,f34a2406
c2406_f34b2406,c2406,f34b2406,13165,78.06,TRUE,8.9022,0.9329,f34b2406
c2406_f35a2406,c2406,f35a2406,13165,78.06,TRUE,1.549,3.3951,f35a2406
c2406_f35b2406,c2406,f35b2406,13165,78.06,TRUE,1.553,3.3981,f35b2406
c2406_f36a2406,c2406,f36a2406,13165,78.06,TRUE,2.0014,3.7386,f36a2406
c2406_f36b2406,c2406,f36b2406,13165,78.06,TRUE,2.0051,3.7408,f36b2406
c2406_f37a2406,c2406,f37a2406,13165,78.06,TRUE,2.0299,3.7368,f37a2406
c2406_f37b2406,c2406,f37b2406,13165,78.06,TRUE,2.0313,3.7388,f37b2406
c2406_f38a2406,c2406,f38a2406,13165,78.06,TRUE,2.0311,3.741,f38a2406
c2406_f38b2406,c2406,f38b2406,13165,78.06,TRUE,2.0278,3.7415,f38b2406
c2406_f39a2406,c2406,f39a2406,13165,78.06,TRUE,2.2344,3.752,f39a2406
c2406_f39b2406,c2406,f39b2406,13165,78.06,TRUE,2.2408,3.757,f39b2406
c6336_card_number,c6336,card_number,51442,14.29,TRUE,0.2541,0.4354,"Card number, PRENATAL, CLINICAL LAB (REPEATED FROM ABOVE)"
c6336_coombs,c6336,coombs,51442,14.29,TRUE,67681.3188,34367.2267,"Coombs, PRENATAL, CLINICAL LAB (REPEATED FROM ABOVE)"
c6336_glucose_tolerance,c6336,glucose_tolerance,51442,14.29,TRUE,884013457.1614,682233754.8643,"Glucose tolerance, PRENATAL, CLINICAL LAB (REPEATED FROM ABOVE)"
c6336_diabetic_screening,c6336,diabetic_screening,43444,27.61,TRUE,3759557663.4205,3119160626.8921,"Diabetic screening, PRENATAL, CLINICAL LAB (REPEATED FROM ABOVE)"
c6336_papanicolaou,c6336,papanicolaou,36135,39.79,TRUE,2072377434.5284,1874766272.602,"Papanicolaou, PRENATAL, CLINICAL LAB (REPEATED FROM ABOVE)"
c6336_urine_culture,c6336,urine_culture,28933,51.79,TRUE,2526630233.6722,2888967217.7748,"Urine culture, PRENATAL, CLINICAL LAB (REPEATED FROM ABOVE)"
c6336_clinical_lab_continued,c6336,clinical_lab_continued,60016,0,FALSE,"","","Clinical lab continued, PRENATAL, CLINICAL LAB (REPEATED FROM ABOVE)"
c6336_cervical_culture,c6336,cervical_culture,22379,62.71,TRUE,3026194507.134,2846880000.9577,"Cervical culture, PRENATAL, CLINICAL LAB (REPEATED FROM ABOVE)"
c6336_chest_x_ray,c6336,chest_x_ray,60016,0,FALSE,"","","Chest x-ray, PRENATAL, CLINICAL LAB (REPEATED FROM ABOVE)"
c1412_sei_number_sequence_form_type_form_numbe,c1412,sei_number_sequence_form_type_form_numbe,49503,17.52,TRUE,31119185.428,8316615.5212,"SEI NUMBER (SEQUENCE, FORM TYPE, FORM NUMBER, POSITION NUMBER)"
c1412_social_conditions,c1412,social_conditions,49503,17.52,TRUE,0.18,1.4481,"SOCIAL CONDITIONS, CHILD, 1 YEAR, DIAGNOSES & CONDITIONS"
c1412_condition_cerebral_anomaly_sqdnst_codes_2,c1412,condition_cerebral_anomaly_sqdnst_codes_2,60016,0,FALSE,"","","CONDITION, CEREBRAL ANOMALY, SQDNST, CODES 004, CHILD, 1 YEAR, DIAGNOSES & CONDITIONS"
c1412_socioeconomic_info,c1412,socioeconomic_info,49501,17.52,TRUE,0.0111,0.1081,SOCIOECONOMIC INFO (REPEATED FROM ABOVE)
c1412_condition_ma_001,c1412,condition_ma_001,49501,17.52,TRUE,0.0298,0.2246,"CONDITION, CHILD, M.A. 001, DIAGNOSES & CONDITIONS"
c1412_condition_6,c1412,condition_6,49501,17.52,TRUE,0.0304,0.1833,"CONDITION, CHILD, 1 YEAR, DIAGNOSES & CONDITIONS"
c1412_condition_laterality_cerebral_anomaly_sq,c1412,condition_laterality_cerebral_anomaly_sq,49501,17.52,TRUE,0.0096,0.1021,"CONDITION, LATERALITY, CHILD, CEREBRAL ANOMALY, SQDNST"
c1412_projection_left_cerebral_anomaly_sqdnst,c1412,projection_left_cerebral_anomaly_sqdnst,49501,17.52,TRUE,0.021,0.1564,"PROJECTION, LEFT, CEREBRAL ANOMALY, SQDNST"
c1412_projection_right_cerebral_anomaly_sqdnst,c1412,projection_right_cerebral_anomaly_sqdnst,49501,17.52,TRUE,0.0024,0.0496,"PROJECTION, RIGHT, CEREBRAL ANOMALY, SQDNST"
c1412_condition_7,c1412,condition_7,49501,17.52,TRUE,33568.1754,162647.2986,"CONDITION, CHILD, 1 YEAR, DIAGNOSES & CONDITIONS"
c1412_condition_8,c1412,condition_8,49501,17.52,TRUE,2802.8051,12189.6616,"CONDITION, CHILD, 1 YEAR, DIAGNOSES & CONDITIONS"
c1412_hospitalization_site_post_abnormality_ar,c1412,hospitalization_site_post_abnormality_ar,49501,17.52,TRUE,21.3664,24.1441,"HOSPITALIZATION SITE, POST ABNORMALITY ARTERY PERIOD, CHILD, DIAGNOSES & CONDITIONS"
c1412_1_year,c1412,1_year,33718,43.82,TRUE,340.1112,324.0811,"1 YEAR, DIAGNOSES & CONDITIONS"
c1412_lymphangiography_recurrent_or_chronic_co,c1412,lymphangiography_recurrent_or_chronic_co,33718,43.82,TRUE,3403.6454,3241.1354,"LYMPHANGIOGRAPHY, RECURRENT OR CHRONIC, CODE#S R31, R32: CHILD, 1 YEAR, DIAGNOSIS & CONDITIONS"
c1412_lymphocytic_benign_meningitis_syndrome,c1412,lymphocytic_benign_meningitis_syndrome,33718,43.82,TRUE,3403.6454,3241.1354,""
c1412_malformation_extremities_code#_r54_r55,c1412,malformation_extremities_code#_r54_r55,33718,43.82,TRUE,3403.6454,3241.1354,""
c1412_malformation_respiratory_code#_r54_r55,c1412,malformation_respiratory_code#_r54_r55,33718,43.82,TRUE,3403.6454,3241.1354,""
c1412_musculoskeletal_connective_tissue_other,c1412,musculoskeletal_connective_tissue_other,33718,43.82,TRUE,3403.6454,3241.1354,""
c1412_congenital_anomaly_other_code#s_r54_r55,c1412,congenital_anomaly_other_code#s_r54_r55,33718,43.82,TRUE,3403.6454,3241.1354,""
c1412_number_of_diagnosis_&_conditions_coded,c1412,number_of_diagnosis_&_conditions_coded,33718,43.82,TRUE,3403.6454,3241.1354,""
c1412_number_of_fractures_dislocations_coded,c1412,number_of_fractures_dislocations_coded,33718,43.82,TRUE,3403.6454,3241.1354,""
c1412_hospitalization_surgical_code#_r31_r32,c1412,hospitalization_surgical_code#_r31_r32,33718,43.82,TRUE,3403.6454,3241.1354,""
c1412_functional_behavioral_sleeping_problem,c1412,functional_behavioral_sleeping_problem,33718,43.82,TRUE,3403.6454,3241.1354,""
c1412_condition_10,c1412,condition_10,33718,43.82,TRUE,4.1252,2.7686,"CONDITION, CHILD, 1 YEAR, DIAGNOSES & CONDITIONS"
c1412_summary,c1412,summary,33718,43.82,TRUE,3.9896,2.9136,"SUMMARY, CHILD, 1 YEAR, DIAGNOSES & CONDITIONS"
c1412_identification,c1412,identification,60016,0,FALSE,"","","IDENTIFICATION, CHILD, 1 YEAR, DIAGNOSES & CONDITIONS"
c1412_f09p1412,c1412,f09p1412,1213,97.98,TRUE,2.291,0.8789,f09p1412
c1202_f5_microscopic_exam_by,c1202,f5_microscopic_exam_by,50296,16.2,TRUE,6.7174,9.9611,F5_Microscopic exam by
c1202_f6a_month,c1202,f6a_month,50296,16.2,TRUE,10.0559,18.1144,F6a_Month
c1202_f6b_day,c1202,f6b_day,50296,16.2,TRUE,19.1097,18.3183,F6b_Day
c1202_f6c_year,c1202,f6c_year,50296,16.2,TRUE,64.6854,7.1418,F6c_Year
c1202_f7_designation_of_placenta,c1202,f7_designation_of_placenta,50296,16.2,TRUE,0.0433,0.2843,F7_Designation of placenta
c1202_microscopic:_motion_available_for_examin,c1202,microscopic:_motion_available_for_examin,50296,16.2,TRUE,0.9968,0.3666,"Microscopic: motion available for examination PLACENTA, GENERAL"
c1202_microscopic:_motion_placenta_pathology,c1202,microscopic:_motion_placenta_pathology,50296,16.2,TRUE,1.9005,8.116,"Microscopic: motion, PLACENTA, PATHOLOGY"
c1202_pathology:_cord_margravific_infection_um,c1202,pathology:_cord_margravific_infection_um,50296,16.2,TRUE,0.1091,0.6917,"Pathology: cord; margravific infection, umbilical, vein PLACENTA"
c1202_pathology:_cord_margravific_infection_um_2,c1202,pathology:_cord_margravific_infection_um_2,50296,16.2,TRUE,0.0525,0.634,"Pathology: cord; margravific infection, umbilical artery PLACENTA, GENERAL"
c1202_microscopic:_section_cord_fungiophile_in,c1202,microscopic:_section_cord_fungiophile_in,50296,16.2,TRUE,20.8248,5.8585,"Microscopic: section, cord, fungiophile initiation, placental onset PLACENTA, GENERAL"
c1202_microscopic:_section_placenta_membrane_p,c1202,microscopic:_section_placenta_membrane_p,50296,16.2,TRUE,5.7273,20.2787,"Microscopic: section, placenta, membrane PLACENTA, GENERAL"
c1202_microscopic:_suspense_metastasic_or_simi,c1202,microscopic:_suspense_metastasic_or_simi,50296,16.2,TRUE,0.4481,1.8391,"Microscopic: suspense, metastasic or similar, necrosis megosattic PLACENTA, GENERAL"
c1202_pathology:_ectoblastic_suspense_estimati,c1202,pathology:_ectoblastic_suspense_estimati,50296,16.2,TRUE,4.3319,20.1811,"Pathology: ectoblastic suspense, estimation of nature, section processes PLACENTA, GENERAL"
c1202_pathology:_section_process_margin_betwee,c1202,pathology:_section_process_margin_betwee,50296,16.2,TRUE,4.4881,20.1289,"Pathology: section process, margin between PLACENTA, neutron"
c1202_pathology:_microscopic_margavistic_insti,c1202,pathology:_microscopic_margavistic_insti,50296,16.2,TRUE,0.2309,0.783,"Pathology: microscopic, margavistic institution, neoplasm cells, motion"
c1202_pathology:_neutrophilic_institution:_pla,c1202,pathology:_neutrophilic_institution:_pla,50296,16.2,TRUE,0.7876,2.4396,"Pathology: neutrophilic institution: placental nutrition, GENERAL, PATHOLOGY"
c1202_pathology:_microscopic:_placenta_patholo,c1202,pathology:_microscopic:_placenta_patholo,50296,16.2,TRUE,0.1587,0.6212,"Pathology: microscopic: PLACENTA, GENERAL, PATHOLOGY"
c1202_microscopic:_fetal_surface_changes_other,c1202,microscopic:_fetal_surface_changes_other,50296,16.2,TRUE,1.2266,6.333,"Microscopic: fetal surface changes, other PLACENTA, GENERAL"
c1202_general_pathology,c1202,general_pathology,50296,16.2,TRUE,0.0575,0.5393,"GENERAL, PATHOLOGY"
c1202_pathology_microscopic:_endometriosis_cla,c1202,pathology_microscopic:_endometriosis_cla,50296,16.2,TRUE,1.6031,4.361,"Pathology, microscopic: endometriosis, class of delivery or abortion PLACENTA"
c1202_pathology:_decidua?_placenta_pathology,c1202,pathology:_decidua?_placenta_pathology,50296,16.2,TRUE,14.8304,27.628,"Pathology: decidua(?), PLACENTA, GENERAL, PATHOLOGY"
c1202_pathology:_microscopic:_serosal_111_path,c1202,pathology:_microscopic:_serosal_111_path,50296,16.2,TRUE,0.0157,0.3723,"Pathology: microscopic: serosal (111), pathological sperma PLACENTA, GENERAL, PATHOLOGY"
c1202_pathology:_microscopic_endometriosis_of,c1202,pathology:_microscopic_endometriosis_of,50296,16.2,TRUE,0.5197,4.3067,"Pathology: microscopic, endometriosis of membrane of twin placenta(s) PLACENTA"
c1202_pathology:_microscopic:_micro_infarcts_p,c1202,pathology:_microscopic:_micro_infarcts_p,50296,16.2,TRUE,3.7128,14.2369,"Pathology: microscopic: micro infarcts, PLACENTA, GENERAL, PATHOLOGY"
c1202_pathology:_microscopic:_interstitial_cha,c1202,pathology:_microscopic:_interstitial_cha,50296,16.2,TRUE,0.9535,6.23,"Pathology: microscopic: interstitial changes, thrombosis PLACENTA"
c1202_pathology:_microscopic:_abnormal_drc_in,c1202,pathology:_microscopic:_abnormal_drc_in,50296,16.2,TRUE,0.7727,4.9335,"Pathology: microscopic: abnormal DRC in fetal circulation? PLACENTA, GENERAL, PATHOLOGY"
c1202_pathology:_placenta_pathology,c1202,pathology:_placenta_pathology,50296,16.2,TRUE,0.081,0.4691,"Pathology: PLACENTA, GENERAL, PATHOLOGY"
c1202_pathology:_microscopic_placenta_patholog,c1202,pathology:_microscopic_placenta_patholog,50296,16.2,TRUE,0.8597,4.9627,"Pathology: microscopic; PLACENTA, GENERAL, PATHOLOGY"
c1202_pathology:_microscopic_endarteritis_plac,c1202,pathology:_microscopic_endarteritis_plac,50296,16.2,TRUE,1.0662,6.3815,Pathology: microscopic; endarteritis PLACENTA
c1202_pathology:_microscopic_neutrophilic_infi,c1202,pathology:_microscopic_neutrophilic_infi,50296,16.2,TRUE,2.3467,7.4393,Pathology: microscopic; neutrophilic infiltration in associated PLACENTA
c1202_pathology:_section_neutrophilic_infiltra,c1202,pathology:_section_neutrophilic_infiltra,50296,16.2,TRUE,0.0971,0.5869,Pathology: section; neutrophilic infiltration in morille PLACENTA
c1202_pathology:_section_lymphocytic_infiltrat,c1202,pathology:_section_lymphocytic_infiltrat,50296,16.2,TRUE,3.4105,7.5118,Pathology: section; lymphocytic infiltration in decidual PLACENTA
c1202_pathology:_section_lymphocytic_infiltrat_2,c1202,pathology:_section_lymphocytic_infiltrat_2,50296,16.2,TRUE,4.1666,7.5099,Pathology: section; lymphocytic infiltration in basal(s) decidual PLACENTA
c1202_pathology:_microscopic_extra_position_of,c1202,pathology:_microscopic_extra_position_of,50296,16.2,TRUE,3.3015,5.8774,"Pathology: microscopic; extra/position of columns, cystic degenerat PLACENTA, GENERAL"
c1202_pathology:_ectovascular_placenta,c1202,pathology:_ectovascular_placenta,50296,16.2,TRUE,1.1754,0.5216,"Pathology: ectovascular, PLACENTA, GENERAL"
c1202_pathology:_lymphocytic_cluster_gross_fib,c1202,pathology:_lymphocytic_cluster_gross_fib,50296,16.2,TRUE,0.0203,0.2618,"Pathology: lymphocytic cluster, gross fibrosis, GENERAL, PATHOLOGY"
c1202_f24_hofbauer_cells,c1202,f24_hofbauer_cells,50296,16.2,TRUE,1.0366,0.2824,F24_Hofbauer cells
c1202_f25_stromal_fibrosis,c1202,f25_stromal_fibrosis,50296,16.2,TRUE,0.0923,0.49,F25_Stromal fibrosis
c1202_f26_pathological_edema,c1202,f26_pathological_edema,50296,16.2,TRUE,0.0987,0.5203,F26_Pathological edema
c1202_f27_micro_infarcts,c1202,f27_micro_infarcts,50296,16.2,TRUE,0.1184,0.4034,F27_Micro infarcts
c1202_f28_nucleated_rbc_in_fetal_circ,c1202,f28_nucleated_rbc_in_fetal_circ,50296,16.2,TRUE,0.0278,0.276,F28_Nucleated RBC in fetal circ
c1202_f29_melanin,c1202,f29_melanin,50296,16.2,TRUE,0.0294,0.4186,F29_Melanin
c1202_pathology:_placental_intrahepatic_marked,c1202,pathology:_placental_intrahepatic_marked,50296,16.2,TRUE,1.684,6.3325,"Pathology: placental intrahepatic, marked and adjacent villous infiltrations"
c1202_placenta_pathology,c1202,placenta_pathology,50296,16.2,TRUE,0.0467,0.4483,"PLACENTA, PATHOLOGY"
c1202_pathology:_intervillous_space_marginal_d,c1202,pathology:_intervillous_space_marginal_d,50296,16.2,TRUE,4.3005,5.3136,"Pathology: intervillous space, marginal deposit blood, PLACENTA"
c1202_general_hemorrhage_placenta_pathology,c1202,general_hemorrhage_placenta_pathology,50296,16.2,TRUE,0.0727,0.425,"GENERAL, hemorrhage, PLACENTA, GENERAL, PATHOLOGY"
c1202_general_pathology_2,c1202,general_pathology_2,50296,16.2,TRUE,0.1362,0.388,"GENERAL, PATHOLOGY"
c1201_pathology_gross_placental_type_placenta,c1201,pathology_gross_placental_type_placenta,49235,17.96,TRUE,0.4455,1.1352,"Pathology, gross, placental type, PLACENTA, GENERAL, PATHOLOGY"
c1201_placental_weight_form_number_placenta_pa,c1201,placental_weight_form_number_placenta_pa,49235,17.96,TRUE,7.7115,12.164,"Placental weight, form number, PLACENTA, PATHOLOGY"
c1201_pregnancy_id_placenta,c1201,pregnancy_id_placenta,49240,17.96,TRUE,189662.8684,216581.9555,"Pregnancy ID, PLACENTA, GENERAL"
c1201_card_type_placenta,c1201,card_type_placenta,49240,17.96,TRUE,1716.0163,1196.697,"Card type, PLACENTA, GENERAL"
c1201_placental_measurements_disk_diameter_1_p,c1201,placental_measurements_disk_diameter_1_p,49240,17.96,TRUE,8.1801,1.3333,"Placental measurements, disk diameter 1, PLACENTA, GENERAL, PATHOLOGY"
c1201_placental_measurements_disk_diameter_2_p,c1201,placental_measurements_disk_diameter_2_p,49240,17.96,TRUE,85.7582,13.029,"Placental measurements, disk diameter 2, PLACENTA, GENERAL, PATHOLOGY"
c1201_placental_measurements_thickness_placent,c1201,placental_measurements_thickness_placent,49240,17.96,TRUE,19.1635,4.9187,"Placental measurements, thickness, PLACENTA, GENERAL, PATHOLOGY"
c1201_gross_placental_shape_placenta_pathology,c1201,gross_placental_shape_placenta_pathology,49240,17.96,TRUE,1.0875,0.6192,"Gross placental shape, PLACENTA, GENERAL, PATHOLOGY"
c1201_presence_of_succenturiate_lobe_placenta,c1201,presence_of_succenturiate_lobe_placenta,49240,17.96,TRUE,5.7906,2.1619,"Presence of succenturiate lobe, PLACENTA, GENERAL, PATHOLOGY"
c1201_gross:_consistency_placenta_pathology,c1201,gross:_consistency_placenta_pathology,49240,17.96,TRUE,1.9338,0.8524,"Gross: consistency, PLACENTA, GENERAL, PATHOLOGY"
c1201_gross:_color_placenta_pathology,c1201,gross:_color_placenta_pathology,49240,17.96,TRUE,2.9085,2.8886,"Gross: color, PLACENTA, GENERAL, PATHOLOGY"
c1201_gross:_placental_attachment_position_pat,c1201,gross:_placental_attachment_position_pat,49240,17.96,TRUE,1.1385,0.827,"Gross: placental attachment, position, GENERAL, PATHOLOGY"
c1201_gross:_placenta_chorion_type_placenta_pa,c1201,gross:_placenta_chorion_type_placenta_pa,49240,17.96,TRUE,0.0881,0.5673,"Gross: placenta, chorion type, PLACENTA, GENERAL, PATHOLOGY"
c1201_gross:_staining_of_chorionic_membrane_pl,c1201,gross:_staining_of_chorionic_membrane_pl,49240,17.96,TRUE,0.0777,0.8255,"Gross: staining of chorionic membrane, PLACENTA, GENERAL"
c1201_gross:_chorionic_subchorionic_placenta_p,c1201,gross:_chorionic_subchorionic_placenta_p,49240,17.96,TRUE,3.9276,1.5359,"Gross: chorionic/subchorionic, PLACENTA, GENERAL, PATHOLOGY"
c1201_retroplacental_hemorrhage_placenta_patho,c1201,retroplacental_hemorrhage_placenta_patho,49240,17.96,TRUE,4.1829,2.9587,"Retroplacental hemorrhage, PLACENTA, GENERAL, PATHOLOGY"
c1201_gross:_opacification_placenta_pathology,c1201,gross:_opacification_placenta_pathology,49240,17.96,TRUE,0.244,1.4426,"Gross: opacification, PLACENTA, GENERAL, PATHOLOGY"
c1201_pathology_gross:_percentage_infarction_p,c1201,pathology_gross:_percentage_infarction_p,49240,17.96,TRUE,51.1622,20.9589,"Pathology, gross: percentage infarction, PLACENTA, GENERAL, PATHOLOGY"
c1201_pathology_oldest_infarct_placenta_pathol,c1201,pathology_oldest_infarct_placenta_pathol,49240,17.96,TRUE,30.0833,3.2648,"Pathology, oldest infarct, PLACENTA, GENERAL, PATHOLOGY"
c1201_pathology_parenchymal_placenta_pathology,c1201,pathology_parenchymal_placenta_pathology,49240,17.96,TRUE,6.0277,20.7455,"Pathology, parenchymal, PLACENTA, GENERAL, PATHOLOGY"
c1201_retroplacental_hematoma_placenta_patholo,c1201,retroplacental_hematoma_placenta_patholo,49240,17.96,TRUE,0.0305,0.3839,"Retroplacental hematoma, PLACENTA, GENERAL, PATHOLOGY"
c1201_pathology_gross:_decidual_necrosis_place,c1201,pathology_gross:_decidual_necrosis_place,49240,17.96,TRUE,2.2489,3.0234,"Pathology, gross: decidual necrosis, PLACENTA, GENERAL, PATHOLOGY"
c1201_gross:_umbilical_cord_number_of_vessels,c1201,gross:_umbilical_cord_number_of_vessels,49240,17.96,TRUE,0.8271,1.4284,"Gross: umbilical cord, number of vessels, PLACENTA, GENERAL, PATHOLOGY"
c1201_gross:_cord_length_placenta_pathology,c1201,gross:_cord_length_placenta_pathology,49240,17.96,TRUE,2.5505,6.4096,"Gross: cord length, PLACENTA, GENERAL, PATHOLOGY"
c1201_gross:_cord_insertion_placenta_pathology,c1201,gross:_cord_insertion_placenta_pathology,49240,17.96,TRUE,2.8946,4.0832,"Gross: cord insertion, PLACENTA, GENERAL, PATHOLOGY"
c1201_pathology_gross:_placenta_distance_from,c1201,pathology_gross:_placenta_distance_from,49240,17.96,TRUE,344.3628,432.7404,"Pathology, gross: PLACENTA, distance from edge of rupture to margin, PLACENTA"
c1201_gross:_knots_in_cord_placenta_pathology,c1201,gross:_knots_in_cord_placenta_pathology,49240,17.96,TRUE,5.3625,3.3651,"Gross: knots in cord, PLACENTA, GENERAL, PATHOLOGY"
c1201_gross:_general_color_of_fetal_surface_pl,c1201,gross:_general_color_of_fetal_surface_pl,49240,17.96,TRUE,54.901,33.7073,"Gross: GENERAL, color of fetal surface, PLACENTA"
c1201_gross:_cord_around_neck_placenta_patholo,c1201,gross:_cord_around_neck_placenta_patholo,49240,17.96,TRUE,1.2756,0.9527,"Gross: cord around neck, PLACENTA, GENERAL, PATHOLOGY"
c1201_gross:_cord_complications_placenta_patho,c1201,gross:_cord_complications_placenta_patho,49240,17.96,TRUE,1.9655,5.3589,"Gross: cord complications, PLACENTA, GENERAL, PATHOLOGY"
c1201_gross:_membranes_and_fetal_surface_subch,c1201,gross:_membranes_and_fetal_surface_subch,49240,17.96,TRUE,1.1827,0.8176,"Gross: membranes and fetal surface, subchorionic fibrous PLACENTA"
c1201_gross:_membranes_and_fetal_surface_place,c1201,gross:_membranes_and_fetal_surface_place,49240,17.96,TRUE,11.8408,8.2265,"Gross: membranes and fetal surface, PLACENTA, GENERAL, PATHOLOGY"
c1201_gross:_thrombosis_of_fetal_vessel_placen,c1201,gross:_thrombosis_of_fetal_vessel_placen,49240,17.96,TRUE,0.0136,0.3135,"Gross: thrombosis of fetal vessel, PLACENTA"
c1201_general_extension_of_subchoriotic_placen,c1201,general_extension_of_subchoriotic_placen,49240,17.96,TRUE,0.1934,1.2972,"GENERAL, extension of subchoriotic placenta, PLACENTA"
c1201_gross:_membranes_and_fetal_surface_decid,c1201,gross:_membranes_and_fetal_surface_decid,49240,17.96,TRUE,2.2205,14.2167,"Gross: membranes and fetal surface, decidual necrosis(1) PLACENTA, GENERAL"
c1201_general_surface_thrombosed_fetal_vessels,c1201,general_surface_thrombosed_fetal_vessels,49240,17.96,TRUE,0.2861,1.4087,"GENERAL, surface, thrombosed fetal vessels, PLACENTA"
c1201_gross:_membranes_and_fetal_surface_amorp,c1201,gross:_membranes_and_fetal_surface_amorp,49240,17.96,TRUE,4.3117,6.4924,"Gross: membranes and fetal surface, amorphous substance PLACENTA, GENERAL"
c1201_pathology_gross_syringe_method_placenta,c1201,pathology_gross_syringe_method_placenta,49240,17.96,TRUE,47.4332,65.1764,"Pathology, gross, syringe method, PLACENTA, GENERAL, PATHOLOGY"
c1201_gross:_fetal_chorial_membranes_and_fetal,c1201,gross:_fetal_chorial_membranes_and_fetal,49240,17.96,TRUE,44.8979,29.2207,"Gross: fetal/chorial membranes and fetal surface, insertion of membranes PLACENTA, GENERAL"
c1201_gross:_coded_residual_placenta_pathology,c1201,gross:_coded_residual_placenta_pathology,49240,17.96,TRUE,1.7356,2.6325,"Gross: coded residual, PLACENTA, GENERAL, PATHOLOGY"
c1201_pathology:_gross_section_numbers_placent,c1201,pathology:_gross_section_numbers_placent,60016,0,FALSE,"","","Pathology: gross, section numbers, PLACENTA, GENERAL, PATHOLOGY"
c2201_pathology:_microscopic_id_code_card_plac,c2201,pathology:_microscopic_id_code_card_plac,49125,18.15,TRUE,1.4593,0.6288,"Pathology: microscopic, ID/code/card, PLACENTA, GENERAL, ADMINISTRATIVE"
c2201_microscopic:_terminal_villi_edematous_ar,c2201,microscopic:_terminal_villi_edematous_ar,49125,18.15,TRUE,1.9376,2.5449,"Microscopic: terminal villi, edematous area, large (cm), PLACENTA"
c2201_microscopic:_terminal_villi_edematous_ar_2,c2201,microscopic:_terminal_villi_edematous_ar_2,49125,18.15,TRUE,0.1334,0.4947,"Microscopic: terminal villi, edematous area, moderate, PLACENTA"
c2201_microscopic:_terminal_villi_avascular_pl,c2201,microscopic:_terminal_villi_avascular_pl,49125,18.15,TRUE,0.0621,0.5689,"Microscopic: terminal villi, avascular, PLACENTA, GENERAL"
c2201_microscopic:_terminal_villi_stromal_fibr,c2201,microscopic:_terminal_villi_stromal_fibr,49125,18.15,TRUE,0.5048,1.7359,"Microscopic: terminal villi, stromal fibrosis PLACENTA"
c2201_microscopic:_terminal_villi_hofbauer_cel,c2201,microscopic:_terminal_villi_hofbauer_cel,49125,18.15,TRUE,0.0342,0.5436,"Microscopic: terminal villi, Hofbauer cells, PLACENTA"
c2201_microscopic:_chorangiosis_placenta,c2201,microscopic:_chorangiosis_placenta,49125,18.15,TRUE,0.3501,1.2015,"Microscopic: chorangiosis, PLACENTA"
c2201_microscopic:_syncytial_knots_placenta,c2201,microscopic:_syncytial_knots_placenta,49125,18.15,TRUE,3.5257,13.5978,"Microscopic: syncytial knots, PLACENTA"
c2201_microscopic:_cytotrophoblast_placenta,c2201,microscopic:_cytotrophoblast_placenta,49125,18.15,TRUE,0.0616,0.6806,"Microscopic: cytotrophoblast, PLACENTA"
c2201_microscopic:_fibrinoid_placenta,c2201,microscopic:_fibrinoid_placenta,49125,18.15,TRUE,0.3004,1.3618,"Microscopic: fibrinoid, PLACENTA, GENERAL"
c2201_microscopic:_basement_membrane_placenta,c2201,microscopic:_basement_membrane_placenta,49125,18.15,TRUE,0.7566,7.5957,"Microscopic: basement membrane, PLACENTA, GENERAL"
c2201_microscopic:_intervillous_space_narrowin,c2201,microscopic:_intervillous_space_narrowin,49125,18.15,TRUE,0.0639,0.7541,"Microscopic: intervillous space, narrowing, PLACENTA, GENERAL"
c2201_microscopic:_decidual_surface_erythrobla,c2201,microscopic:_decidual_surface_erythrobla,49125,18.15,TRUE,0.1138,0.8051,"Microscopic: decidual surface, erythroblastosis, PLACENTA, GENERAL, PATHOLOGY"
c2201_pathology_microscopic:_decidual_surface,c2201,pathology_microscopic:_decidual_surface,49125,18.15,TRUE,2.4824,13.9825,"Pathology, microscopic: decidual surface, smallness diameter (cm), PLACENTA, GENERAL, PATHOLOGY"
c2201_pathology_gross:_cut_surface_infarcts_pl,c2201,pathology_gross:_cut_surface_infarcts_pl,49125,18.15,TRUE,19.9887,115.9279,"Pathology, gross: cut surface, infarcts, PLACENTA, GENERAL, PATHOLOGY"
c2201_pathology_present_cut_surface_infarcts_o,c2201,pathology_present_cut_surface_infarcts_o,49125,18.15,TRUE,0.4183,3.8289,"Pathology, present cut surface, infarcts, oldest/size, PLACENTA, GENERAL"
c2201_present_cut_surface_white_calcific_not_m,c2201,present_cut_surface_white_calcific_not_m,49125,18.15,TRUE,0.2154,0.7044,"Present cut surface, white/calcific, not marginal PLACENTA, GENERAL"
c2201_present_cut_surface_yellow_white_not_mar,c2201,present_cut_surface_yellow_white_not_mar,49125,18.15,TRUE,0.1442,0.6328,"Present cut surface, yellow/white, not marginal PLACENTA, GENERAL"
c2201_present_cut_surface_intervillous_fibrin,c2201,present_cut_surface_intervillous_fibrin,49125,18.15,TRUE,9e-04,0.0705,"Present cut surface, intervillous, fibrin, PLACENTA"
c2201_pathology:_present_cut_surface_intervill,c2201,pathology:_present_cut_surface_intervill,49125,18.15,TRUE,0.0081,0.1954,"Pathology: present cut surface, intervillous, unknown location PLACENTA, GENERAL"
c2201_pathology:_intervillous_unknown_color_no,c2201,pathology:_intervillous_unknown_color_no,49125,18.15,TRUE,0.0019,0.0892,"Pathology: intervillous, unknown color, no marginal, PLACENTA"
c2201_pathology:_present_cut_surface_hematoma,c2201,pathology:_present_cut_surface_hematoma,49125,18.15,TRUE,6e-04,0.0428,"Pathology: present cut surface, hematoma, no question, PLACENTA"
c2201_present_cut_surface_massive_high_grade_p,c2201,present_cut_surface_massive_high_grade_p,49125,18.15,TRUE,0.01,0.2359,"Present cut surface, massive, high grade PLACENTA"
c2201_gross:_present_cut_surface_infarcts_side,c2201,gross:_present_cut_surface_infarcts_side,49125,18.15,TRUE,2.8077,6.2726,"Gross: present cut surface, infarcts, SIDE, SITE, PLACENTA, GENERAL, PATHOLOGY"
c2201_pathology_present_cut_surface:_other_pla,c2201,pathology_present_cut_surface:_other_pla,49125,18.15,TRUE,0.0826,0.6826,"Pathology, present cut surface: other, PLACENTA, GENERAL, PATHOLOGY"
c2201_pathology:_placenta_intervillous_thrombu,c2201,pathology:_placenta_intervillous_thrombu,49125,18.15,TRUE,1.9793,0.6749,"Pathology: PLACENTA, intervillous thrombus/hematoma PLACENTA, PATHOLOGY"
c2201_pathology:_infarction_increment_placenta,c2201,pathology:_infarction_increment_placenta,49125,18.15,TRUE,6.5992,7.8525,"Pathology: infarction increment, PLACENTA, PATHOLOGY"
c2201_pathology:_infarction_increment_total_nu,c2201,pathology:_infarction_increment_total_nu,49125,18.15,TRUE,0.2042,0.7252,"Pathology: infarction increment, total number, inferred"
c2201_pathology:_infarction_total_number_estim,c2201,pathology:_infarction_total_number_estim,49125,18.15,TRUE,0.1832,0.7342,"Pathology: infarction, total number, estimated"
c2201_pathology:_infarction_increment_number_n,c2201,pathology:_infarction_increment_number_n,49125,18.15,TRUE,0.0235,0.4035,"Pathology: infarction increment, number not inferred to marginal"
c2201_pathology:_infarction_increment_placenta_2,c2201,pathology:_infarction_increment_placenta_2,49125,18.15,TRUE,0.0386,0.4342,"Pathology: infarction increment, PLACENTA, GENERAL, PATHOLOGY"
c2201_pathology:_intervillous_thrombi_hematoma,c2201,pathology:_intervillous_thrombi_hematoma,49125,18.15,TRUE,0.0209,0.4018,"Pathology: intervillous thrombi/hematoma, GENERAL, PATHOLOGY"
c2201_pathology:_microscopic_placenta_patholog,c2201,pathology:_microscopic_placenta_patholog,49125,18.15,TRUE,0.0102,0.281,"Pathology: microscopic, general, PLACENTA, GENERAL, PATHOLOGY"
c2201_pathology:_abruption_marginal_placenta_p,c2201,pathology:_abruption_marginal_placenta_p,49125,18.15,TRUE,0.0092,0.2845,"Pathology: abruption/marginal PLACENTA, GENERAL, PATHOLOGY"
c2201_pathology_gross:_departments_of_infarcti,c2201,pathology_gross:_departments_of_infarcti,49125,18.15,TRUE,37.8072,50.7077,"Pathology, gross: departments of infarction, volume/total PLACENTA, GENERAL, PATHOLOGY"
c2201_nindb_type_single_twin_multiple_placenta,c2201,nindb_type_single_twin_multiple_placenta,49125,18.15,TRUE,6.0962,36.4952,"NINDB type, single/twin/multiple PLACENTA, GENERAL, PATHOLOGY"
c2201_pathology:_coded_microscopic_placenta,c2201,pathology:_coded_microscopic_placenta,60016,0,FALSE,"","","Pathology: coded microscopic, PLACENTA"
c0302_f5_total_number_products_of_conception,c0302,f5_total_number_products_of_conception,47655,20.6,TRUE,1.4152,1.7173,F5_Total number products of conception
c0302_prenatal_visits,c0302,prenatal_visits,31702,47.18,TRUE,7926378.7866,6093439.7903,""
c0302_prior_pregnancies,c0302,prior_pregnancies,31702,47.18,TRUE,45.0487,32.8939,""
c0302_number_of_prior,c0302,number_of_prior,31702,47.18,TRUE,45.0487,32.8939,Number of Prior
c0302_last_prior_outcome,c0302,last_prior_outcome,31702,47.18,TRUE,281813258094.527,341877022339.956,""
c0302_occupation_of_father,c0302,occupation_of_father,31702,47.18,TRUE,281813258094.527,341877022339.956,Occupation of Father
c0302_parity_prior,c0302,parity_prior,31702,47.18,TRUE,541.6646,933.8612,Parity (Prior
c0302_f8b_2nd_prod_year_term_of_preg,c0302,f8b_2nd_prod_year_term_of_preg,19698,67.18,TRUE,58.2728,4.1721,F8b_2nd prod_Year term of preg
c0302_f8c_2nd_prod_weeks_of_gestation,c0302,f8c_2nd_prod_weeks_of_gestation,19698,67.18,TRUE,35.7752,10.6727,F8c_2nd prod_Weeks of gestation
c0302_f8d_2nd_prod_liveborn,c0302,f8d_2nd_prod_liveborn,19698,67.18,TRUE,0.8965,0.4586,F8d_2nd prod_Liveborn
c0302_f8e_2nd_prod_sex,c0302,f8e_2nd_prod_sex,19698,67.18,TRUE,2.2228,2.1005,F8e_2nd prod_Sex
c0302_f8f_2nd_prod_type_of_delivery,c0302,f8f_2nd_prod_type_of_delivery,19698,67.18,TRUE,1.0455,0.2843,F8f_2nd prod_Type of delivery
c0302_f8g_2nd_prod_birthweight_pounds,c0302,f8g_2nd_prod_birthweight_pounds,19698,67.18,TRUE,19.5321,32.2489,F8g_2nd prod_Birthweight pounds
c0302_f8h_2nd_prod_birthweight_ounces,c0302,f8h_2nd_prod_birthweight_ounces,19698,67.18,TRUE,21.7299,34.2235,F8h_2nd prod_Birthweight ounces
c0302_prior_perinatal_loss,c0302,prior_perinatal_loss,19698,67.18,TRUE,4.5297,3.2576,Prior Perinatal Loss
c0302_f8i_2nd_prod_childs_age_at_death,c0302,f8i_2nd_prod_childs_age_at_death,19697,67.18,TRUE,1.3734,3.1501,F8i_2nd prod_Childs age at death
c0302_f8j_2nd_prod_place_of_birth,c0302,f8j_2nd_prod_place_of_birth,19697,67.18,TRUE,0.6851,1.0815,F8j_2nd prod_Place of birth
c0302_f9a_3rd_prod_month_term_of_preg,c0302,f9a_3rd_prod_month_term_of_preg,10911,81.82,TRUE,9.1237,15.5895,F9a_3rd prod_Month term of preg
c0302_f9b_3rd_prod_year_term_of_preg,c0302,f9b_3rd_prod_year_term_of_preg,10910,81.82,TRUE,59.0434,3.7107,F9b_3rd prod_Year term of preg
c0302_f9c_3rd_prod_weeks_of_gestation,c0302,f9c_3rd_prod_weeks_of_gestation,10910,81.82,TRUE,34.884,11.3396,F9c_3rd prod_Weeks of gestation
c0302_f9d_3rd_prod_liveborn,c0302,f9d_3rd_prod_liveborn,10910,81.82,TRUE,0.872,0.518,F9d_3rd prod_Liveborn
c0302_f9e_3rd_prod_sex,c0302,f9e_3rd_prod_sex,10910,81.82,TRUE,2.4093,2.2974,F9e_3rd prod_Sex
c0302_f9f_3rd_prod_type_of_delivery,c0302,f9f_3rd_prod_type_of_delivery,10910,81.82,TRUE,1.0427,0.2541,F9f_3rd prod_Type of delivery
c0302_f9g_3rd_prod_birthweight_pounds,c0302,f9g_3rd_prod_birthweight_pounds,10910,81.82,TRUE,22.3223,34.8685,F9g_3rd prod_Birthweight pounds
c0302_f9h_3rd_prod_birthweight_ounces,c0302,f9h_3rd_prod_birthweight_ounces,10910,81.82,TRUE,24.3378,36.5909,F9h_3rd prod_Birthweight ounces
c0302_f9i_3rd_prod_childs_age_at_death,c0302,f9i_3rd_prod_childs_age_at_death,10910,81.82,TRUE,1.6656,3.4144,F9i_3rd prod_Childs age at death
c0302_f9j_3rd_prod_place_of_birth,c0302,f9j_3rd_prod_place_of_birth,10910,81.82,TRUE,0.634,1.047,F9j_3rd prod_Place of birth
c0302_f10c_4th_prod_weeks_of_gestation,c0302,f10c_4th_prod_weeks_of_gestation,4556,92.41,TRUE,34.8584,12.3415,F10c_4th prod_Weeks of gestation
c0302_f10e_4th_prod_sex,c0302,f10e_4th_prod_sex,4556,92.41,TRUE,2.5029,2.3763,F10e_4th prod_Sex
c0302_f10f_4th_prod_type_of_delivery,c0302,f10f_4th_prod_type_of_delivery,4556,92.41,TRUE,1.0441,0.2725,F10f_4th prod_Type of delivery
c0302_f10g_4th_prod_birthweight_pounds,c0302,f10g_4th_prod_birthweight_pounds,4556,92.41,TRUE,24.0088,36.2533,F10g_4th prod_Birthweight pounds
c0302_f10h_4th_prod_birthweight_ounces,c0302,f10h_4th_prod_birthweight_ounces,4556,92.41,TRUE,26.7414,38.329,F10h_4th prod_Birthweight ounces
c0302_f10i_4th_prod_childs_age_at_death,c0302,f10i_4th_prod_childs_age_at_death,4556,92.41,TRUE,1.7941,3.5325,F10i_4th prod_Childs age at death
c0302_f10j_4th_prod_place_of_birth,c0302,f10j_4th_prod_place_of_birth,4556,92.41,TRUE,0.5852,1.0147,F10j_4th prod_Place of birth
c1410_f05_1410,c1410,f05_1410,46786,22.04,TRUE,16.1751,2.3058,f05_1410
c1410_f06a1410,c1410,f06a1410,46786,22.04,TRUE,6.3102,3.484,f06a1410
c1410_f06b1410,c1410,f06b1410,46786,22.04,TRUE,15.5574,8.6124,f06b1410
c1410_f06c1410,c1410,f06c1410,46786,22.04,TRUE,62.9204,1.9066,f06c1410
c1410_f07a1410,c1410,f07a1410,46786,22.04,TRUE,6.6008,3.4597,f07a1410
c1410_f07b1410,c1410,f07b1410,46786,22.04,TRUE,15.691,8.7524,f07b1410
c1410_f10_1410,c1410,f10_1410,46786,22.04,TRUE,31.7847,21.4097,f10_1410
c1410_f11_1410,c1410,f11_1410,46786,22.04,TRUE,40.7396,3.0533,f11_1410
c1410_f12_1410,c1410,f12_1410,46786,22.04,TRUE,44.8119,15.6255,f12_1410
c1410_f13_1410,c1410,f13_1410,46786,22.04,TRUE,52.7582,20.0065,f13_1410
c1410_gestation_at_delivery,c1410,gestation_at_delivery,46786,22.04,TRUE,529601.5131,201520.8389,Gestation at Delivery
c1410_f14_1410,c1410,f14_1410,46786,22.04,TRUE,201.645,230.6773,f14_1410
c1410_f15_1410,c1410,f15_1410,46786,22.04,TRUE,363.756,420.226,f15_1410
c1410_body_length_at_4_mo,c1410,body_length_at_4_mo,46786,22.04,TRUE,75.7425,30.0719,Body Length at 4 Mo
c1410_f16_1410,c1410,f16_1410,46786,22.04,TRUE,1.374,2.6751,f16_1410
c1410_f17_1410,c1410,f17_1410,40830,31.97,TRUE,0.2314,1.346,f17_1410
c1410_f18_1410,c1410,f18_1410,40830,31.97,TRUE,0.1047,0.9228,f18_1410
c1410_f19_1410,c1410,f19_1410,46786,22.04,TRUE,0.5204,1.9874,f19_1410
c1410_f20_1410,c1410,f20_1410,46786,22.04,TRUE,1.0009,0.2672,f20_1410
c1410_f22_1410,c1410,f22_1410,46455,22.6,TRUE,4.112,13.2335,f22_1410
c1410_f23_1410,c1410,f23_1410,40499,32.52,TRUE,0.2136,1.3603,f23_1410
c1410_f24_1410,c1410,f24_1410,46786,22.04,TRUE,0.1203,0.8402,f24_1410
c1410_f26_1410,c1410,f26_1410,7754,87.08,TRUE,73.3522,43.2453,f26_1410
c1410_f27_1410,c1410,f27_1410,1798,97,TRUE,0.4372,1.9075,f27_1410
c1410_f28_1410,c1410,f28_1410,40830,31.97,TRUE,0.1319,0.9827,f28_1410
c1410_f29_1410,c1410,f29_1410,46786,22.04,TRUE,0.0223,0.3885,f29_1410
c1410_f30_1410,c1410,f30_1410,46786,22.04,TRUE,0.23,1.2618,f30_1410
c1410_f31_1410,c1410,f31_1410,46786,22.04,TRUE,0.2518,1.3214,f31_1410
c1410_f32_1410,c1410,f32_1410,46786,22.04,TRUE,0.2295,1.19,f32_1410
c1410_f33_1410,c1410,f33_1410,46786,22.04,TRUE,0.244,1.2465,f33_1410
c1410_f34_1410,c1410,f34_1410,46786,22.04,TRUE,0.7103,2.2786,f34_1410
c1410_f35_1410,c1410,f35_1410,46786,22.04,TRUE,0.0686,0.7148,f35_1410
c1410_f36_1410,c1410,f36_1410,40830,31.97,TRUE,0.0788,0.7932,f36_1410
c1410_f37_1410,c1410,f37_1410,46786,22.04,TRUE,0.3208,1.5825,f37_1410
c1410_f38_1410,c1410,f38_1410,46786,22.04,TRUE,0.4823,1.9114,f38_1410
c1410_f39_1410,c1410,f39_1410,46785,22.05,TRUE,0.1503,0.7734,f39_1410
c1410_f40_1410,c1410,f40_1410,40829,31.97,TRUE,0.0925,0.8685,f40_1410
c1410_f42_1410,c1410,f42_1410,5956,90.08,TRUE,37.9666,5.6229,f42_1410
c2336_card_number,c2336,card_number,46746,22.11,TRUE,0.2538,0.4352,"Card number, PRENATAL, CLINICAL LAB (REPEATED FROM ABOVE)"
c2336_coombs,c2336,coombs,46746,22.11,TRUE,67659.2632,34350.5577,"Coombs, PRENATAL, CLINICAL LAB (REPEATED FROM ABOVE)"
c2336_glucose_tolerance,c2336,glucose_tolerance,46746,22.11,TRUE,344163475.4785,569677341.504,"Glucose tolerance, PRENATAL, CLINICAL LAB (REPEATED FROM ABOVE)"
c2336_diabetic_screening,c2336,diabetic_screening,16803,72,TRUE,683069872.1007,1410122429.8886,"Diabetic screening, PRENATAL, CLINICAL LAB (REPEATED FROM ABOVE)"
c2336_papanicolaou,c2336,papanicolaou,6800,88.67,TRUE,424342142.6454,488186476.3753,"Papanicolaou, PRENATAL, CLINICAL LAB (REPEATED FROM ABOVE)"
c2336_urine_culture,c2336,urine_culture,2927,95.12,TRUE,3416467459.3659,4195185672.4072,"Urine culture, PRENATAL, CLINICAL LAB (REPEATED FROM ABOVE)"
c2336_clinical_lab_continued,c2336,clinical_lab_continued,1255,97.91,TRUE,6123205607371443,18134484541019304,"Clinical lab continued, PRENATAL, CLINICAL LAB (REPEATED FROM ABOVE)"
c4402_f02a4402,c4402,f02a4402,46715,22.16,TRUE,6.6475,3.4446,f02a4402
c4402_f02b4402,c4402,f02b4402,46715,22.16,TRUE,15.6791,8.7517,f02b4402
c4402_f02c4402,c4402,f02c4402,46715,22.16,TRUE,62.9272,1.6799,f02c4402
c4402_f02d4402,c4402,f02d4402,46715,22.16,TRUE,12.5214,9.6417,f02d4402
c4402_f02e4402,c4402,f02e4402,46715,22.16,TRUE,47.7359,11.1062,f02e4402
c4402_neonatal_neurological_examination_2,c4402,neonatal_neurological_examination_2,46715,22.16,TRUE,24.0829,33.6237,"CHILD, NEONATAL, NEUROLOGICAL EXAMINATION"
c4402_neurological_examination_2,c4402,neurological_examination_2,46715,22.16,TRUE,24699021325409236,33793810759444400,"CHILD, NEUROLOGICAL EXAMINATION"
c4402_neurological_examination_3,c4402,neurological_examination_3,60016,0,FALSE,"","","CHILD, NEUROLOGICAL EXAMINATION"
c4402_neurological_examination_4,c4402,neurological_examination_4,46715,22.16,TRUE,5.2578,3.083,"CHILD, NEUROLOGICAL EXAMINATION"
c4402_neonatal_neurological_examination_3,c4402,neonatal_neurological_examination_3,46715,22.16,TRUE,60.6666,31.1426,"NEONATAL, NEUROLOGICAL EXAMINATION"
c4402_neurological_examination_6,c4402,neurological_examination_6,46715,22.16,TRUE,8.0886,2.509,"CHILD, NEUROLOGICAL EXAMINATION"
c4402_neonatal_neurological_examination_5,c4402,neonatal_neurological_examination_5,46715,22.16,TRUE,94.582,15.3073,"NEONATAL, NEUROLOGICAL EXAMINATION"
c4402_neonatal_neurological_examination_7,c4402,neonatal_neurological_examination_7,46715,22.16,TRUE,11.3412,13.0249,"NEONATAL, NEUROLOGICAL EXAMINATION"
c4402_compute_heading,c4402,compute_heading,46715,22.16,TRUE,11801700.7894,13043488.0035,COMPUTE HEADING
c4402_neonatal_neurological_examination_10,c4402,neonatal_neurological_examination_10,46715,22.16,TRUE,45.7123,28.5532,"CHILD, NEONATAL, NEUROLOGICAL EXAMINATION"
c4402_neonatal_neurological_examination_11,c4402,neonatal_neurological_examination_11,46715,22.16,TRUE,33.4643,9.8248,"NEONATAL, NEUROLOGICAL EXAMINATION"
c4402_neonatal_neurological_examination_13,c4402,neonatal_neurological_examination_13,46715,22.16,TRUE,34.7657,8.6505,"NEONATAL, NEUROLOGICAL EXAMINATION"
c4402_neonatal_neurological_examination_15,c4402,neonatal_neurological_examination_15,46715,22.16,TRUE,85.7418,19.7424,"NEONATAL, NEUROLOGICAL EXAMINATION"
c4402_procedure,c4402,procedure,60016,0,FALSE,"","",PROCEDURE
c4402_neonatal_neurological_examination_17,c4402,neonatal_neurological_examination_17,46715,22.16,TRUE,34.7635,8.6478,"NEONATAL, NEUROLOGICAL EXAMINATION"
c4402_neurological_examination_14,c4402,neurological_examination_14,46715,22.16,TRUE,48.142,22.9724,"CHILD, NEUROLOGICAL EXAMINATION"
c4402_neonatal_neurological_examination_19,c4402,neonatal_neurological_examination_19,46715,22.16,TRUE,85.7392,19.7459,"NEONATAL, NEUROLOGICAL EXAMINATION"
c4402_neurological_examination_16,c4402,neurological_examination_16,46715,22.16,TRUE,32.7685,4.9262,"CHILD, NEUROLOGICAL EXAMINATION"
c4402_neonatal_neurological_examination_21,c4402,neonatal_neurological_examination_21,46715,22.16,TRUE,34.7912,8.6011,"NEONATAL, NEUROLOGICAL EXAMINATION"
c4402_neurological_examination_18,c4402,neurological_examination_18,46715,22.16,TRUE,48.1694,22.9527,"CHILD, NEUROLOGICAL EXAMINATION"
c4402_neonatal_neurological_examination_23,c4402,neonatal_neurological_examination_23,46715,22.16,TRUE,85.7528,19.711,"NEONATAL, NEUROLOGICAL EXAMINATION"
c4402_neurological_examination_20,c4402,neurological_examination_20,46715,22.16,TRUE,32.7715,4.9559,"CHILD, NEUROLOGICAL EXAMINATION"
c4402_neonatal_neurological_examination_25,c4402,neonatal_neurological_examination_25,46715,22.16,TRUE,34.7976,8.6301,"NEONATAL, NEUROLOGICAL EXAMINATION"
c4402_neurological_examination_22,c4402,neurological_examination_22,46715,22.16,TRUE,48.1757,22.9578,"CHILD, NEUROLOGICAL EXAMINATION"
c4402_neonatal_neurological_examination_27,c4402,neonatal_neurological_examination_27,46715,22.16,TRUE,85.6442,19.7247,"NEONATAL, NEUROLOGICAL EXAMINATION"
c4402_neurological_examination_24,c4402,neurological_examination_24,46715,22.16,TRUE,31.5976,6.092,"CHILD, NEUROLOGICAL EXAMINATION"
c4402_neonatal_neurological_examination_29,c4402,neonatal_neurological_examination_29,46715,22.16,TRUE,34.0003,9.1871,"NEONATAL, NEUROLOGICAL EXAMINATION"
c4402_neurological_examination_26,c4402,neurological_examination_26,46715,22.16,TRUE,47.7426,23.2302,"CHILD, NEUROLOGICAL EXAMINATION"
c4402_neurological_examination_27,c4402,neurological_examination_27,46715,22.16,TRUE,8.2679,1.9966,"CHILD, NEUROLOGICAL EXAMINATION"
c4402_neonatal_neurological_examination_31,c4402,neonatal_neurological_examination_31,46715,22.16,TRUE,85.5592,20.0113,"NEONATAL, NEUROLOGICAL EXAMINATION"
c4402_neurological_examination_29,c4402,neurological_examination_29,46715,22.16,TRUE,31.8365,5.9466,"CHILD, NEUROLOGICAL EXAMINATION"
c4402_neonatal_neurological_examination_33,c4402,neonatal_neurological_examination_33,46715,22.16,TRUE,34.2894,9.0229,"NEONATAL, NEUROLOGICAL EXAMINATION"
c4402_neurological_examination_31,c4402,neurological_examination_31,46715,22.16,TRUE,47.8952,23.1346,"CHILD, NEUROLOGICAL EXAMINATION"
c4402_neonatal_neurological_examination_35,c4402,neonatal_neurological_examination_35,46715,22.16,TRUE,85.6374,19.946,"NEONATAL, NEUROLOGICAL EXAMINATION"
c4402_neurological_examination_33,c4402,neurological_examination_33,46715,22.16,TRUE,32.413,5.5866,"CHILD, NEUROLOGICAL EXAMINATION"
c4402_neonatal_neurological_examination_37,c4402,neonatal_neurological_examination_37,46715,22.16,TRUE,34.5546,8.8811,"NEONATAL, NEUROLOGICAL EXAMINATION"
c4402_neurological_examination_35,c4402,neurological_examination_35,46715,22.16,TRUE,48.0197,23.0706,"CHILD, NEUROLOGICAL EXAMINATION"
c4402_neonatal_neurological_examination_39,c4402,neonatal_neurological_examination_39,46715,22.16,TRUE,83.2107,19.8816,"NEONATAL, NEUROLOGICAL EXAMINATION"
c4402_neurological_examination_37,c4402,neurological_examination_37,46715,22.16,TRUE,4.8319,12.3176,"CHILD, NEUROLOGICAL EXAMINATION"
c4402_neonatal_neurological_examination_41,c4402,neonatal_neurological_examination_41,46715,22.16,TRUE,0.5354,2.2821,"NEONATAL, NEUROLOGICAL EXAMINATION"
c4402_neonatal_neurological_examination_43,c4402,neonatal_neurological_examination_43,46715,22.16,TRUE,5403.1809,22980.1525,"NEONATAL, NEUROLOGICAL EXAMINATION"
c4402_neurological_examination_39,c4402,neurological_examination_39,46715,22.16,TRUE,3.576,12.481,"CHILD, NEUROLOGICAL EXAMINATION"
c4402_neonatal_neurological_examination_44,c4402,neonatal_neurological_examination_44,46715,22.16,TRUE,0.4606,2.3031,"NEONATAL, NEUROLOGICAL EXAMINATION"
c4402_neurological_examination_41,c4402,neurological_examination_41,46715,22.16,TRUE,0.5492,2.3537,"CHILD, NEUROLOGICAL EXAMINATION"
c4402_neonatal_neurological_examination_46,c4402,neonatal_neurological_examination_46,46715,22.16,TRUE,3.1637,11.8599,"NEONATAL, NEUROLOGICAL EXAMINATION"
c4402_neurological_examination_43,c4402,neurological_examination_43,46715,22.16,TRUE,0.7133,2.4351,"CHILD, NEUROLOGICAL EXAMINATION"
c4402_neonatal_neurological_examination_48,c4402,neonatal_neurological_examination_48,46715,22.16,TRUE,0.493,1.4141,"NEONATAL, NEUROLOGICAL EXAMINATION"
c3357_f03a3357,c3357,f03a3357,45732,23.8,TRUE,0.2918,1.2883,f03a3357
c3357_f03b3357,c3357,f03b3357,45732,23.8,TRUE,0.1829,1.266,f03b3357
c3357_f03c3357,c3357,f03c3357,45732,23.8,TRUE,0.1819,1.2657,f03c3357
c3357_f03d3357,c3357,f03d3357,45732,23.8,TRUE,0.182,1.2657,f03d3357
c3357_f03e3357,c3357,f03e3357,45732,23.8,TRUE,0.265,1.2837,f03e3357
c3357_f03f3357,c3357,f03f3357,45732,23.8,TRUE,0.198,1.2696,f03f3357
c3357_f03g3357,c3357,f03g3357,45732,23.8,TRUE,0.1833,1.266,f03g3357
c3357_f03h3357,c3357,f03h3357,45732,23.8,TRUE,0.1822,1.2658,f03h3357
c3357_f03i3357,c3357,f03i3357,45732,23.8,TRUE,0.1879,1.2672,f03i3357
c3357_anesthesia_conduction_agent_vial_anesthe,c3357,anesthesia_conduction_agent_vial_anesthe,45732,23.8,TRUE,0.1825,1.2659,"Anesthesia, conduction agent, vial, DELIVERY, ANESTHESIA (REPEATED)"
c3357_f03k3357,c3357,f03k3357,45732,23.8,TRUE,0.1824,1.2658,f03k3357
c3357_f03l3357,c3357,f03l3357,45732,23.8,TRUE,0.1821,1.2658,f03l3357
c3357_f03m3357,c3357,f03m3357,45732,23.8,TRUE,0.1818,1.2657,f03m3357
c3357_f03n3357,c3357,f03n3357,45732,23.8,TRUE,0.1877,1.2671,f03n3357
c3357_conduction_agent_route_mother_anesthesia,c3357,conduction_agent_route_mother_anesthesia,45732,23.8,TRUE,3.6009,4.3871,"Conduction agent, route, MOTHER, DELIVERY, ANESTHESIA"
c3357_f04b3357,c3357,f04b3357,45732,23.8,TRUE,3.5769,4.4039,f04b3357
c3357_f04c3357,c3357,f04c3357,45732,23.8,TRUE,3.5766,4.4041,f04c3357
c3357_f04d3357,c3357,f04d3357,45732,23.8,TRUE,3.5767,4.4041,f04d3357
c3357_f04e3357,c3357,f04e3357,45732,23.8,TRUE,3.591,4.394,f04e3357
c3357_f04f3357,c3357,f04f3357,45732,23.8,TRUE,3.5822,4.4002,f04f3357
c3357_epidural_total_degree_before_cord_clampi,c3357,epidural_total_degree_before_cord_clampi,45732,23.8,TRUE,397.0543,488.821,"Epidural, total degree before cord clamping, MOTHER, (REPEATED)"
c3357_conduction_agent_route_total_about_anest,c3357,conduction_agent_route_total_about_anest,45732,23.8,TRUE,3.5769,4.4039,"Conduction agent, route, total about, DELIVERY, ANESTHESIA"
c3357_conduction_agent_vial_route_mother_anest,c3357,conduction_agent_vial_route_mother_anest,45732,23.8,TRUE,397.0316,488.8374,"Conduction agent, vial, route, MOTHER, DELIVERY, ANESTHESIA (REPEATED)"
c3357_conduction_agent_vial_time_started_befor,c3357,conduction_agent_vial_time_started_befor,45732,23.8,TRUE,41.6074,470.0165,"Conduction agent, vial, time started before cord clamping, DELIVERY, ANESTHESIA (REPEATED)"
c2411_f02_2411,c2411,f02_2411,45608,24.01,TRUE,53.0961,7.7296,f02_2411
c2411_f03_2411,c2411,f03_2411,40973,31.73,TRUE,1.3523,3.0702,f03_2411
c2411_f06_2411,c2411,f06_2411,40973,31.73,TRUE,0.447,1.7829,f06_2411
c2411_f07_2411,c2411,f07_2411,40973,31.73,TRUE,0.1225,0.9356,f07_2411
c2411_f08_2411,c2411,f08_2411,40973,31.73,TRUE,0.1144,0.9806,f08_2411
c2411_f09_2411,c2411,f09_2411,45608,24.01,TRUE,0.237,0.9437,f09_2411
c2411_f10_2411,c2411,f10_2411,45608,24.01,TRUE,0.0931,0.9056,f10_2411
c2411_f11_2411,c2411,f11_2411,45608,24.01,TRUE,6.7954,3.8698,f11_2411
c2411_f12_2411,c2411,f12_2411,45608,24.01,TRUE,0.0486,0.6276,f12_2411
c2411_f13_2411,c2411,f13_2411,45608,24.01,TRUE,0.1393,1.0598,f13_2411
c2411_f14_2411,c2411,f14_2411,45608,24.01,TRUE,0.0358,0.5433,f14_2411
c2411_f15_2411,c2411,f15_2411,45608,24.01,TRUE,7.2852,3.5337,f15_2411
c2411_f16_2411,c2411,f16_2411,45608,24.01,TRUE,0.03,0.4897,f16_2411
c2411_f17_2411,c2411,f17_2411,45608,24.01,TRUE,0.3992,1.8056,f17_2411
c2411_locomotor_and_postural,c2411,locomotor_and_postural,45608,24.01,TRUE,0.1928,1.2952,Locomotor and Postural
c2411_locomotor_and_postural_2,c2411,locomotor_and_postural_2,45608,24.01,TRUE,0.2343,1.359,Locomotor and Postural
c2411_f20_2411,c2411,f20_2411,45608,24.01,TRUE,0.048,0.548,f20_2411
c2411_f21_2411,c2411,f21_2411,45608,24.01,TRUE,0.1099,0.8927,f21_2411
c2411_f22_2411,c2411,f22_2411,40973,31.73,TRUE,0.04,0.5663,f22_2411
c2411_f23_2411,c2411,f23_2411,45608,24.01,TRUE,0.0302,0.5054,f23_2411
c2411_f24_2411,c2411,f24_2411,45608,24.01,TRUE,0.0297,0.5079,f24_2411
c2411_f25_2411,c2411,f25_2411,45608,24.01,TRUE,6.5463,4.007,f25_2411
c2411_f26_2411,c2411,f26_2411,45608,24.01,TRUE,0.0849,0.8437,f26_2411
c2411_f27_2411,c2411,f27_2411,45608,24.01,TRUE,5.2388,4.4388,f27_2411
c2411_f28_2411,c2411,f28_2411,45608,24.01,TRUE,0.0185,0.4014,f28_2411
c2411_f29_2411,c2411,f29_2411,45608,24.01,TRUE,0.0372,0.5517,f29_2411
c2411_f30_2411,c2411,f30_2411,40973,31.73,TRUE,0.0272,0.3921,f30_2411
c2411_f31a2411,c2411,f31a2411,40973,31.73,TRUE,0.0149,0.3091,f31a2411
c2411_f31b2411,c2411,f31b2411,40973,31.73,TRUE,2.996,0.3169,f31b2411
c2411_f32a2411,c2411,f32a2411,40973,31.73,TRUE,0.0219,0.3578,f32a2411
c2411_f32b2411,c2411,f32b2411,40973,31.73,TRUE,2.994,0.36,f32b2411
c2411_f33a2411,c2411,f33a2411,40973,31.73,TRUE,0.0091,0.2683,f33a2411
c2411_f33b2411,c2411,f33b2411,40973,31.73,TRUE,2.9961,0.296,f33b2411
c2411_f34a2411,c2411,f34a2411,40973,31.73,TRUE,0.0091,0.2687,f34a2411
c2411_f34b2411,c2411,f34b2411,40973,31.73,TRUE,2.997,0.2959,f34b2411
c2411_f35a2411,c2411,f35a2411,40973,31.73,TRUE,0.0112,0.3028,f35a2411
c2411_f35b2411,c2411,f35b2411,40973,31.73,TRUE,2.9943,0.318,f35b2411
c2411_f36a2411,c2411,f36a2411,45608,24.01,TRUE,0.0481,0.5884,f36a2411
c2411_f36b2411,c2411,f36b2411,45608,24.01,TRUE,2.0607,0.7362,f36b2411
c2411_f37a2411,c2411,f37a2411,45608,24.01,TRUE,0.0579,0.6439,f37a2411
c2411_f37b2411,c2411,f37b2411,45608,24.01,TRUE,2.071,0.8289,f37b2411
c2411_f38a2411,c2411,f38a2411,45608,24.01,TRUE,0.0338,0.4289,f38a2411
c2411_f38b2411,c2411,f38b2411,45608,24.01,TRUE,2.0632,0.503,f38b2411
c2411_f39a2411,c2411,f39a2411,45608,24.01,TRUE,0.0495,0.5683,f39a2411
c2411_f39b2411,c2411,f39b2411,45608,24.01,TRUE,2.0545,0.6609,f39b2411
c2411_f40_2411,c2411,f40_2411,45608,24.01,TRUE,1.5623,1.503,f40_2411
c2411_f41_2411,c2411,f41_2411,45608,24.01,TRUE,1.5771,1.5292,f41_2411
c2411_f42_2411,c2411,f42_2411,45607,24.01,TRUE,5.3362,4.4088,f42_2411
c2411_f43_2411,c2411,f43_2411,40973,31.73,TRUE,8.248,2.4851,f43_2411
c2411_f44_2411,c2411,f44_2411,40973,31.73,TRUE,8.4206,2.2062,f44_2411
c2411_f45_2411,c2411,f45_2411,40973,31.73,TRUE,0.058,0.6782,f45_2411
c2411_f46_2411,c2411,f46_2411,45608,24.01,TRUE,5.5173,4.3337,f46_2411
c2411_f47_2411,c2411,f47_2411,45608,24.01,TRUE,2.5052,4.024,f47_2411
c2411_f48_2411,c2411,f48_2411,45608,24.01,TRUE,7.8436,3.0099,f48_2411
c2411_f49_2411,c2411,f49_2411,45608,24.01,TRUE,1.2738,3.1341,f49_2411
c2411_f50_2411,c2411,f50_2411,40973,31.73,TRUE,7.7073,3.1554,f50_2411
c2411_f51_2411,c2411,f51_2411,40973,31.73,TRUE,8.4129,2.2214,f51_2411
c2411_f52_2411,c2411,f52_2411,40973,31.73,TRUE,0.1633,0.973,f52_2411
c2411_f54_2411,c2411,f54_2411,45608,24.01,TRUE,0.428,0.7688,f54_2411
c2411_f55_2411,c2411,f55_2411,40973,31.73,TRUE,0.0542,0.3845,f55_2411
c2411_f56_2411,c2411,f56_2411,45608,24.01,TRUE,0.9654,2.6088,f56_2411
c2411_f57_2411,c2411,f57_2411,40973,31.73,TRUE,0.0839,0.7995,f57_2411
c1411_f05_1411,c1411,f05_1411,45593,24.03,TRUE,53.1058,7.6663,f05_1411
c1411_f06a1411,c1411,f06a1411,45593,24.03,TRUE,6.4413,3.4177,f06a1411
c1411_f06b1411,c1411,f06b1411,45593,24.03,TRUE,15.6261,8.6199,f06b1411
c1411_f06c1411,c1411,f06c1411,45593,24.03,TRUE,63.5891,1.9269,f06c1411
c1411_f07a1411,c1411,f07a1411,45593,24.03,TRUE,6.6049,3.4599,f07a1411
c1411_f07b1411,c1411,f07b1411,45593,24.03,TRUE,15.6731,8.7635,f07b1411
c1411_f10_1411,c1411,f10_1411,40959,31.75,TRUE,91.8044,20.3132,f10_1411
c1411_f11_1411,c1411,f11_1411,45593,24.03,TRUE,45.9483,3.4355,f11_1411
c1411_f12_1411,c1411,f12_1411,40959,31.75,TRUE,81.3682,24.738,f12_1411
c1411_f13_1411,c1411,f13_1411,60016,0,FALSE,"","",f13_1411
c1411_gestation_at_delivery,c1411,gestation_at_delivery,60016,0,FALSE,"","",Gestation at Delivery
c1411_f14_1411,c1411,f14_1411,60016,0,FALSE,"","",f14_1411
c1411_f16_1411,c1411,f16_1411,60016,0,FALSE,"","",f16_1411
c1411_f17_1411,c1411,f17_1411,60016,0,FALSE,"","",f17_1411
c1411_body_length_at_1_yr,c1411,body_length_at_1_yr,45591,24.04,TRUE,7.7901,10.0764,Body Length at 1 Yr
c1411_f18_1411,c1411,f18_1411,45591,24.04,TRUE,6.8311,3.8476,f18_1411
c1411_f19_1411,c1411,f19_1411,40959,31.75,TRUE,0.2186,1.1651,f19_1411
c1411_f20_1411,c1411,f20_1411,40959,31.75,TRUE,0.1573,1.1142,f20_1411
c1411_f21_1411,c1411,f21_1411,40959,31.75,TRUE,7.115,3.653,f21_1411
c1411_f22_1411,c1411,f22_1411,40959,31.75,TRUE,0.1639,1.1382,f22_1411
c1411_f23_1411,c1411,f23_1411,40959,31.75,TRUE,5.7751,4.2893,f23_1411
c1411_f24_1411,c1411,f24_1411,40959,31.75,TRUE,0.5996,2.1084,f24_1411
c1411_f25_1411,c1411,f25_1411,45593,24.03,TRUE,0.0721,0.7487,f25_1411
c1411_f26_1411,c1411,f26_1411,45593,24.03,TRUE,0.088,0.837,f26_1411
c1411_f27_1411,c1411,f27_1411,40959,31.75,TRUE,0.1134,0.9505,f27_1411
c1411_f28_1411,c1411,f28_1411,45593,24.03,TRUE,0.2793,1.4715,f28_1411
c1411_f29a1411,c1411,f29a1411,45588,24.04,TRUE,0.9545,0.3065,f29a1411
c1411_f29b1411,c1411,f29b1411,45588,24.04,TRUE,0.0069,0.2396,f29b1411
c1411_f29c1411,c1411,f29c1411,45588,24.04,TRUE,0.0471,0.3088,f29c1411
c1411_f29d1411,c1411,f29d1411,45588,24.04,TRUE,0.0072,0.2403,f29d1411
c1411_f29e1411,c1411,f29e1411,45588,24.04,TRUE,0.0253,0.326,f29e1411
c1411_f30_1411,c1411,f30_1411,45593,24.03,TRUE,4.3951,4.4977,f30_1411
c1411_f31_1411,c1411,f31_1411,45593,24.03,TRUE,0.172,1.167,f31_1411
c1411_f32_1411,c1411,f32_1411,45593,24.03,TRUE,0.0924,0.8627,f32_1411
c1411_f33_1411,c1411,f33_1411,45593,24.03,TRUE,0.0865,0.8364,f33_1411
c1411_f34_1411,c1411,f34_1411,40959,31.75,TRUE,0.0142,0.3507,f34_1411
c1411_f35_1411,c1411,f35_1411,45593,24.03,TRUE,0.2744,1.4602,f35_1411
c1411_f36_1411,c1411,f36_1411,45593,24.03,TRUE,1.2442,2.5259,f36_1411
c1411_f37_1411,c1411,f37_1411,40959,31.75,TRUE,0.1567,1.118,f37_1411
c1411_f38_1411,c1411,f38_1411,45593,24.03,TRUE,0.0793,0.7953,f38_1411
c1411_f39_1411,c1411,f39_1411,45592,24.03,TRUE,0.0937,0.8649,f39_1411
c1411_f40_1411,c1411,f40_1411,45592,24.03,TRUE,0.1225,0.9863,f40_1411
c1411_f41_1411,c1411,f41_1411,45592,24.03,TRUE,0.127,1.0043,f41_1411
c1411_f42_1411,c1411,f42_1411,45592,24.03,TRUE,0.2542,1.4062,f42_1411
c1411_f43_1411,c1411,f43_1411,45592,24.03,TRUE,0.3487,1.6364,f43_1411
c1411_f44_1411,c1411,f44_1411,45593,24.03,TRUE,0.1123,0.9458,f44_1411
c1411_f45_1411,c1411,f45_1411,45593,24.03,TRUE,0.2761,1.4664,f45_1411
c1411_f46_1411,c1411,f46_1411,45593,24.03,TRUE,1.3485,1.4869,f46_1411
c1101_f5_age,c1101,f5_age,44319,26.15,TRUE,2.2697,0.6862,F5_Age
c1101_f5_sex,c1101,f5_sex,44319,26.15,TRUE,1.4975,0.5,F5_Sex
c1101_f7_race,c1101,f7_race,44319,26.15,TRUE,1.707,0.9138,F7_Race
c1101_f8_final_diagnosis,c1101,f8_final_diagnosis,44319,26.15,TRUE,2.1828,0.5534,F8_Final diagnosis
c1101_f9_total_mental_score,c1101,f9_total_mental_score,44319,26.15,TRUE,80.5869,33.2469,F9_Total mental score
c1101_f10_total_motor_score,c1101,f10_total_motor_score,44319,26.15,TRUE,33.3885,5.2584,F10_Total motor score
c1101_f11_examiner,c1101,f11_examiner,44319,26.15,TRUE,7.8465,8.7179,F11_Examiner
c1101_f12_social_smiles,c1101,f12_social_smiles,44319,26.15,TRUE,1.0162,0.3155,F12_Social smiles
c1101_f13_visually_recognizes_mother,c1101,f13_visually_recognizes_mother,44319,26.15,TRUE,1.0154,0.3225,F13_Visually recognizes mother
c1101_f14_eyes_follow_pencil,c1101,f14_eyes_follow_pencil,44319,26.15,TRUE,1.0144,0.3169,F14_Eyes follow pencil
c1101_f15_reacts_to_paper_on_face,c1101,f15_reacts_to_paper_on_face,44319,26.15,TRUE,1.0169,0.3486,F15_Reacts to paper on face
c1101_f16_searches_with_eyes_for_sound,c1101,f16_searches_with_eyes_for_sound,44319,26.15,TRUE,1.0136,0.3005,F16_Searches with eyes for sound
c1101_f17_vocalizes_to_social_stimulus,c1101,f17_vocalizes_to_social_stimulus,44319,26.15,TRUE,1.0156,0.3035,F17_Vocalizes to social stimulus
c1101_f18_manipulates_ring,c1101,f18_manipulates_ring,44319,26.15,TRUE,1.013,0.2855,F18_Manipulates ring
c1101_f19_vocalizes_two_syllables,c1101,f19_vocalizes_two_syllables,44319,26.15,TRUE,1.0145,0.2941,F19_Vocalizes two syllables
c1101_f20_regards_cube,c1101,f20_regards_cube,44319,26.15,TRUE,1.0129,0.294,F20_Regards cube
c1101_f21_glances_from_one_object_to_another,c1101,f21_glances_from_one_object_to_another,44319,26.15,TRUE,1.0152,0.314,F21_Glances from one object to another
c1101_f22_anticipatory_adjustment_to_lifting,c1101,f22_anticipatory_adjustment_to_lifting,44319,26.15,TRUE,1.015,0.3095,F22_Anticipatory adjustment to lifting
c1101_psych_exam_mental_development_readiness,c1101,psych_exam_mental_development_readiness,44319,26.15,TRUE,1.0181,0.3356,"PSYCH EXAM, MENTAL DEVELOPMENT, READINESS TO DISCONTINUANCE OF TEST, CHILD, 8 MONTH, PSYCH EXAM"
c1101_psych_exam_mental_development_reacted_to,c1101,psych_exam_mental_development_reacted_to,44319,26.15,TRUE,1.0142,0.2848,"PSYCH EXAM, MENTAL DEVELOPMENT, REACTED TO DISCONTINUANCE, 8 MONTH, CHILD, 8 MONTH"
c1101_psych_exam_mental_development_follow_eye,c1101,psych_exam_mental_development_follow_eye,44319,26.15,TRUE,11.1755,3.3381,"PSYCH EXAM, MENTAL DEVELOPMENT, FOLLOW EYE FOLLOW, CHILD, 8 MONTH"
c1101_neural_development_follows_with_eye,c1101,neural_development_follows_with_eye,44319,26.15,TRUE,1.0169,0.3076,"NEURAL DEVELOPMENT, FOLLOWS WITH EYE, CHILD, 8 MONTH"
c1101_psych_exam_neural_development_follows,c1101,psych_exam_neural_development_follows,44319,26.15,TRUE,11.1485,3.1437,"PSYCH EXAM, NEURAL DEVELOPMENT, FOLLOWS, CHILD, 8 MONTH"
c1101_neural_development,c1101,neural_development,44319,26.15,TRUE,11.1819,3.4389,"NEURAL DEVELOPMENT, CHILD, 8 MONTH, PSYCH EXAM"
c1101_neural_development_2,c1101,neural_development_2,44319,26.15,TRUE,11.188,3.1872,"NEURAL DEVELOPMENT, CHILD, 8 MONTH"
c1101_neural_development_capitulate_to_grasp,c1101,neural_development_capitulate_to_grasp,44319,26.15,TRUE,11.2316,3.6004,"NEURAL DEVELOPMENT, CAPITULATE TO GRASP, CHILD, 8 MONTH, PSYCH EXAM"
c1101_neural_development_timing_on_grasping_at,c1101,neural_development_timing_on_grasping_at,44319,26.15,TRUE,1.0197,0.3272,"NEURAL DEVELOPMENT, TIMING ON GRASPING AT RING, CHILD, 8 MONTH, PSYCH EXAM"
c1101_neural_development_turn_head_to_sound_at,c1101,neural_development_turn_head_to_sound_at,44319,26.15,TRUE,11.1851,3.1916,"NEURAL DEVELOPMENT, TURN HEAD TO SOUND AT BELL, CHILD, 8 MONTH"
c1101_neural_development_3,c1101,neural_development_3,44319,26.15,TRUE,1.0166,0.2951,"NEURAL DEVELOPMENT, CHILD, 8 MONTH, PSYCH EXAM"
c1101_neural_development_4,c1101,neural_development_4,44319,26.15,TRUE,11.2138,3.2772,"NEURAL DEVELOPMENT, CHILD, 8 MONTH, PSYCH EXAM"
c1101_neural_development_5,c1101,neural_development_5,44319,26.15,TRUE,11.2536,3.4808,"NEURAL DEVELOPMENT, CHILD, 8 MONTH, PSYCH EXAM"
c1101_neural_development_records,c1101,neural_development_records,44319,26.15,TRUE,1.0241,0.3374,"NEURAL DEVELOPMENT, RECORDS, CHILD, 8 MONTH, PSYCH EXAM"
c1101_neural_development_6,c1101,neural_development_6,44319,26.15,TRUE,1.0218,0.3015,"NEURAL DEVELOPMENT, CHILD, 8 MONTH"
c1101_neural_development_side_of_mouth,c1101,neural_development_side_of_mouth,44319,26.15,TRUE,1.0324,0.3992,"NEURAL DEVELOPMENT, SIDE OF MOUTH, CHILD, 8 MONTH, PSYCH EXAM"
c1101_neural_development_7,c1101,neural_development_7,44319,26.15,TRUE,11.3533,3.4304,"NEURAL DEVELOPMENT, CHILD, 8 MONTH, PSYCH EXAM"
c1101_neural_development_receptive_achievement,c1101,neural_development_receptive_achievement,44319,26.15,TRUE,1.0596,0.5038,"NEURAL DEVELOPMENT, RECEPTIVE ACHIEVEMENT, 8 MONTH, CHILD, 8 MONTH, PSYCH EXAM"
c1101_neural_development_8,c1101,neural_development_8,44319,26.15,TRUE,11.6617,5.244,"NEURAL DEVELOPMENT, CHILD, 8 MONTH, PSYCH EXAM"
c1101_neural_development_turns_hand_preferenti,c1101,neural_development_turns_hand_preferenti,44319,26.15,TRUE,1.0656,0.5771,"NEURAL DEVELOPMENT, TURNS HAND PREFERENTIALLY THROUGH DESIRED OBJECT, CHILD, 8 MONTH, PSYCH EXAM"
c1101_neural_development_9,c1101,neural_development_9,44319,26.15,TRUE,1.0329,0.3173,"NEURAL DEVELOPMENT, CHILD, 8 MONTH, PSYCH EXAM"
c1101_neural_development_orientation,c1101,neural_development_orientation,44319,26.15,TRUE,1.0319,0.3421,"NEURAL DEVELOPMENT, ORIENTATION, CHILD, 8 MONTH, PSYCH EXAM"
c1101_neural_development_11,c1101,neural_development_11,44319,26.15,TRUE,11.4049,3.8341,"NEURAL DEVELOPMENT, CHILD, 8 MONTH, PSYCH EXAM"
c1101_neural_development_12,c1101,neural_development_12,44319,26.15,TRUE,1.2577,1.1908,"NEURAL DEVELOPMENT, CHILD, 8 MONTH, PSYCH EXAM"
c1101_f52_transfers_object_hand_to_hand,c1101,f52_transfers_object_hand_to_hand,44319,26.15,TRUE,1.047,0.3775,F52_Transfers object hand to hand
c1101_f53_sustains_inspection_of_ring,c1101,f53_sustains_inspection_of_ring,44319,26.15,TRUE,1.03,0.3142,F53_Sustains inspection of ring
c1101_f54_plays_with_string,c1101,f54_plays_with_string,44319,26.15,TRUE,1.0514,0.4868,F54_Plays with string
c1101_f55_picks_up_cube_directly_and_easily,c1101,f55_picks_up_cube_directly_and_easily,44319,26.15,TRUE,1.0564,0.3386,F55_Picks up cube directly and easily
c3101_f2a_age,c3101,f2a_age,44311,26.17,TRUE,2.2696,0.6856,F2a_Age
c3101_f2b_sex,c3101,f2b_sex,44311,26.17,TRUE,1.4976,0.5,F2b_Sex
c3101_f2c_race,c3101,f2c_race,44311,26.17,TRUE,1.707,0.9138,F2c_Race
c3101_f2d_final_diagnosis,c3101,f2d_final_diagnosis,44311,26.17,TRUE,2.1827,0.5532,F2d_Final diagnosis
c3101_f2e_total_mental_score,c3101,f2e_total_mental_score,44311,26.17,TRUE,80.5449,32.6733,F2e_Total mental score
c3101_repeat_from_above_neural_development_sco,c3101,repeat_from_above_neural_development_sco,44311,26.17,TRUE,2.88,0.5631,"REPEAT (FROM ABOVE), NEURAL DEVELOPMENT, SCORE, CHILD, 8 MONTH, PSYCH EXAM"
c3101_neural_development,c3101,neural_development,44311,26.17,TRUE,469.7653,290.0728,"NEURAL DEVELOPMENT, CHILD, 8 MONTH, PSYCH EXAM"
c3101_neural_development_2,c3101,neural_development_2,44311,26.17,TRUE,11.1546,3.0749,"NEURAL DEVELOPMENT, CHILD, 8 MONTH"
c3101_neural_development_patch,c3101,neural_development_patch,44311,26.17,TRUE,1.0129,0.2698,"NEURAL DEVELOPMENT, CHILD, 8 MONTH, PATCH, PSYCH EXAM"
c3101_neural_development_3,c3101,neural_development_3,44311,26.17,TRUE,11.1193,2.7227,"NEURAL DEVELOPMENT, CHILD, 8 MONTH, PSYCH EXAM"
c3101_neural_development_4,c3101,neural_development_4,44311,26.17,TRUE,11.1197,2.5978,"NEURAL DEVELOPMENT, CHILD, 8 MONTH, PSYCH EXAM"
c3101_neural_development_built_to_different_st,c3101,neural_development_built_to_different_st,44311,26.17,TRUE,11.2234,2.966,"NEURAL DEVELOPMENT, BUILT TO DIFFERENT STIMULATE, CHILD, 8 MONTH, PATCH"
c3101_neural_development_5,c3101,neural_development_5,44311,26.17,TRUE,1.0114,0.2481,"NEURAL DEVELOPMENT, CHILD, 8 MONTH, PSYCH EXAM"
c3101_neural_development_baby_bangs,c3101,neural_development_baby_bangs,44311,26.17,TRUE,117.2354,52.4465,"NEURAL DEVELOPMENT, BABY BANGS, CHILD, 8 MONTH, PSYCH EXAM"
c3101_f13_partial_thumb_opposition,c3101,f13_partial_thumb_opposition,44311,26.17,TRUE,1.0197,0.2584,F13_Partial thumb opposition
c3101_neural_development_patch_2,c3101,neural_development_patch_2,44311,26.17,TRUE,12.1911,6.0375,"NEURAL DEVELOPMENT, CHILD, 8 MONTH, PATCH, PSYCH EXAM"
c3101_neural_development_7,c3101,neural_development_7,44311,26.17,TRUE,11.3698,2.99,"NEURAL DEVELOPMENT, CHILD, 8 MONTH, PSYCH EXAM"
c3101_neural_development_select_correct,c3101,neural_development_select_correct,44311,26.17,TRUE,1.1008,0.4451,"NEURAL DEVELOPMENT, SELECT CORRECT, CHILD, 8 MONTH, PSYCH EXAM"
c3101_neural_development_8,c3101,neural_development_8,44311,26.17,TRUE,13.738,5.6581,"NEURAL DEVELOPMENT, CHILD, 8 MONTH, PSYCH EXAM"
c3101_neural_development_9,c3101,neural_development_9,44311,26.17,TRUE,2.1621,2.226,"NEURAL DEVELOPMENT, CHILD, 8 MONTH, PSYCH EXAM"
c3101_chip_number_sequence_form_type_form_numb,c3101,chip_number_sequence_form_type_form_numb,44311,26.17,TRUE,230214.1795,223690.9548,"CHIP NUMBER (SEQUENCE), FORM TYPE, FORM NUMBER, ROTATION NUMBER)"
c3101_neural_development_10,c3101,neural_development_10,44311,26.17,TRUE,13.8778,5.7449,"NEURAL DEVELOPMENT, CHILD, 8 MONTH, PSYCH EXAM"
c3101_neural_development_11,c3101,neural_development_11,44311,26.17,TRUE,12.9066,4.2975,"NEURAL DEVELOPMENT, CHILD, 8 MONTH, PSYCH EXAM"
c3101_neural_development_12,c3101,neural_development_12,44311,26.17,TRUE,1.9475,1.8207,"NEURAL DEVELOPMENT, CHILD, 8 MONTH, PSYCH EXAM"
c3101_neural_development_13,c3101,neural_development_13,44311,26.17,TRUE,1.4547,1.1179,"NEURAL DEVELOPMENT, CHILD, 8 MONTH, PSYCH EXAM"
c3101_neural_development_extraction_affects,c3101,neural_development_extraction_affects,44311,26.17,TRUE,1.4299,0.6071,"NEURAL DEVELOPMENT, EXTRACTION, AFFECTS, CHILD, 8 MONTH, PSYCH EXAM"
c3101_neural_development_14,c3101,neural_development_14,44311,26.17,TRUE,1.5174,1.2804,"NEURAL DEVELOPMENT, CHILD, 8 MONTH, PSYCH EXAM"
c3101_neural_development_15,c3101,neural_development_15,44311,26.17,TRUE,26.8323,21.0875,"NEURAL DEVELOPMENT, CHILD, 8 MONTH, PSYCH EXAM"
c3101_f29_brings_two_objects_together,c3101,f29_brings_two_objects_together,44311,26.17,TRUE,1.6834,0.9157,F29_Brings two objects together
c3101_neural_development_16,c3101,neural_development_16,44311,26.17,TRUE,1.7455,0.5804,"NEURAL DEVELOPMENT, CHILD, 8 MONTH, PSYCH EXAM"
c3101_neural_development_17,c3101,neural_development_17,44311,26.17,TRUE,1936.3496,605.3417,"NEURAL DEVELOPMENT, CHILD, 8 MONTH, PSYCH EXAM"
c3101_reporting_mother_8_month,c3101,reporting_mother_8_month,40013,33.33,TRUE,344.4398,104.505,"REPORTING, CHILD, MOTHER, 8 MONTH, PSYCH EXAM"
c3101_neurological_development_mother_8_month,c3101,neurological_development_mother_8_month,40013,33.33,TRUE,3.1203,0.9583,"NEUROLOGICAL DEVELOPMENT, CHILD, MOTHER, 8 MONTH, PSYCH EXAM"
c3101_neurological_development_mother_8_month_2,c3101,neurological_development_mother_8_month_2,40013,33.33,TRUE,35.5133,13.4,"NEUROLOGICAL DEVELOPMENT, CHILD, MOTHER, 8 MONTH, PSYCH EXAM"
c3101_neurological_development_mother_8_month_3,c3101,neurological_development_mother_8_month_3,40013,33.33,TRUE,344.6605,101.871,"NEUROLOGICAL DEVELOPMENT, CHILD, MOTHER, 8 MONTH"
c3101_neurological_development_mother_8_month_4,c3101,neurological_development_mother_8_month_4,40013,33.33,TRUE,0.5712,0.4949,"NEUROLOGICAL DEVELOPMENT, CHILD, MOTHER, 8 MONTH, PSYCH EXAM"
c3101_neurological_and_motor_development_teste,c3101,neurological_and_motor_development_teste,44311,26.17,TRUE,1.0926,0.9677,"NEUROLOGICAL AND MOTOR DEVELOPMENT, TESTED ABOVE 10 MONTH RANGE, CHILD, 8 MONTH"
c3101_f44_tested_above_10_month_level,c3101,f44_tested_above_10_month_level,44311,26.17,TRUE,1.3145,0.6425,F44_Tested above 10 month level
c2101_mental_development,c2101,mental_development,44305,26.18,TRUE,2.2695,0.6855,"MENTAL DEVELOPMENT, CHILD, 8 MONTH, PSYCH EXAM"
c2101_f2b_sex,c2101,f2b_sex,44305,26.18,TRUE,1.4976,0.5,F2b_Sex
c2101_f2c_race,c2101,f2c_race,44305,26.18,TRUE,1.707,0.9138,F2c_Race
c2101_f2d_final_diagnosis,c2101,f2d_final_diagnosis,44305,26.18,TRUE,2.1826,0.5525,F2d_Final diagnosis
c2101_f2e_total_mental_score,c2101,f2e_total_mental_score,44305,26.18,TRUE,80.5869,33.2523,F2e_Total mental score
c2101_mental_development_normal_sitting_around,c2101,mental_development_normal_sitting_around,44305,26.18,TRUE,2.88,0.5632,"MENTAL DEVELOPMENT, NORMAL, SITTING, AROUND PRODUCTION, CHILD, 8 MONTH, PATCH"
c2101_mental_development_rolls_below_sound_pro,c2101,mental_development_rolls_below_sound_pro,44305,26.18,TRUE,46.9258,29.0008,"MENTAL DEVELOPMENT, ROLLS, BELOW, SOUND PRODUCTION, CHILD, 8 MONTH, PSYCH EXAM"
c2101_mental_development_2,c2101,mental_development_2,44305,26.18,TRUE,1.071,0.4106,"MENTAL DEVELOPMENT, CHILD, 8 MONTH, PSYCH EXAM"
c2101_mental_development_lifting_cup_and_remov,c2101,mental_development_lifting_cup_and_remov,44305,26.18,TRUE,11.8343,4.2995,"MENTAL DEVELOPMENT, LIFTING CUP AND REMOVING, CHILD, 8 MONTH, PSYCH EXAM"
c2101_mental_development_pats,c2101,mental_development_pats,44305,26.18,TRUE,12.4762,4.5402,"MENTAL DEVELOPMENT, PATS, CHILD, 8 MONTH, PSYCH EXAM"
c2101_mental_development_picks_up,c2101,mental_development_picks_up,44305,26.18,TRUE,1.1104,0.5892,"MENTAL DEVELOPMENT, PICKS UP, CHILD, 8 MONTH, PSYCH EXAM"
c2101_mental_development_finds,c2101,mental_development_finds,44305,26.18,TRUE,1.1149,0.4843,"MENTAL DEVELOPMENT, FINDS, CHILD, 8 MONTH, PSYCH EXAM"
c2101_mental_development_leaves_responds_to_ob,c2101,mental_development_leaves_responds_to_ob,44305,26.18,TRUE,1.1923,0.504,"MENTAL DEVELOPMENT, LEAVES, RESPONDS TO OBJECTS, CHILD, 8 MONTH, PSYCH EXAM"
c2101_mental_development_3,c2101,mental_development_3,44305,26.18,TRUE,1.1208,0.5101,"MENTAL DEVELOPMENT, CHILD, 8 MONTH, PSYCH EXAM"
c2101_mental_development_vocalizing_after_stim,c2101,mental_development_vocalizing_after_stim,44305,26.18,TRUE,13.961,5.65,"MENTAL DEVELOPMENT, VOCALIZING AFTER STIMULANT, CHILD, 8 MONTH, PSYCH EXAM"
c2101_mental_development_vocalizing_excited_pa,c2101,mental_development_vocalizing_excited_pa,44305,26.18,TRUE,2.753,2.2717,"MENTAL DEVELOPMENT, VOCALIZING EXCITED, CHILD, 8 MONTH, PATCH"
c2101_mental_development_responds_to_chart_con,c2101,mental_development_responds_to_chart_con,44305,26.18,TRUE,1.3139,0.5536,"MENTAL DEVELOPMENT, RESPONDS TO CHART CONTROL, CHILD, 8 MONTH, PSYCH EXAM"
c2101_mental_development_ring_ball_interactive,c2101,mental_development_ring_ball_interactive,44305,26.18,TRUE,1.5951,1.6632,"MENTAL DEVELOPMENT, RING, BALL, INTERACTIVELY, CHILD, 8 MONTH, PSYCH EXAM"
c2101_neural_development_score_final,c2101,neural_development_score_final,44305,26.18,TRUE,1.4669,0.5968,"NEURAL DEVELOPMENT, SCORE, FINAL, CHILD, 8 MONTH, PSYCH EXAM"
c2101_development,c2101,development,60016,0,FALSE,"","","DEVELOPMENT, CHILD, 8 MONTH, PSYCH EXAM"
c2101_develop_mastered_mental_development,c2101,develop_mastered_mental_development,44305,26.18,TRUE,1.4836,0.6042,"DEVELOP MASTERED MENTAL DEVELOPMENT, CHILD, 8 MONTH, PSYCH EXAM"
c2101_neural_development_2,c2101,neural_development_2,44305,26.18,TRUE,17.8286,6.6586,"NEURAL DEVELOPMENT, CHILD, 8 MONTH"
c2101_mental_development_5,c2101,mental_development_5,44305,26.18,TRUE,171614340133.418,76192607674.7302,"MENTAL DEVELOPMENT, CHILD, 8 MONTH, PSYCH EXAM"
c2101_repeat_from_above_mental_development,c2101,repeat_from_above_mental_development,44305,26.18,TRUE,2.9926,2.5146,"REPEAT (FROM ABOVE), MENTAL DEVELOPMENT, CHILD, 8 MONTH, PSYCH EXAM"
c2101_mental_development_development,c2101,mental_development_development,44305,26.18,TRUE,4.0612,2.8418,"MENTAL DEVELOPMENT, DEVELOPMENT, CHILD, 8 MONTH"
c2101_mental_development_6,c2101,mental_development_6,44305,26.18,TRUE,401906326.9126,293194723.3059,"MENTAL DEVELOPMENT, CHILD, 8 MONTH, PSYCH EXAM"
c2101_mental_development_8,c2101,mental_development_8,44305,26.18,TRUE,1.442,0.7914,"MENTAL DEVELOPMENT, CHILD, 8 MONTH, PSYCH EXAM"
c2101_mental_development_looks_alone,c2101,mental_development_looks_alone,44305,26.18,TRUE,2.7967,1.998,"MENTAL DEVELOPMENT, LOOKS ALONE, CHILD, 8 MONTH, PSYCH EXAM"
c2101_neural_development_sits_asymmetric,c2101,neural_development_sits_asymmetric,44305,26.18,TRUE,2982.1576,1999.3398,"NEURAL DEVELOPMENT, SITS, ASYMMETRIC, CHILD, 8 MONTH, PSYCH EXAM"
c2101_neural_development_4,c2101,neural_development_4,41817,30.32,TRUE,34.6671,8.1636,"NEURAL DEVELOPMENT, CHILD, 8 MONTH, PSYCH EXAM"
c2101_neural_development_standing_supported,c2101,neural_development_standing_supported,41817,30.32,TRUE,3.2552,0.7242,"NEURAL DEVELOPMENT, STANDING SUPPORTED, CHILD, 8 MONTH, PSYCH EXAM"
c2101_neural_development_5,c2101,neural_development_5,41817,30.32,TRUE,35.0565,7.7794,"NEURAL DEVELOPMENT, CHILD, 8 MONTH, PSYCH EXAM"
c2101_mental_development_9,c2101,mental_development_9,41817,30.32,TRUE,3.1783,0.7513,"MENTAL DEVELOPMENT, CHILD, 8 MONTH, PSYCH EXAM"
c2101_neural_development_6,c2101,neural_development_6,41817,30.32,TRUE,34.8506,7.6248,"NEURAL DEVELOPMENT, CHILD, 8 MONTH"
c2101_neural_development_play_with_car,c2101,neural_development_play_with_car,41817,30.32,TRUE,3.0678,0.6447,"NEURAL DEVELOPMENT, PLAY WITH CAR, CHILD, 8 MONTH, PSYCH EXAM"
c2101_neural_development_8,c2101,neural_development_8,41817,30.32,TRUE,34.6199,7.7693,"NEURAL DEVELOPMENT, CHILD, 8 MONTH, PSYCH EXAM"
c2101_mental_development_play_with_car_identif,c2101,mental_development_play_with_car_identif,60016,0,FALSE,"","","MENTAL DEVELOPMENT, PLAY WITH CAR, IDENTIFY CHILD, 8 MONTH, PSYCH EXAM"
c2101_neural_development_patch,c2101,neural_development_patch,41817,30.32,TRUE,3.1128,0.6761,"NEURAL DEVELOPMENT, CHILD, 8 MONTH, PATCH, PSYCH EXAM"
c2101_neural_development_10,c2101,neural_development_10,41817,30.32,TRUE,3573.1608,765.2726,"NEURAL DEVELOPMENT, CHILD, 8 MONTH, PSYCH EXAM"
c1414_head_circumference_3,c1414,head_circumference_3,43309,27.84,TRUE,224.1182,334.0992,Head Circumference
c1414_gestation_at_delivery,c1414,gestation_at_delivery,43309,27.84,TRUE,224246.0228,334142.9897,Gestation at Delivery
c3476_f02a3476,c3476,f02a3476,40906,31.84,TRUE,14.5808,18.0623,f02a3476
c3476_f02b3476,c3476,f02b3476,40906,31.84,TRUE,0,0,f02b3476
c3476_f02c3476,c3476,f02c3476,40906,31.84,TRUE,6.6,3.438,f02c3476
c3476_f02d3476,c3476,f02d3476,40906,31.84,TRUE,15.6998,8.7525,f02d3476
c3476_f02e3476,c3476,f02e3476,40906,31.84,TRUE,62.4466,1.9063,f02e3476
c3476_f02f3476,c3476,f02f3476,40906,31.84,TRUE,6.4285,3.412,f02f3476
c3476_f02g3476,c3476,f02g3476,40906,31.84,TRUE,15.7851,8.684,f02g3476
c3476_f02h3476,c3476,f02h3476,40906,31.84,TRUE,69.6321,1.8978,f02h3476
c3476_f02i3476,c3476,f02i3476,40906,31.84,TRUE,6.6134,0.8246,f02i3476
c3476_f02j3476,c3476,f02j3476,40906,31.84,TRUE,4.8863,4.6711,f02j3476
c3476_f03a3476,c3476,f03a3476,40906,31.84,TRUE,0.0123,0.3274,f03a3476
c3476_f03b3476,c3476,f03b3476,40906,31.84,TRUE,0.0135,0.3345,f03b3476
c3476_f03c3476,c3476,f03c3476,40906,31.84,TRUE,0.0115,0.3208,f03c3476
c3476_f03d3476,c3476,f03d3476,40906,31.84,TRUE,0.0121,0.3244,f03d3476
c3476_f03e3476,c3476,f03e3476,40906,31.84,TRUE,0.0164,0.3464,f03e3476
c3476_f05_3476,c3476,f05_3476,40906,31.84,TRUE,0.0875,0.8453,f05_3476
c3476_f06a3476,c3476,f06a3476,40906,31.84,TRUE,2.9977,0.2528,f06a3476
c3476_f06b3476,c3476,f06b3476,40906,31.84,TRUE,2.9978,0.258,f06b3476
c3476_f07a3476,c3476,f07a3476,40906,31.84,TRUE,3.002,0.2583,f07a3476
c3476_f07b3476,c3476,f07b3476,40906,31.84,TRUE,3.0028,0.2662,f07b3476
c3476_f08a3476,c3476,f08a3476,40906,31.84,TRUE,3.0005,0.2421,f08a3476
c3476_f08b3476,c3476,f08b3476,40906,31.84,TRUE,3.0006,0.244,f08b3476
c3476_f09a2476,c3476,f09a2476,40906,31.84,TRUE,3.0011,0.2478,f09a2476
c3476_f09b3476,c3476,f09b3476,40906,31.84,TRUE,3.0013,0.2496,f09b3476
c3476_f10a3476,c3476,f10a3476,40906,31.84,TRUE,3.0002,0.248,f10a3476
c3476_body_length_7_yrs,c3476,body_length_7_yrs,40906,31.84,TRUE,330.0335,27.3655,Body Length (7 Yrs.)
c3476_f10b3476,c3476,f10b3476,40906,31.84,TRUE,3.0002,0.2486,f10b3476
c3476_f11a3476,c3476,f11a3476,40906,31.84,TRUE,0.0069,0.2442,f11a3476
c3476_f11b3476,c3476,f11b3476,40906,31.84,TRUE,0.0067,0.2439,f11b3476
c3476_head_circumference,c3476,head_circumference,40906,31.84,TRUE,0.0785,2.6838,Head Circumference -
c3476_f11c3476,c3476,f11c3476,40906,31.84,TRUE,0.0111,0.256,f11c3476
c3476_f11d3476,c3476,f11d3476,40906,31.84,TRUE,0.011,0.2524,f11d3476
c3476_f11e3476,c3476,f11e3476,40906,31.84,TRUE,0.0087,0.2514,f11e3476
c3476_f11f3476,c3476,f11f3476,40906,31.84,TRUE,0.0088,0.2481,f11f3476
c3476_f11g3476,c3476,f11g3476,40906,31.84,TRUE,0.007,0.2444,f11g3476
c3476_f11h3476,c3476,f11h3476,40906,31.84,TRUE,0.0067,0.2438,f11h3476
c3476_f11i3476,c3476,f11i3476,40906,31.84,TRUE,0.0081,0.2466,f11i3476
c3476_f11j3476,c3476,f11j3476,40906,31.84,TRUE,0.0308,0.3303,f11j3476
c3476_f11k3476,c3476,f11k3476,40906,31.84,TRUE,0.0186,0.2856,f11k3476
c3476_f12a3476,c3476,f12a3476,40906,31.84,TRUE,0.0374,0.5315,f12a3476
c3476_f12b3476,c3476,f12b3476,40906,31.84,TRUE,0.0337,0.5215,f12b3476
c3476_f12c3476,c3476,f12c3476,40906,31.84,TRUE,0.0592,0.5545,f12c3476
c3476_f12d3476,c3476,f12d3476,40906,31.84,TRUE,0.0942,0.5698,f12d3476
c3476_f12e3476,c3476,f12e3476,40906,31.84,TRUE,0.0406,0.5157,f12e3476
c3476_f13_3476,c3476,f13_3476,40906,31.84,TRUE,3.0991,0.5003,f13_3476
c3476_f14_3476,c3476,f14_3476,40906,31.84,TRUE,3.1984,0.9154,f14_3476
c3476_f15_3476,c3476,f15_3476,40906,31.84,TRUE,2.4198,0.6816,f15_3476
c3476_f16a3476,c3476,f16a3476,40906,31.84,TRUE,0.2006,0.8147,f16a3476
c3476_f16b3476,c3476,f16b3476,40906,31.84,TRUE,0.2092,0.8232,f16b3476
c3476_f16c3476,c3476,f16c3476,40906,31.84,TRUE,0.3069,0.8868,f16c3476
c3476_f16d3476,c3476,f16d3476,40906,31.84,TRUE,0.3253,0.8954,f16d3476
c3476_f17_3476,c3476,f17_3476,40906,31.84,TRUE,2.0293,0.6639,f17_3476
c3476_f18_3476,c3476,f18_3476,40906,31.84,TRUE,0.0638,0.6888,f18_3476
c3476_f19_3476,c3476,f19_3476,40906,31.84,TRUE,0.2279,1.1581,f19_3476
c1477_coding_completed_nurse,c1477,coding_completed_nurse,40905,31.84,TRUE,1.995,0.8555,Coding Completed Nurse
c1477_coding_completed_physician,c1477,coding_completed_physician,40905,31.84,TRUE,1.63,0.9202,Coding Completed Physician
c1477_total_number_of_conditions,c1477,total_number_of_conditions,40905,31.84,TRUE,5.3585,3.9403,Total Number of Conditions
c1477_forms_reviewed_ps_10_17,c1477,forms_reviewed_ps_10_17,40905,31.84,TRUE,0,0.007,Forms Reviewed PS-10-17
c1477_forms_reviewed_slh_es,c1477,forms_reviewed_slh_es,40905,31.84,TRUE,1e-04,0.0086,Forms Reviewed SLH-ES
c1477_forms_reviewed_ps_20_25,c1477,forms_reviewed_ps_20_25,40905,31.84,TRUE,2e-04,0.014,Forms Reviewed PS-20-25
c1477_forms_reviewed_ps_320_25,c1477,forms_reviewed_ps_320_25,40905,31.84,TRUE,0,0.007,Forms Reviewed PS-320-25
c1477_forms_reviewed_ps_30_35,c1477,forms_reviewed_ps_30_35,40905,31.84,TRUE,0,0.007,Forms Reviewed PS-30-35
c1477_forms_reviewed_ped_76,c1477,forms_reviewed_ped_76,40905,31.84,TRUE,0.989,0.1045,Forms Reviewed PED-76
c1477_forms_reviewed_ped_75,c1477,forms_reviewed_ped_75,40905,31.84,TRUE,0.9884,0.1069,Forms Reviewed PED-75
c1477_forms_reviewed_ped_74,c1477,forms_reviewed_ped_74,40905,31.84,TRUE,0.1266,0.3325,Forms Reviewed PED-74
c1477_forms_reviewed_ped_20,c1477,forms_reviewed_ped_20,40905,31.84,TRUE,0.9845,0.1235,Forms Reviewed PED-20
c1477_forms_reviewed_ped_29,c1477,forms_reviewed_ped_29,40905,31.84,TRUE,0.4644,0.4987,Forms Reviewed PED-29
c1477_forms_reviewed_fhh_9,c1477,forms_reviewed_fhh_9,40905,31.84,TRUE,0.0042,0.0643,Forms Reviewed FHH-9
c1477_forms_reviewed_ped_4,c1477,forms_reviewed_ped_4,40905,31.84,TRUE,1e-04,0.0121,Forms Reviewed PED-4
c1477_forms_reviewed_autopsy,c1477,forms_reviewed_autopsy,40905,31.84,TRUE,0,0.0049,Forms Reviewed Autopsy
c1477_condition_1_code,c1477,condition_1_code,39547,34.11,TRUE,1306.0445,934.3593,Condition 1 Code
c1477_condition_1_diagnosis,c1477,condition_1_diagnosis,39547,34.11,TRUE,1.884,0.3203,Condition 1 Diagnosis
c1477_condition_1_source,c1477,condition_1_source,39547,34.11,TRUE,2.2683,1.341,Condition 1 Source
c1477_condition_2_code,c1477,condition_2_code,36082,39.88,TRUE,1756.5281,914.9149,Condition 2 Code
c1477_condition_2_diagnosis,c1477,condition_2_diagnosis,36082,39.88,TRUE,1.9025,0.2966,Condition 2 Diagnosis
c1477_condition_2_source,c1477,condition_2_source,36082,39.88,TRUE,2.4525,1.36,Condition 2 Source
c1477_condition_3_code,c1477,condition_3_code,30910,48.5,TRUE,1980.1391,876.4796,Condition 3 Code
c1477_condition_3_diagnosis,c1477,condition_3_diagnosis,30910,48.5,TRUE,1.9092,0.2873,Condition 3 Diagnosis
c1477_condition_3_source,c1477,condition_3_source,30910,48.5,TRUE,2.4486,1.3568,Condition 3 Source
c1477_condition_4_code,c1477,condition_4_code,25524,57.47,TRUE,2109.5255,862.6119,Condition 4 Code
c1477_condition_4_diagnosis,c1477,condition_4_diagnosis,25524,57.47,TRUE,1.9137,0.2808,Condition 4 Diagnosis
c1477_condition_4_source,c1477,condition_4_source,25524,57.47,TRUE,2.3651,1.3295,Condition 4 Source
c1477_condition_5_code,c1477,condition_5_code,20535,65.78,TRUE,2237.9535,790.8986,Condition 5 Code
c1477_condition_5_diagnosis,c1477,condition_5_diagnosis,20535,65.78,TRUE,1.9143,0.2799,Condition 5 Diagnosis
c1477_condition_5_source,c1477,condition_5_source,20535,65.78,TRUE,2.3072,1.2957,Condition 5 Source
c1477_condition_6_code,c1477,condition_6_code,16171,73.06,TRUE,2344.4445,711.6041,Condition 6 Code
c1477_condition_6_diagnosis,c1477,condition_6_diagnosis,16171,73.06,TRUE,1.9135,0.2811,Condition 6 Diagnosis
c1477_condition_6_source,c1477,condition_6_source,16171,73.06,TRUE,2.2491,1.2703,Condition 6 Source
c1477_condition_7_code,c1477,condition_7_code,12514,79.15,TRUE,2432.3132,637.4704,Condition 7 Code
c1477_condition_7_diagnosis,c1477,condition_7_diagnosis,12514,79.15,TRUE,1.9136,0.2809,Condition 7 Diagnosis
c1477_condition_7_source,c1477,condition_7_source,12514,79.15,TRUE,2.1743,1.2398,Condition 7 Source
c1477_condition_8_code,c1477,condition_8_code,9504,84.16,TRUE,2493.733,576.9158,Condition 8 Code
c1477_condition_8_diagnosis,c1477,condition_8_diagnosis,9504,84.16,TRUE,1.9238,0.2653,Condition 8 Diagnosis
c1477_condition_8_source,c1477,condition_8_source,9504,84.16,TRUE,2.091,1.2003,Condition 8 Source
c1476_f05_1476,c1476,f05_1476,40904,31.84,TRUE,14.5782,18.0604,f05_1476
c1476_f06_1476,c1476,f06_1476,40904,31.84,TRUE,0,0.007,f06_1476
c1476_f07a1476,c1476,f07a1476,40904,31.84,TRUE,6.6,3.4382,f07a1476
c1476_f07b1476,c1476,f07b1476,40904,31.84,TRUE,15.7001,8.7527,f07b1476
c1476_f07c1476,c1476,f07c1476,40904,31.84,TRUE,62.4466,1.9063,f07c1476
c1476_f08a1476,c1476,f08a1476,40904,31.84,TRUE,6.4281,3.4122,f08a1476
c1476_f08b1476,c1476,f08b1476,40904,31.84,TRUE,15.7846,8.6843,f08b1476
c1476_f08c1476,c1476,f08c1476,40904,31.84,TRUE,69.6324,1.8974,f08c1476
c1476_f09a1476,c1476,f09a1476,40904,31.84,TRUE,6.6138,0.8223,f09a1476
c1476_f09b1476,c1476,f09b1476,40904,31.84,TRUE,4.8857,4.6482,f09b1476
c1476_f10a1476,c1476,f10a1476,40904,31.84,TRUE,54.6587,47.4212,f10a1476
c1476_f10b1476,c1476,f10b1476,40904,31.84,TRUE,5.6499,6.6112,f10b1476
c1476_f13a1476,c1476,f13a1476,40904,31.84,TRUE,109.8123,83.9443,f13a1476
c1476_f13b1476,c1476,f13b1476,40904,31.84,TRUE,70.5697,93.7221,f13b1476
c1476_f14_1476,c1476,f14_1476,40904,31.84,TRUE,0.183,1.1978,f14_1476
c1476_f15_1476,c1476,f15_1476,40904,31.84,TRUE,0.2404,1.368,f15_1476
c1476_f16_1476,c1476,f16_1476,40904,31.84,TRUE,0.2506,1.3951,f16_1476
c1476_f17_1476,c1476,f17_1476,40904,31.84,TRUE,0.21,1.2818,f17_1476
c1476_body_length_7_yrs,c1476,body_length_7_yrs,40904,31.84,TRUE,32.7224,132.5325,Body Length (7 Yrs.)
c1476_f18_1476,c1476,f18_1476,40904,31.84,TRUE,1.073,2.857,f18_1476
c1476_f19_1476,c1476,f19_1476,40904,31.84,TRUE,0.9893,2.6355,f19_1476
c1476_f20_1476,c1476,f20_1476,40904,31.84,TRUE,0.4995,1.9377,f20_1476
c1476_head_circumference,c1476,head_circumference,40904,31.84,TRUE,5.0287,19.433,Head Circumference -
c1476_f21_1476,c1476,f21_1476,40904,31.84,TRUE,0.034,0.524,f21_1476
c1476_f22_1476,c1476,f22_1476,40904,31.84,TRUE,0.0218,0.4203,f22_1476
c1476_f23_1476,c1476,f23_1476,40904,31.84,TRUE,0.1117,0.9407,f23_1476
c1476_f24_1476,c1476,f24_1476,40904,31.84,TRUE,0.0924,0.858,f24_1476
c1476_f25a1476,c1476,f25a1476,40904,31.84,TRUE,0.0845,0.3484,f25a1476
c1476_f25b1476,c1476,f25b1476,40904,31.84,TRUE,0.0072,0.2261,f25b1476
c1476_f25c1476,c1476,f25c1476,40904,31.84,TRUE,0.0078,0.2351,f25c1476
c1476_f25d1476,c1476,f25d1476,40904,31.84,TRUE,0.007,0.2295,f25d1476
c1476_f25e1476,c1476,f25e1476,40904,31.84,TRUE,0.0064,0.2284,f25e1476
c1476_f25f1476,c1476,f25f1476,40904,31.84,TRUE,0.0061,0.2277,f25f1476
c1476_f25g1476,c1476,f25g1476,40904,31.84,TRUE,0.0103,0.2438,f25g1476
c1476_f26_1476,c1476,f26_1476,40904,31.84,TRUE,0.0342,0.5425,f26_1476
c1476_f27_1476,c1476,f27_1476,40904,31.84,TRUE,0.0485,0.3985,f27_1476
c1476_f28a1476,c1476,f28a1476,40904,31.84,TRUE,0.0166,0.3664,f28a1476
c1476_f28b1476,c1476,f28b1476,40904,31.84,TRUE,0.0181,0.3767,f28b1476
c1476_f29a1476,c1476,f29a1476,40904,31.84,TRUE,0.0208,0.3719,f29a1476
c1476_f29b1476,c1476,f29b1476,40904,31.84,TRUE,0.0265,0.4069,f29b1476
c1476_f30_1476,c1476,f30_1476,40904,31.84,TRUE,0.0155,0.3625,f30_1476
c1476_f31_1476,c1476,f31_1476,40904,31.84,TRUE,0.0209,0.3744,f31_1476
c1476_f32a1476,c1476,f32a1476,40904,31.84,TRUE,3.5015,3.506,f32a1476
c1476_f32b1476,c1476,f32b1476,40904,31.84,TRUE,3.4966,3.5104,f32b1476
c1476_f32c1476,c1476,f32c1476,40904,31.84,TRUE,1.0493,1.1778,f32c1476
c1476_f33_1476,c1476,f33_1476,40904,31.84,TRUE,0.1864,1.2157,f33_1476
c2476_f02a2476,c2476,f02a2476,40903,31.85,TRUE,14.5828,18.0668,f02a2476
c2476_f02b2476,c2476,f02b2476,40903,31.85,TRUE,0,0.0049,f02b2476
c2476_f02c2476,c2476,f02c2476,40903,31.85,TRUE,6.601,3.4381,f02c2476
c2476_f02d2476,c2476,f02d2476,40903,31.85,TRUE,15.701,8.7524,f02d2476
c2476_f02e2476,c2476,f02e2476,40903,31.85,TRUE,62.4466,1.9063,f02e2476
c2476_f02f2476,c2476,f02f2476,40903,31.85,TRUE,6.4289,3.4122,f02f2476
c2476_f02g2476,c2476,f02g2476,40903,31.85,TRUE,15.7856,8.6838,f02g2476
c2476_f02h2476,c2476,f02h2476,40903,31.85,TRUE,69.6322,1.8979,f02h2476
c2476_f02i2476,c2476,f02i2476,40903,31.85,TRUE,6.6135,0.8237,f02i2476
c2476_f02j2476,c2476,f02j2476,40903,31.85,TRUE,4.8888,4.6859,f02j2476
c2476_f03a2476,c2476,f03a2476,40903,31.85,TRUE,0.01,0.2284,f03a2476
c2476_f03b2476,c2476,f03b2476,40903,31.85,TRUE,0.0097,0.2316,f03b2476
c2476_f03c2476,c2476,f03c2476,40903,31.85,TRUE,0.0338,0.2737,f03c2476
c2476_f03d2476,c2476,f03d2476,40903,31.85,TRUE,0.0686,0.3258,f03d2476
c2476_f03e2476,c2476,f03e2476,40903,31.85,TRUE,0.0169,0.2389,f03e2476
c2476_f04b2476,c2476,f04b2476,40903,31.85,TRUE,0.0141,0.338,f04b2476
c2476_f04c2476,c2476,f04c2476,40903,31.85,TRUE,0.0216,0.346,f04c2476
c2476_f05a2476,c2476,f05a2476,40903,31.85,TRUE,0.038,0.5559,f05a2476
c2476_f05b2476,c2476,f05b2476,40903,31.85,TRUE,0.0263,0.4647,f05b2476
c2476_f05c2476,c2476,f05c2476,40903,31.85,TRUE,0.1894,1.2186,f05c2476
c2476_f05d2476,c2476,f05d2476,40903,31.85,TRUE,0.3896,1.7235,f05d2476
c2476_f05e2476,c2476,f05e2476,40903,31.85,TRUE,0.0345,0.5302,f05e2476
c2476_f06a2476,c2476,f06a2476,40903,31.85,TRUE,0.1516,1.1082,f06a2476
c2476_f06b2476,c2476,f06b2476,40903,31.85,TRUE,0.164,1.1525,f06b2476
c2476_f06c2476,c2476,f06c2476,40903,31.85,TRUE,1.091,0.8955,f06c2476
c2476_body_length_7_yrs,c2476,body_length_7_yrs,40903,31.85,TRUE,109.2064,89.8666,Body Length (7 Yrs.)
c2476_f07a2476,c2476,f07a2476,40903,31.85,TRUE,0.0092,0.2146,f07a2476
c2476_f07b2476,c2476,f07b2476,40903,31.85,TRUE,0.0151,0.289,f07b2476
c2476_f07c2476,c2476,f07c2476,40903,31.85,TRUE,0.0123,0.2934,f07c2476
c2476_head_circumference,c2476,head_circumference,40903,31.85,TRUE,0.1569,3.0699,Head Circumference -
c2476_f08_2476,c2476,f08_2476,40903,31.85,TRUE,0.0339,0.5237,f08_2476
c2476_f09_2476,c2476,f09_2476,40903,31.85,TRUE,0.0283,0.4811,f09_2476
c2476_f10_2476,c2476,f10_2476,40903,31.85,TRUE,0.1353,1.0645,f10_2476
c2476_f11_2476,c2476,f11_2476,40903,31.85,TRUE,0.0622,0.7236,f11_2476
c2476_f12a2476,c2476,f12a2476,40903,31.85,TRUE,0.254,1.4101,f12a2476
c2476_f12b2476,c2476,f12b2476,40903,31.85,TRUE,0.3269,1.5993,f12b2476
c2476_f12c2476,c2476,f12c2476,40903,31.85,TRUE,6.7511,1.367,f12c2476
c2476_f12d2476,c2476,f12d2476,40903,31.85,TRUE,6.7636,1.3428,f12d2476
c2476_f13_2476,c2476,f13_2476,40903,31.85,TRUE,0.0684,0.7491,f13_2476
c2476_f14_2476,c2476,f14_2476,40903,31.85,TRUE,0.1008,0.9093,f14_2476
c2476_f15_2476,c2476,f15_2476,40903,31.85,TRUE,0.3543,1.6151,f15_2476
c2476_f16_2476,c2476,f16_2476,40903,31.85,TRUE,0.0739,0.7798,f16_2476
c2476_f17_2476,c2476,f17_2476,40903,31.85,TRUE,0.09,0.8657,f17_2476
c2476_f18_2476,c2476,f18_2476,40903,31.85,TRUE,0.0482,0.5371,f18_2476
c2476_f19_2476,c2476,f19_2476,40903,31.85,TRUE,0.0196,0.4125,f19_2476
c2476_f20_2476,c2476,f20_2476,40903,31.85,TRUE,0.0369,0.5668,f20_2476
c2476_f21a2476,c2476,f21a2476,40903,31.85,TRUE,0.0276,0.4805,f21a2476
c2476_f21b2476,c2476,f21b2476,40903,31.85,TRUE,0.0528,0.6649,f21b2476
c2476_f22a2476,c2476,f22a2476,40903,31.85,TRUE,0.2334,1.3716,f22a2476
c2476_f22b2476,c2476,f22b2476,40903,31.85,TRUE,0.2422,1.39,f22b2476
c2476_f23_2476,c2476,f23_2476,40903,31.85,TRUE,0.0289,0.4908,f23_2476
c2476_f24_2476,c2476,f24_2476,40903,31.85,TRUE,0.0264,0.4725,f24_2476
c2476_f25_2476,c2476,f25_2476,40903,31.85,TRUE,0.1272,1.0068,f25_2476
c2476_f26_2476,c2476,f26_2476,40903,31.85,TRUE,0.0265,0.4794,f26_2476
c4476_f02a4476,c4476,f02a4476,40901,31.85,TRUE,14.576,18.0597,f02a4476
c4476_f02b4476,c4476,f02b4476,40901,31.85,TRUE,0,0.0049,f02b4476
c4476_f02c4476,c4476,f02c4476,40901,31.85,TRUE,6.6003,3.438,f02c4476
c4476_f02d4476,c4476,f02d4476,40901,31.85,TRUE,15.7018,8.7528,f02d4476
c4476_f02e4476,c4476,f02e4476,40901,31.85,TRUE,62.4468,1.9064,f02e4476
c4476_f02f4476,c4476,f02f4476,40901,31.85,TRUE,6.4282,3.4124,f02f4476
c4476_f0243476,c4476,f0243476,40901,31.85,TRUE,15.784,8.6844,f0243476
c4476_f02h4476,c4476,f02h4476,40901,31.85,TRUE,69.6323,1.8979,f02h4476
c4476_f02i4476,c4476,f02i4476,40901,31.85,TRUE,6.6135,0.8238,f02i4476
c4476_f02j4476,c4476,f02j4476,40901,31.85,TRUE,4.8895,4.6864,f02j4476
c4476_f03a4476,c4476,f03a4476,40901,31.85,TRUE,1.9882,0.3949,f03a4476
c4476_f03b4476,c4476,f03b4476,40901,31.85,TRUE,1.9897,0.4005,f03b4476
c4476_f04a4476,c4476,f04a4476,40901,31.85,TRUE,1.9828,0.3986,f04a4476
c4476_f04b4476,c4476,f04b4476,40901,31.85,TRUE,1.984,0.405,f04b4476
c4476_f05a4476,c4476,f05a4476,40901,31.85,TRUE,2.0337,0.4508,f05a4476
c4476_f09_4476,c4476,f09_4476,40901,31.85,TRUE,3.6936,3.5417,f09_4476
c4476_f10a4476,c4476,f10a4476,40901,31.85,TRUE,1.1179,0.729,f10a4476
c4476_f10b4476,c4476,f10b4476,40901,31.85,TRUE,1.1239,0.7399,f10b4476
c4476_f11_4476,c4476,f11_4476,40901,31.85,TRUE,3.3597,4.3518,f11_4476
c4476_f12_4476,c4476,f12_4476,40901,31.85,TRUE,6.3273,4.1112,f12_4476
c4476_f13_4476,c4476,f13_4476,40901,31.85,TRUE,0.1643,1.1639,f13_4476
c4476_f14_4476,c4476,f14_4476,40901,31.85,TRUE,0.1634,1.1659,f14_4476
c4476_f15_4476,c4476,f15_4476,40901,31.85,TRUE,0.148,1.1029,f15_4476
c4476_f16_4476,c4476,f16_4476,40901,31.85,TRUE,0.9203,0.8293,f16_4476
c4476_f17_4476,c4476,f17_4476,40901,31.85,TRUE,0.0414,0.5413,f17_4476
c4476_body_length_7_yrs,c4476,body_length_7_yrs,40901,31.85,TRUE,4.7962,58.8599,Body Length (7 Yrs.)
c4476_f18_4476,c4476,f18_4476,40901,31.85,TRUE,0.0432,0.5468,f18_4476
c4476_f19_4476,c4476,f19_4476,40901,31.85,TRUE,0.22,0.8878,f19_4476
c4476_f20_4476,c4476,f20_4476,40901,31.85,TRUE,0.5805,2.0787,f20_4476
c4476_head_circumference,c4476,head_circumference,40901,31.85,TRUE,6.4793,21.4068,Head Circumference -
c4476_f21_4476,c4476,f21_4476,40901,31.85,TRUE,0.6743,2.2241,f21_4476
c4476_f22_4476,c4476,f22_4476,40901,31.85,TRUE,0.7629,2.3518,f22_4476
c4476_f23_4476,c4476,f23_4476,40901,31.85,TRUE,1.1442,0.5287,f23_4476
c4476_f24_4476,c4476,f24_4476,40901,31.85,TRUE,0.2088,0.5219,f24_4476
c4476_f25_4476,c4476,f25_4476,40901,31.85,TRUE,1.3679,1.25,f25_4476
c4476_f26_4476,c4476,f26_4476,40901,31.85,TRUE,0.3961,0.6762,f26_4476
c4476_f27_4476,c4476,f27_4476,40901,31.85,TRUE,0.0321,0.2506,f27_4476
c4476_f28_4476,c4476,f28_4476,40901,31.85,TRUE,1.3035,0.9055,f28_4476
c4476_f29_4476,c4476,f29_4476,40901,31.85,TRUE,1.088,0.3857,f29_4476
c2410_v1_4_mo_ped_exam_field_02,c2410_v1,4_mo_ped_exam_field_02,40867,31.91,TRUE,16.094,2.3313,"4 MO PED EXAM, FIELD 02"
c2410_v1_4_mo_ped_exam_field_03,c2410_v1,4_mo_ped_exam_field_03,40867,31.91,TRUE,0.1736,1.1693,"4 MO PED EXAM, FIELD 03"
c2410_v1_4_mo_ped_exam_field_04,c2410_v1,4_mo_ped_exam_field_04,40867,31.91,TRUE,0.1442,1.0711,"4 MO PED EXAM, FIELD 04"
c2410_v1_4_mo_ped_exam_field_05,c2410_v1,4_mo_ped_exam_field_05,40867,31.91,TRUE,0.1484,1.0826,"4 MO PED EXAM, FIELD 05"
c2410_v1_4_mo_ped_exam_field_06,c2410_v1,4_mo_ped_exam_field_06,40867,31.91,TRUE,0.099,0.8897,"4 MO PED EXAM, FIELD 06"
c2410_v1_4_mo_ped_exam_field_07,c2410_v1,4_mo_ped_exam_field_07,40867,31.91,TRUE,0.0107,0.2448,"4 MO PED EXAM, FIELD 07"
c2410_v1_4_mo_ped_exam_field_08,c2410_v1,4_mo_ped_exam_field_08,40867,31.91,TRUE,0.3141,1.5562,"4 MO PED EXAM, FIELD 08"
c2410_v1_4_mo_ped_exam_field_09,c2410_v1,4_mo_ped_exam_field_09,40867,31.91,TRUE,3.4269,4.2993,"4 MO PED EXAM, FIELD 09"
c2410_v1_4_mo_ped_exam_field_10,c2410_v1,4_mo_ped_exam_field_10,40867,31.91,TRUE,0.207,1.2895,"4 MO PED EXAM, FIELD 10"
c2410_v1_4_mo_ped_exam_field_11,c2410_v1,4_mo_ped_exam_field_11,40867,31.91,TRUE,0.0398,0.5778,"4 MO PED EXAM, FIELD 11"
c2410_v1_4_mo_ped_exam_field_12,c2410_v1,4_mo_ped_exam_field_12,40867,31.91,TRUE,0.0496,0.6444,"4 MO PED EXAM, FIELD 12"
c2410_v1_4_mo_ped_exam_field_13,c2410_v1,4_mo_ped_exam_field_13,40867,31.91,TRUE,0.0588,0.6988,"4 MO PED EXAM, FIELD 13"
c2410_v1_4_mo_ped_exam_field_14,c2410_v1,4_mo_ped_exam_field_14,40867,31.91,TRUE,0.1808,1.1989,"4 MO PED EXAM, FIELD 14"
c2410_v1_4_mo_ped_exam_field_15,c2410_v1,4_mo_ped_exam_field_15,40867,31.91,TRUE,0.2588,1.424,"4 MO PED EXAM, FIELD 15"
c2410_v1_4_mo_ped_exam_field_16,c2410_v1,4_mo_ped_exam_field_16,40867,31.91,TRUE,0.3926,1.7362,"4 MO PED EXAM, FIELD 16"
c2410_v1_4_mo_ped_exam_field_17,c2410_v1,4_mo_ped_exam_field_17,40867,31.91,TRUE,0.1514,0.9724,"4 MO PED EXAM, FIELD 17"
c2410_v1_4_mo_ped_exam_field_18a,c2410_v1,4_mo_ped_exam_field_18a,40867,31.91,TRUE,3.0133,0.3811,"4 MO PED EXAM, FIELD 18A"
c2410_v1_4_mo_ped_exam_field_18b,c2410_v1,4_mo_ped_exam_field_18b,40867,31.91,TRUE,0.0199,0.3308,"4 MO PED EXAM, FIELD 18B"
c2410_v1_4_mo_ped_exam_field_18c,c2410_v1,4_mo_ped_exam_field_18c,40867,31.91,TRUE,0.0203,0.3377,"4 MO PED EXAM, FIELD 18C"
c2410_v1_4_mo_ped_exam_field_19a,c2410_v1,4_mo_ped_exam_field_19a,40867,31.91,TRUE,3.0244,0.4284,"4 MO PED EXAM, FIELD 19A"
c2410_v1_4_mo_ped_exam_field_19b,c2410_v1,4_mo_ped_exam_field_19b,40867,31.91,TRUE,0.0262,0.3994,"4 MO PED EXAM, FIELD 19B"
c2410_v1_4_mo_ped_exam_field_19c,c2410_v1,4_mo_ped_exam_field_19c,40867,31.91,TRUE,0.0254,0.3913,"4 MO PED EXAM, FIELD 19C"
c2410_v1_4_mo_ped_exam_field_20a,c2410_v1,4_mo_ped_exam_field_20a,40867,31.91,TRUE,2.9524,0.3958,"4 MO PED EXAM, FIELD 20A"
c2410_v1_4_mo_ped_exam_field_20b,c2410_v1,4_mo_ped_exam_field_20b,40867,31.91,TRUE,0.0115,0.2858,"4 MO PED EXAM, FIELD 20B"
c2410_v1_4_mo_ped_exam_field_20c,c2410_v1,4_mo_ped_exam_field_20c,40867,31.91,TRUE,0.0117,0.2877,"4 MO PED EXAM, FIELD 20C"
c2410_v1_4_mo_ped_exam_field_21a,c2410_v1,4_mo_ped_exam_field_21a,40867,31.91,TRUE,2.9792,0.3551,"4 MO PED EXAM, FIELD 21A"
c2410_v1_4_mo_ped_exam_field_21b,c2410_v1,4_mo_ped_exam_field_21b,40867,31.91,TRUE,0.0107,0.2776,"4 MO PED EXAM, FIELD 21B"
c2410_v1_4_mo_ped_exam_field_21c,c2410_v1,4_mo_ped_exam_field_21c,40867,31.91,TRUE,0.011,0.2832,"4 MO PED EXAM, FIELD 21C"
c2410_v1_4_mo_ped_exam_field_22a,c2410_v1,4_mo_ped_exam_field_22a,40867,31.91,TRUE,2.9949,0.3533,"4 MO PED EXAM, FIELD 22A"
c2410_v1_4_mo_ped_exam_field_22b,c2410_v1,4_mo_ped_exam_field_22b,40867,31.91,TRUE,0.0119,0.2994,"4 MO PED EXAM, FIELD 22B"
c2410_v1_4_mo_ped_exam_field_22c,c2410_v1,4_mo_ped_exam_field_22c,40867,31.91,TRUE,0.0123,0.3061,"4 MO PED EXAM, FIELD 22C"
c2410_v1_4_mo_ped_exam_field_23,c2410_v1,4_mo_ped_exam_field_23,40867,31.91,TRUE,0.0323,0.3167,"4 MO PED EXAM, FIELD 23"
c2410_v1_4_mo_ped_exam_field_24,c2410_v1,4_mo_ped_exam_field_24,40867,31.91,TRUE,0.0303,0.445,"4 MO PED EXAM, FIELD 24"
c2410_v1_4_mo_ped_exam_field_25,c2410_v1,4_mo_ped_exam_field_25,40867,31.91,TRUE,0.102,0.9087,"4 MO PED EXAM, FIELD 25"
c2410_v1_4_mo_ped_exam_field_26,c2410_v1,4_mo_ped_exam_field_26,40867,31.91,TRUE,0.7686,2.3697,"4 MO PED EXAM, FIELD 26"
c2410_v1_4_mo_ped_exam_field_27,c2410_v1,4_mo_ped_exam_field_27,40867,31.91,TRUE,0.2698,1.4532,"4 MO PED EXAM, FIELD 27"
c2410_v1_4_mo_ped_exam_field_28,c2410_v1,4_mo_ped_exam_field_28,40867,31.91,TRUE,0.3222,1.5962,"4 MO PED EXAM, FIELD 28"
c2410_v1_4_mo_ped_exam_field_29,c2410_v1,4_mo_ped_exam_field_29,40867,31.91,TRUE,0.5585,1.2938,"4 MO PED EXAM, FIELD 29"
c2410_v1_4_mo_ped_exam_field_30,c2410_v1,4_mo_ped_exam_field_30,40867,31.91,TRUE,0.3485,0.9701,"4 MO PED EXAM, FIELD 30"
c2410_v1_4_mo_ped_exam_field_31,c2410_v1,4_mo_ped_exam_field_31,40867,31.91,TRUE,1.8119,1.564,"4 MO PED EXAM, FIELD 31"
c2410_v1_4_mo_ped_exam_field_32,c2410_v1,4_mo_ped_exam_field_32,40867,31.91,TRUE,2.8753,1.0682,"4 MO PED EXAM, FIELD 32"
c2410_v1_4_mo_ped_exam_field_33,c2410_v1,4_mo_ped_exam_field_33,40867,31.91,TRUE,0.1109,0.6623,"4 MO PED EXAM, FIELD 33"
c2410_v1_4_mo_ped_exam_field_34,c2410_v1,4_mo_ped_exam_field_34,40867,31.91,TRUE,0.1109,0.8052,"4 MO PED EXAM, FIELD 34"
c2410_v1_4_mo_ped_exam_field_35,c2410_v1,4_mo_ped_exam_field_35,40867,31.91,TRUE,0.072,0.5191,"4 MO PED EXAM, FIELD 35"
c2410_v1_4_mo_ped_exam_field_36,c2410_v1,4_mo_ped_exam_field_36,40867,31.91,TRUE,0.0867,0.7098,"4 MO PED EXAM, FIELD 36"
c2410_v1_4_mo_ped_exam_field_37,c2410_v1,4_mo_ped_exam_field_37,40867,31.91,TRUE,1.4151,0.8733,"4 MO PED EXAM, FIELD 37"
c2410_v1_4_mo_ped_exam_field_38,c2410_v1,4_mo_ped_exam_field_38,40867,31.91,TRUE,0.2308,1.2963,"4 MO PED EXAM, FIELD 38"
c2410_v1_4_mo_ped_exam_field_39,c2410_v1,4_mo_ped_exam_field_39,40867,31.91,TRUE,1.2603,0.6191,"4 MO PED EXAM, FIELD 39"
c2410_v1_4_mo_ped_exam_field_40,c2410_v1,4_mo_ped_exam_field_40,40867,31.91,TRUE,4.0955,2.3336,"4 MO PED EXAM, FIELD 40"
c2410_v1_4_mo_ped_exam_field_41,c2410_v1,4_mo_ped_exam_field_41,40867,31.91,TRUE,4.0648,2.3496,"4 MO PED EXAM, FIELD 41"
c2410_v1_4_mo_ped_exam_field_42,c2410_v1,4_mo_ped_exam_field_42,40867,31.91,TRUE,4.0913,2.3324,"4 MO PED EXAM, FIELD 42"
c2410_v1_4_mo_ped_exam_field_43,c2410_v1,4_mo_ped_exam_field_43,40867,31.91,TRUE,4.0428,2.3063,"4 MO PED EXAM, FIELD 43"
c2410_v1_4_mo_ped_exam_field_44,c2410_v1,4_mo_ped_exam_field_44,40867,31.91,TRUE,0.117,0.3853,"4 MO PED EXAM, FIELD 44"
c2410_v1_4_mo_ped_exam_field_45,c2410_v1,4_mo_ped_exam_field_45,40867,31.91,TRUE,0.4583,1.0156,"4 MO PED EXAM, FIELD 45"
c2410_v1_4_mo_ped_exam_field_46,c2410_v1,4_mo_ped_exam_field_46,40867,31.91,TRUE,0.0626,0.5025,"4 MO PED EXAM, FIELD 46"
c2410_v1_4_mo_ped_exam_field_47,c2410_v1,4_mo_ped_exam_field_47,40867,31.91,TRUE,0.7702,2.3635,"4 MO PED EXAM, FIELD 47"
c2410_v1_4_mo_ped_exam_field_48,c2410_v1,4_mo_ped_exam_field_48,40867,31.91,TRUE,0.0528,0.6329,"4 MO PED EXAM, FIELD 48"
c1130_f5a_age_years,c1130,f5a_age_years,40705,32.18,TRUE,6.6164,0.8574,F5a_Age years
c1130_f5b_age_months,c1130,f5b_age_months,40705,32.18,TRUE,12.8767,17.015,F5b_Age months
c1130_f7_race,c1130,f7_race,40705,32.18,TRUE,1.6511,0.85,F7_Race
c1130_f8_examiner,c1130,f8_examiner,40705,32.18,TRUE,14.152,17.8514,F8_Examiner
c1130_f9a_month_of_exam,c1130,f9a_month_of_exam,40705,32.18,TRUE,6.4212,3.4654,F9a_Month of exam
c1130_f9a_day_of_exam,c1130,f9a_day_of_exam,40705,32.18,TRUE,15.7616,8.685,F9a_Day of exam
c1130_f9a_year_of_exam,c1130,f9a_year_of_exam,40705,32.18,TRUE,69.6615,1.8993,F9a_Year of exam
c1130_f10a_figa_1a_distortion_of_shape,c1130,f10a_figa_1a_distortion_of_shape,40705,32.18,TRUE,0.3715,0.8047,F10a_FigA_1a distortion of shape
c1130_f10b_figa_1b_distortion_of_proportion,c1130,f10b_figa_1b_distortion_of_proportion,40705,32.18,TRUE,0.2046,0.7613,F10b_FigA_1b distortion of proportion
c1130_hearing_figure_1_assessment,c1130,hearing_figure_1_assessment,40705,32.18,TRUE,2.7823,8.3706,"HEARING, FIGURE 1 ASSESSMENT, CHILD, 7 YEAR, PSYCH EXAM"
c1130_hearing_figure_1_registration,c1130,hearing_figure_1_registration,40705,32.18,TRUE,9.3318,11.3919,"HEARING, FIGURE 1 REGISTRATION, CHILD, 7 YEAR, PSYCH EXAM"
c1130_hearing_figure_1_situation,c1130,hearing_figure_1_situation,40705,32.18,TRUE,1.1738,7.7818,"HEARING, FIGURE 1 SITUATION, CHILD, 7 YEAR, PSYCH EXAM"
c1130_hearing_figure_1_interpretation,c1130,hearing_figure_1_interpretation,40705,32.18,TRUE,4.2361,9.2396,"HEARING, FIGURE 1 INTERPRETATION, CHILD, 7 YEAR, PSYCH EXAM"
c1130_hearing_figure_2_registration,c1130,hearing_figure_2_registration,40705,32.18,TRUE,1.4166,7.9381,"HEARING, FIGURE 2 REGISTRATION, CHILD, 7 YEAR, PSYCH EXAM"
c1130_hearing_figure_2_assessment,c1130,hearing_figure_2_assessment,40705,32.18,TRUE,3.0622,8.9095,"HEARING, FIGURE 2 ASSESSMENT, CHILD, 7 YEAR, PSYCH EXAM"
c1130_wisc_intelligence,c1130,wisc_intelligence,40705,32.18,TRUE,30.8495,89.6862,"WISC INTELLIGENCE, CHILD, 7 YEAR, PSYCH EXAM"
c1130_hearing_figure_2_situation,c1130,hearing_figure_2_situation,40705,32.18,TRUE,0.2277,0.7737,"HEARING, FIGURE 2 SITUATION, CHILD, 7 YEAR, PSYCH EXAM"
c1130_hearing_figure_2_interpretation,c1130,hearing_figure_2_interpretation,40705,32.18,TRUE,3.0151,8.5143,"HEARING, FIGURE 2 INTERPRETATION, CHILD, 7 YEAR, PSYCH EXAM"
c1130_hearing_figure_3_assessment,c1130,hearing_figure_3_assessment,40705,32.18,TRUE,6.8811,10.405,"HEARING, FIGURE 3 ASSESSMENT, CHILD, 7 YEAR, PSYCH EXAM"
c1130_hearing_figure_3_registration,c1130,hearing_figure_3_registration,40705,32.18,TRUE,6.2287,9.1258,"HEARING, FIGURE 3 REGISTRATION, CHILD, 7 YEAR, PSYCH EXAM"
c1130_hearing_figure_3_interpretation,c1130,hearing_figure_3_interpretation,40705,32.18,TRUE,2.4673,8.2813,"HEARING, FIGURE 3 INTERPRETATION, CHILD, 7 YEAR, PSYCH EXAM"
c1130_inspiration_continuous_line_test_2,c1130,inspiration_continuous_line_test_2,40705,32.18,TRUE,0.1326,0.7344,"INSPIRATION, CONTINUOUS LINE TEST, CHILD, 7 YEAR, PSYCH EXAM"
c1130_inspiration_gateway,c1130,inspiration_gateway,40705,32.18,TRUE,0.1585,0.7468,"INSPIRATION, GATEWAY, CHILD, 7 YEAR, PSYCH EXAM"
c1130_inspiration_convergence_2,c1130,inspiration_convergence_2,40705,32.18,TRUE,78.357,103.845,"INSPIRATION, CONVERGENCE, CHILD, 7 YEAR, PSYCH EXAM"
c1130_independent,c1130,independent,40705,32.18,TRUE,5.194,8.826,"INDEPENDENT, CHILD, 7 YEAR, PSYCH EXAM"
c1130_hearing_figure_7_disposition_of_anomaly,c1130,hearing_figure_7_disposition_of_anomaly,40705,32.18,TRUE,1.5594,7.9397,"HEARING, FIGURE 7, DISPOSITION OF ANOMALY, DIAGNOSIS MATCH, CHILD, 7 YEAR"
c1130_hearing_figure_7_tentative_diagnosis_mat,c1130,hearing_figure_7_tentative_diagnosis_mat,40705,32.18,TRUE,9.9991,11.2483,"HEARING, FIGURE 7, TENTATIVE, CHILD, 7 YEAR, PSYCH EXAM, DIAGNOSIS MATCH"
c1130_hearing_number_result,c1130,hearing_number_result,40705,32.18,TRUE,98.682,77.0478,"HEARING, NUMBER, RESULT, CHILD, 7 YEAR, PSYCH EXAM, ADMINISTRATIVE"
c1130_f17e_fig7_score,c1130,f17e_fig7_score,40705,32.18,TRUE,1.8219,1.0965,F17e_Fig7_Score
c1130_f18a_fig8_24_distortion_of_shape,c1130,f18a_fig8_24_distortion_of_shape,40705,32.18,TRUE,0.8998,0.7237,F18a_Fig8_24 distortion of shape
c1130_f18c_fig8_score,c1130,f18c_fig8_score,40705,32.18,TRUE,0.9795,0.7727,F18c_Fig8_Score
c1130_f21_time_in_seconds,c1130,f21_time_in_seconds,40705,32.18,TRUE,900.6195,2126.2526,F21_Time in seconds
c2130_intelligence,c2130,intelligence,40691,32.2,TRUE,8.313,9.4073,"INTELLIGENCE, CHILD, 4 YEAR, PSYCH EXAM"
c2130_wisc_intelligence_scaled_verbal_tests_in,c2130,wisc_intelligence_scaled_verbal_tests_in,40691,32.2,TRUE,10.1089,9.5448,"WISC INTELLIGENCE SCALED VERBAL TESTS, INFORMATION, RAW SCORE, CHILD, 7 YEAR"
c2130_wisc_intelligence_scaled_verbal_tests_co,c2130,wisc_intelligence_scaled_verbal_tests_co,40691,32.2,TRUE,7.1019,9.8074,"WISC INTELLIGENCE SCALED VERBAL TESTS, COMPREHENSION, RAW SCORE, CHILD, 7 YEAR"
c2130_wisc_intelligence_scaled_verbal_tests_co_2,c2130,wisc_intelligence_scaled_verbal_tests_co_2,40691,32.2,TRUE,9.7056,9.7084,"WISC INTELLIGENCE SCALED VERBAL TESTS, COMPREHENSION, SCALED SCORE, CHILD, 7 YEAR"
c2130_wisc_intelligence_scaled_verbal_tests_si,c2130,wisc_intelligence_scaled_verbal_tests_si,40691,32.2,TRUE,18.7924,10.3251,"WISC INTELLIGENCE SCALED VERBAL TESTS, SIMILARITIES, RAW SCORE, CHILD, 7 YEAR"
c2130_wisc_intelligence_scaled_verbal_tests_vo,c2130,wisc_intelligence_scaled_verbal_tests_vo,40691,32.2,TRUE,9.7608,10.0572,"WISC INTELLIGENCE SCALED VERBAL TESTS, VOCABULARY, RAW SCORE, CHILD, 7 YEAR"
c2130_wisc_intelligence_scaled_verbal_tests_vo_2,c2130,wisc_intelligence_scaled_verbal_tests_vo_2,40691,32.2,TRUE,8.0947,9.8097,"WISC INTELLIGENCE SCALED VERBAL TESTS, VOCABULARY, SCALED SCORE, CHILD, 7 YEAR"
c2130_wisc_intelligence_scaled_repeat_digit_sp,c2130,wisc_intelligence_scaled_repeat_digit_sp,40691,32.2,TRUE,10.5873,9.8556,"WISC INTELLIGENCE SCALED REPEAT DIGIT SPAN, SCALED SCORE, CHILD, 7 YEAR, PSYCH EXAM"
c2130_bender_gestalt,c2130,bender_gestalt,40691,32.2,TRUE,5553.8354,3079.4265,"BENDER GESTALT, CHILD, 7 YEAR, PSYCH EXAM"
c2130_bender_gestalt_time,c2130,bender_gestalt_time,40691,32.2,TRUE,44.588,25.3272,"BENDER GESTALT TIME, CHILD, 7 YEAR, PSYCH EXAM"
c2130_bender_gestalt_distortion,c2130,bender_gestalt_distortion,40691,32.2,TRUE,48.0639,29.9484,"BENDER GESTALT DISTORTION, CHILD, 7 YEAR, PSYCH EXAM"
c2130_bender_gestalt_rotation,c2130,bender_gestalt_rotation,40691,32.2,TRUE,44.9355,23.5287,"BENDER GESTALT ROTATION, CHILD, 7 YEAR, PSYCH EXAM"
c2130_goodenough_harris,c2130,goodenough_harris,40691,32.2,TRUE,4808.486,3353.3426,"GOODENOUGH HARRIS, CHILD, 7 YEAR, PSYCH EXAM"
c2130_goodenough_harris_score,c2130,goodenough_harris_score,40691,32.2,TRUE,4.4509,3.1419,"GOODENOUGH HARRIS SCORE, CHILD, 7 YEAR, PSYCH EXAM"
c2130_auditory_vocal_association,c2130,auditory_vocal_association,40691,32.2,TRUE,30.0448,9.5837,"AUDITORY VOCAL ASSOCIATION, CHILD, 7 YEAR, PSYCH EXAM"
c2130_wisc_verbal_prorated_sum_mislabeled_as_w,c2130,wisc_verbal_prorated_sum_mislabeled_as_w,40691,32.2,TRUE,45.946,12.5323,WISC VERBAL PRORATED SUM (MISLABELED AS WRAT READING)
c2130_wisc_verbal_iq_proxy_mislabeled_as_wrat,c2130,wisc_verbal_iq_proxy_mislabeled_as_wrat,40691,32.2,TRUE,9.9323,9.2904,WISC VERBAL IQ PROXY (MISLABELED AS WRAT SPELLING)
c2130_wrat_arithmetic_score_warning:_label_fro,c2130,wrat_arithmetic_score_warning:_label_fro,40691,32.2,TRUE,48.7328,29.6455,"WRAT ARITHMETIC SCORE, CHILD, 7 YEAR, PSYCH EXAM (WARNING: LABEL FROM PSY25 FORM, ACTUAL CONTENT DIFFERS ON CARD 21300)"
c2130_graham_block_sort_score_warning:_label_f,c2130,graham_block_sort_score_warning:_label_f,40691,32.2,TRUE,42.7008,28.1949,"GRAHAM BLOCK SORT SCORE, CHILD, 7 YEAR, PSYCH EXAM (WARNING: LABEL FROM PSY25 FORM, ACTUAL CONTENT DIFFERS ON CARD 21300)"
c2130_conceptual_style_test_score_warning:_lab,c2130,conceptual_style_test_score_warning:_lab,40691,32.2,TRUE,50.2563,39.0202,"CONCEPTUAL STYLE TEST SCORE, CHILD, 7 YEAR, PSYCH EXAM (WARNING: LABEL FROM PSY25 FORM, ACTUAL CONTENT DIFFERS ON CARD 21300)"
c2130_embedded_figures_score_warning:_label_fr,c2130,embedded_figures_score_warning:_label_fr,40691,32.2,TRUE,10.0311,9.8044,"EMBEDDED FIGURES SCORE, CHILD, 7 YEAR, PSYCH EXAM (WARNING: LABEL FROM PSY25 FORM, ACTUAL CONTENT DIFFERS ON CARD 21300)"
c2130_goodenough_figure_score_warning:_label_f,c2130,goodenough_figure_score_warning:_label_f,40691,32.2,TRUE,45.9738,28.6797,"GOODENOUGH FIGURE SCORE, CHILD, 7 YEAR (WARNING: LABEL FROM PSY25 FORM, ACTUAL CONTENT DIFFERS ON CARD 21300)"
c2130_intelligence_warning:_label_from_psy25_f,c2130,intelligence_warning:_label_from_psy25_f,40691,32.2,TRUE,57.1229,38.3244,"INTELLIGENCE, CHILD, 7 YEAR, PSYCH EXAM (WARNING: LABEL FROM PSY25 FORM, ACTUAL CONTENT DIFFERS ON CARD 21300)"
c2130_intelligence_laterality_warning:_label_f,c2130,intelligence_laterality_warning:_label_f,40691,32.2,TRUE,10.1336,2.1816,"INTELLIGENCE, LATERALITY, CHILD, 7 YEAR, PSYCH EXAM (WARNING: LABEL FROM PSY25 FORM, ACTUAL CONTENT DIFFERS ON CARD 21300)"
c2130_intelligence_through_bone_warning:_label,c2130,intelligence_through_bone_warning:_label,40691,32.2,TRUE,19.4409,12.0154,"INTELLIGENCE, THROUGH BONE, CHILD, 7 YEAR, PSYCH EXAM (WARNING: LABEL FROM PSY25 FORM, ACTUAL CONTENT DIFFERS ON CARD 21300)"
c2130_intelligence_warning:_label_from_psy25_f_2,c2130,intelligence_warning:_label_from_psy25_f_2,40691,32.2,TRUE,62.0746,14.9463,"INTELLIGENCE, REGISTRATION, CHILD, 7 YEAR, PSYCH EXAM (WARNING: LABEL FROM PSY25 FORM, ACTUAL CONTENT DIFFERS ON CARD 21300)"
c2130_hearing_warning:_label_from_psy25_form_a,c2130,hearing_warning:_label_from_psy25_form_a,40691,32.2,TRUE,34.3626,29.4623,"HEARING, REGISTRATION, CHILD, 7 YEAR, PSYCH EXAM (WARNING: LABEL FROM PSY25 FORM, ACTUAL CONTENT DIFFERS ON CARD 21300)"
c2130_auditory_vocal_association_warning:_labe,c2130,auditory_vocal_association_warning:_labe,40691,32.2,TRUE,11.0294,16.8315,"AUDITORY VOCAL ASSOCIATION, CHILD, 7 YEAR (WARNING: LABEL FROM PSY25 FORM, ACTUAL CONTENT DIFFERS ON CARD 21300)"
c2130_hearing_year_of_record_warning:_label_fr,c2130,hearing_year_of_record_warning:_label_fr,40691,32.2,TRUE,59.8634,37.7305,"HEARING, YEAR OF RECORD, CHILD, 7 YEAR, PSYCH EXAM (WARNING: LABEL FROM PSY25 FORM, ACTUAL CONTENT DIFFERS ON CARD 21300)"
c4130_f3_face,c4130,f3_face,40688,32.2,TRUE,0.2023,1.0951,F3_Face
c4130_f4_mouth,c4130,f4_mouth,40688,32.2,TRUE,0.1638,1.0164,F4_Mouth
c4130_f5a_right_eye,c4130,f5a_right_eye,40688,32.2,TRUE,0.3016,1.4334,F5a_Right eye
c4130_f5b_left_eye,c4130,f5b_left_eye,40688,32.2,TRUE,0.3256,1.4823,F5b_Left eye
c4130_f5c_wears_glasses,c4130,f5c_wears_glasses,40688,32.2,TRUE,0.1503,0.9427,F5c_Wears glasses
c4130_f6_ears,c4130,f6_ears,40688,32.2,TRUE,0.2197,1.3161,F6_Ears
c4130_developmental_gross_motor_clinical_impre,c4130,developmental_gross_motor_clinical_impre,40688,32.2,TRUE,0.0372,0.5309,"DEVELOPMENTAL, GROSS MOTOR, CLINICAL IMPRESSION, CHILD, 4 YEAR, PSYCH EXAM (REPEATED)"
c4130_developmental_abnormality,c4130,developmental_abnormality,40688,32.2,TRUE,0.0369,0.5306,"DEVELOPMENTAL, ABNORMALITY, CHILD, 4 YEAR, PSYCH EXAM (REPEATED FROM ABOVE)"
c4130_hearing_clinical_impression,c4130,hearing_clinical_impression,40688,32.2,TRUE,0.649,5.9978,"HEARING, CLINICAL IMPRESSION, CHILD, 4 YEAR, PSYCH EXAM"
c4130_auditory_clinical_impression,c4130,auditory_clinical_impression,40688,32.2,TRUE,0.0479,0.5367,"AUDITORY, CLINICAL IMPRESSION, CHILD, 4 YEAR, PSYCH EXAM (REPEATED FROM ABOVE)"
c4130_activity_level,c4130,activity_level,40688,32.2,TRUE,0.5179,5.9091,"ACTIVITY LEVEL, CHILD, 8 YEAR, PSYCH EXAM"
c4130_examiner_woman_&_manipulase_hand_assisti,c4130,examiner_woman_&_manipulase_hand_assisti,40688,32.2,TRUE,0.5196,5.93,"EXAMINER, WOMAN & MANIPULASE HAND ASSISTING OBSERVATION BY EXAMINER, CHILD, 7 YEAR, PSYCH EXAM"
c4130_responsivity_legs_and_feet_observation_b,c4130,responsivity_legs_and_feet_observation_b,40688,32.2,TRUE,0.4596,5.8972,"RESPONSIVITY, LEGS AND FEET OBSERVATION BY EXAMINER, CHILD, 7 YEAR, PSYCH EXAM"
c4130_responsivity_sitting_observation_by_exam,c4130,responsivity_sitting_observation_by_exam,40688,32.2,TRUE,0.0367,0.537,"RESPONSIVITY, SITTING OBSERVATION BY EXAMINER, CHILD, 7 YEAR, PSYCH"
c4130_abnormal_amount,c4130,abnormal_amount,40688,32.2,TRUE,0.5293,5.8975,"ABNORMAL, AMOUNT, CHILD, 4 YEAR, PSYCH EXAM (REPEATED FROM ABOVE)"
c4130_responsivity_pencil,c4130,responsivity_pencil,40688,32.2,TRUE,0.1626,0.6239,"RESPONSIVITY, PENCIL, CHILD, 7 YEAR, PSYCH EXAM"
c4130_responsivity_mouth,c4130,responsivity_mouth,40688,32.2,TRUE,1.2855,6.4317,"RESPONSIVITY, MOUTH, CHILD, 7 YEAR, PSYCH EXAM"
c4130_responsivity_deviated_posture_observatio,c4130,responsivity_deviated_posture_observatio,40688,32.2,TRUE,0.0335,0.531,"RESPONSIVITY, DEVIATED POSTURE, OBSERVATION BY EXAMINER, CHILD, 7 YEAR"
c4130_comprehension_4,c4130,comprehension_4,40688,32.2,TRUE,0.3699,5.8372,"COMPREHENSION, CHILD, 7 YEAR, PSYCH EXAM"
c4130_responsivity_dyspraxia,c4130,responsivity_dyspraxia,40688,32.2,TRUE,0.0347,0.5337,"RESPONSIVITY, DYSPRAXIA, CHILD, 7 YEAR, PSYCH EXAM"
c4130_responsivity_involuntary,c4130,responsivity_involuntary,40688,32.2,TRUE,0.0374,0.5392,"RESPONSIVITY, INVOLUNTARY, CHILD, 7 YEAR, PSYCH EXAM"
c4130_comprehension_5,c4130,comprehension_5,40688,32.2,TRUE,0.4147,5.9157,"COMPREHENSION, CHILD, 7 YEAR, PSYCH EXAM"
c4130_dyspraxia_unequality_gait_observation,c4130,dyspraxia_unequality_gait_observation,40688,32.2,TRUE,0.0412,0.5392,"DYSPRAXIA, UNEQUALITY GAIT OBSERVATION, CHILD, 7 YEAR"
c4130_dyspraxia_skin_condition_observation_by,c4130,dyspraxia_skin_condition_observation_by,40688,32.2,TRUE,0.6493,6.0188,"DYSPRAXIA, SKIN CONDITION OBSERVATION BY EXAMINER, CHILD, 7 YEAR"
c4130_dyspraxia_head_observation_by_examiner,c4130,dyspraxia_head_observation_by_examiner,40688,32.2,TRUE,0.8701,6.2056,"DYSPRAXIA, HEAD OBSERVATION BY EXAMINER, CHILD, 7 YEAR"
c4130_reading_3,c4130,reading_3,40688,32.2,TRUE,1.5645,1.8422,"READING, CHILD, 7 YEAR, PSYCH EXAM"
c4130_auditory_educational_achievement_level,c4130,auditory_educational_achievement_level,40688,32.2,TRUE,17.7736,18.4564,"AUDITORY, EDUCATIONAL ACHIEVEMENT LEVEL, CHILD, 7 YEAR"
c4130_reading_4,c4130,reading_4,40688,32.2,TRUE,22.7225,6.7254,"READING, CHILD, 7 YEAR, PSYCH EXAM"
c4130_impression_educational,c4130,impression_educational,40688,32.2,TRUE,16.4895,8.0543,"IMPRESSION, EDUCATIONAL, CHILD, 7 YEAR, PSYCH EXAM"
c4130_personality,c4130,personality,40688,32.2,TRUE,23.0865,7.6713,"PERSONALITY, CHILD, 7 YEAR, PSYCH EXAM"
c4130_hearing_screening_difficulty_clinical_im,c4130,hearing_screening_difficulty_clinical_im,40688,32.2,TRUE,2.0297,0.7397,"HEARING, SCREENING DIFFICULTY, CLINICAL IMPRESSION, CHILD, 7 YEAR, PSYCH EXAM"
c4130_walking_observation,c4130,walking_observation,40688,32.2,TRUE,22.5875,6.6628,"WALKING, OBSERVATION, CHILD, 7 YEAR, PSYCH EXAM"
c4130_personality_3,c4130,personality_3,40688,32.2,TRUE,16.4961,13.9057,"PERSONALITY, CHILD, 7 YEAR, PSYCH EXAM"
c4130_impression_observation,c4130,impression_observation,40688,32.2,TRUE,12.8224,4.7622,"IMPRESSION, OBSERVATION, CHILD, 7 YEAR, PSYCH EXAM"
c4130_responsivity_legs_and_feet_observation_b_2,c4130,responsivity_legs_and_feet_observation_b_2,40688,32.2,TRUE,1.0185,1.2818,"RESPONSIVITY, LEGS AND FEET, OBSERVATION BY EXAMINER, CHILD, 4 YEAR, PSYCH EXAM"
c3130_intelligence_total,c3130,intelligence_total,40657,32.26,TRUE,20.8007,8.6768,"INTELLIGENCE, TOTAL, CHILD, 7 YEAR, PSYCH EXAM"
c3130_intelligence,c3130,intelligence,40657,32.26,TRUE,9.42,6.8379,"INTELLIGENCE, CHILD, 4 YEAR, PSYCH EXAM"
c3130_f5_percentile_rank,c3130,f5_percentile_rank,40657,32.26,TRUE,36.52,26.1552,F5_Percentile rank
c3130_f6_adequacy_of_exam,c3130,f6_adequacy_of_exam,40657,32.26,TRUE,1.0267,0.4214,F6_Adequacy of exam
c3130_f7_drawing_of_same_or_opposite_sex,c3130,f7_drawing_of_same_or_opposite_sex,40657,32.26,TRUE,1.7858,1.8947,F7_Drawing of same or opposite sex
c3130_f8_right_hand_score,c3130,f8_right_hand_score,40657,32.26,TRUE,4.6357,0.8091,F8_Right hand score
c3130_f9_left_hand_score,c3130,f9_left_hand_score,40657,32.26,TRUE,4.6542,0.8059,F9_Left hand score
c3130_f10_total,c3130,f10_total,40657,32.26,TRUE,9.9893,8.3418,F10_Total
c3130_f11_adequacy_of_exam,c3130,f11_adequacy_of_exam,40657,32.26,TRUE,1.0422,0.5433,F11_Adequacy of exam
c3130_f12_two_trials_given,c3130,f12_two_trials_given,40657,32.26,TRUE,0.7576,1.4424,F12_Two trials given
c3130_tactile_finger_left_hand,c3130,tactile_finger_left_hand,40657,32.26,TRUE,13.6477,8.5119,TACTILE FINGER LEFT HAND
c3130_tactile_finger_right_hand,c3130,tactile_finger_right_hand,40657,32.26,TRUE,38.8565,31.4036,TACTILE FINGER RIGHT HAND
c3130_school_enrollment_status,c3130,school_enrollment_status,40657,32.26,TRUE,2.7732,7.0637,SCHOOL ENROLLMENT STATUS
c3130_wrat_spelling_raw_score,c3130,wrat_spelling_raw_score,40657,32.26,TRUE,25.2777,9.4103,WRAT SPELLING RAW SCORE
c3130_school_grade_level,c3130,school_grade_level,40657,32.26,TRUE,4.2727,3.0123,SCHOOL GRADE LEVEL
c3130_wrat_spelling_grade_rating,c3130,wrat_spelling_grade_rating,40657,32.26,TRUE,314.6151,75.0336,WRAT SPELLING GRADE RATING
c3130_wrat_reading_raw_score,c3130,wrat_reading_raw_score,40657,32.26,TRUE,36.2364,13.6767,WRAT READING RAW SCORE
c3130_wrat_reading_grade_rating,c3130,wrat_reading_grade_rating,40657,32.26,TRUE,315.9088,74.9323,WRAT READING GRADE RATING
c3130_wrat_arithmetic_raw_score,c3130,wrat_arithmetic_raw_score,40657,32.26,TRUE,21.0557,8.3738,WRAT ARITHMETIC RAW SCORE
c3130_wrat_arithmetic_grade_rating_type_merged,c3130,wrat_arithmetic_grade_rating_type_merged,40657,32.26,TRUE,2.9261,0.6747,WRAT ARITHMETIC GRADE RATING TYPE (MERGED INTO GRADE RATING)
c3130_wrat_arithmetic_grade_rating,c3130,wrat_arithmetic_grade_rating,40657,32.26,TRUE,311.7082,75.9786,WRAT ARITHMETIC GRADE RATING
c3130_file_group_assessment,c3130,file_group_assessment,40657,32.26,TRUE,1919.8849,1037.923,"FILE GROUP ASSESSMENT, CHILD, 7 YEAR, PSYCH EXAM"
c3130_ita_spelling_used,c3130,ita_spelling_used,40657,32.26,TRUE,4.6344,7.7108,"ITA SPELLING USED, CHILD, 7 YEAR, PSYCH EXAM"
c3130_intelligence_estimated,c3130,intelligence_estimated,40657,32.26,TRUE,43.163,24.8805,"INTELLIGENCE, ESTIMATED, CHILD, 7 YEAR, PSYCH EXAM"
c3130_fearfulness,c3130,fearfulness,40657,32.26,TRUE,32.8943,6.9978,"FEARFULNESS, CHILD, 8 YEAR, PSYCH EXAM"
c3130_abnormality_of_attention,c3130,abnormality_of_attention,40657,32.26,TRUE,32.0766,8.4327,"ABNORMALITY OF ATTENTION, CHILD, 7 YEAR, PSYCH EXAM"
c3130_self_confidence,c3130,self_confidence,40657,32.26,TRUE,31.512,7.5858,"SELF-CONFIDENCE, CHILD, 8 YEAR, PSYCH EXAM"
c3130_abnormality_of_behavior,c3130,abnormality_of_behavior,40657,32.26,TRUE,32.1264,6.465,"ABNORMALITY OF BEHAVIOR, CHILD, 7 YEAR, PSYCH EXAM"
c3130_degree_of_cooperation,c3130,degree_of_cooperation,40657,32.26,TRUE,33.6187,5.9159,"DEGREE OF COOPERATION, CHILD, 7 YEAR, PSYCH EXAM"
c3130_cooperativeness,c3130,cooperativeness,40657,32.26,TRUE,31.3638,6.6993,"COOPERATIVENESS, CHILD, 8 YEAR, PSYCH EXAM"
c3130_degree_of_dependence,c3130,degree_of_dependence,40657,32.26,TRUE,34.5045,6.675,"DEGREE OF DEPENDENCE, CHILD, 7 YEAR, PSYCH EXAM"
c3130_neurological_soft_signs,c3130,neurological_soft_signs,40657,32.26,TRUE,32.6914,6.974,"NEUROLOGICAL SOFT SIGNS, CHILD, 7 YEAR, PSYCH EXAM"
c3130_goal_orientation,c3130,goal_orientation,40657,32.26,TRUE,32.5684,6.1757,"GOAL ORIENTATION, CHILD, 8 YEAR, PSYCH EXAM"
c3130_laterality,c3130,laterality,40657,32.26,TRUE,32.9186,6.9072,"LATERALITY, CHILD, 8 YEAR, PSYCH EXAM"
c3130_nature_of_activity,c3130,nature_of_activity,40657,32.26,TRUE,32.7039,6.0196,"NATURE OF ACTIVITY, CHILD, 7 YEAR, PSYCH EXAM"
c3130_constructional_apraxia,c3130,constructional_apraxia,40657,32.26,TRUE,31.1028,7.8041,"CONSTRUCTIONAL APRAXIA, CHILD, 7 YEAR, PSYCH EXAM"
c3130_assertiveness,c3130,assertiveness,40657,32.26,TRUE,35.3686,6.731,"ASSERTIVENESS, CHILD, 7 YEAR, PSYCH EXAM"
c3130_hyperkinesis,c3130,hyperkinesis,40657,32.26,TRUE,3.0723,0.7021,"HYPERKINESIS, CHILD, 7 YEAR, PSYCH EXAM"
c1509_childs_birthdate,c1509,childs_birthdate,40376,32.72,TRUE,67596.6658,34343.4079,Childs Birthdate
c1509_childs_sex,c1509,childs_sex,40376,32.72,TRUE,1.4956,0.5,Childs Sex
c1509_childs_race,c1509,childs_race,40376,32.72,TRUE,1.6222,0.7832,Childs Race
c1509_date_of_interview,c1509,date_of_interview,40376,32.72,TRUE,65641.5207,34353.5969,Date of Interview
c1509_interviewers_code_number,c1509,interviewers_code_number,40374,32.73,TRUE,25.8675,16.0142,Interviewers Code Number
c1509_data_collected,c1509,data_collected,40376,32.72,TRUE,5e-04,0.0576,Data Collected
c1509_most_recent_prior_form,c1509,most_recent_prior_form,40376,32.72,TRUE,3.1827,2.5752,Most Recent Prior Form
c1509_child_for_whom_form_completed,c1509,child_for_whom_form_completed,40376,32.72,TRUE,1.2842,0.6114,Child For Whom Form Completed
c1509_where_interviewed,c1509,where_interviewed,40376,32.72,TRUE,0.2115,0.4223,Where Interviewed
c1509_when_interviewed,c1509,when_interviewed,40376,32.72,TRUE,0.0981,0.3034,When Interviewed
c1509_language_of_interview,c1509,language_of_interview,40376,32.72,TRUE,0.0267,0.1718,Language of Interview
c1509_relationship_of_respondent_to_study_chil,c1509,relationship_of_respondent_to_study_chil,40376,32.72,TRUE,1.307,1.1508,Relationship of Respondent to Study Child
c1509_with_whom_does_child_live,c1509,with_whom_does_child_live,40376,32.72,TRUE,14.7786,9.3662,With Whom Does Child Live
c1509_earliest_date_most_recent_environment,c1509,earliest_date_most_recent_environment,40376,32.72,TRUE,77.5074,621.9306,Earliest Date Most Recent Environment
c1509_major_shifts_in_environment,c1509,major_shifts_in_environment,40376,32.72,TRUE,0.1333,0.7066,Major Shifts in Environment
c1509_child_lives_with_adoptive_foster_guardia,c1509,child_lives_with_adoptive_foster_guardia,40376,32.72,TRUE,0.9665,0.3539,Child Lives with Adoptive Foster Guardian
c1509_foster_parent_birth_place,c1509,foster_parent_birth_place,1820,96.97,TRUE,1.0709,0.5587,Foster Parent Birth Place
c1509_foster_parent_age,c1509,foster_parent_age,1820,96.97,TRUE,47.5588,12.1419,Foster Parent Age
c1509_foster_parent_race,c1509,foster_parent_race,1820,96.97,TRUE,1.7302,0.841,Foster Parent Race
c1509_foster_parent_religion,c1509,foster_parent_religion,1820,96.97,TRUE,1.5434,1.5503,Foster Parent Religion
c1509_foster_parent_highest_grade_completed,c1509,foster_parent_highest_grade_completed,1820,96.97,TRUE,11.5934,13.8103,Foster Parent Highest Grade Completed
c1509_foster_parent_marital_status,c1509,foster_parent_marital_status,1820,96.97,TRUE,2.7115,1.4091,Foster Parent Marital Status
c1509_foster_parent_number_of_rooms,c1509,foster_parent_number_of_rooms,1820,96.97,TRUE,5.928,8.4045,Foster Parent Number of Rooms
c1509_foster_parent_number_of_persons_in_house,c1509,foster_parent_number_of_persons_in_house,1820,96.97,TRUE,6.0462,7.8982,Foster Parent Number of Persons in Household
c1509_foster_parent_children_under_8_in_househ,c1509,foster_parent_children_under_8_in_househ,1820,96.97,TRUE,2.5132,8.277,Foster Parent Children Under 8 in Household
c1509_foster_mother_occupation,c1509,foster_mother_occupation,1820,96.97,TRUE,24.6027,32.7772,Foster Mother Occupation
c1509_foster_husband_occupation,c1509,foster_husband_occupation,1820,96.97,TRUE,45.1901,33.0161,Foster Husband Occupation
c1509_total_family_income_last_year,c1509,total_family_income_last_year,1820,96.97,TRUE,63.6714,28.7172,Total Family Income Last Year
c0475_examiner_title,c0475,examiner_title,39665,33.91,TRUE,3.2885,1.0337,Examiner Title
c0475_glasses_worn,c0475,glasses_worn,39665,33.91,TRUE,0.0721,0.2789,Glasses Worn
c0475_date_of_exam,c0475,date_of_exam,39665,33.91,TRUE,65987.0837,34267.3323,Date of Exam
c0475_age_years,c0475,age_years,39665,33.91,TRUE,6.5944,0.8201,Age Years
c0475_age_months,c0475,age_months,39665,33.91,TRUE,4.9869,4.7143,Age Months
c0475_visual_acuity_without_glasses_left,c0475,visual_acuity_without_glasses_left,39665,33.91,TRUE,1.6101,1.2724,Visual Acuity Without Glasses Left
c0475_visual_acuity_without_glasses_right,c0475,visual_acuity_without_glasses_right,39665,33.91,TRUE,1.5953,1.2617,Visual Acuity Without Glasses Right
c0475_excessive_far_sight_without_glasses_left,c0475,excessive_far_sight_without_glasses_left,39665,33.91,TRUE,1.1135,0.8656,Excessive Far Sight Without Glasses Left
c0475_excessive_far_sight_without_glasses_righ,c0475,excessive_far_sight_without_glasses_righ,39665,33.91,TRUE,1.1141,0.8639,Excessive Far Sight Without Glasses Right
c0475_muscle_balance_without_glasses,c0475,muscle_balance_without_glasses,39665,33.91,TRUE,1.1611,0.8551,Muscle Balance Without Glasses
c0475_visual_acuity_with_glasses_left,c0475,visual_acuity_with_glasses_left,39665,33.91,TRUE,0.3321,1.5093,Visual Acuity With Glasses Left
c0475_visual_acuity_with_glasses_right,c0475,visual_acuity_with_glasses_right,39665,33.91,TRUE,0.3265,1.4969,Visual Acuity With Glasses Right
c0475_excessive_far_sight_with_glasses_left,c0475,excessive_far_sight_with_glasses_left,39665,33.91,TRUE,0.2755,1.4254,Excessive Far Sight With Glasses Left
c0475_excessive_far_sight_with_glasses_right,c0475,excessive_far_sight_with_glasses_right,39665,33.91,TRUE,0.275,1.4239,Excessive Far Sight With Glasses Right
c0475_muscle_balance_with_glasses,c0475,muscle_balance_with_glasses,39665,33.91,TRUE,0.2855,1.4354,Muscle Balance With Glasses
c0475_color_test_1,c0475,color_test_1,39665,33.91,TRUE,1.0834,0.7759,Color Test 1
c0475_color_test_2,c0475,color_test_2,39665,33.91,TRUE,1.1485,0.8144,Color Test 2
c0475_color_test_3,c0475,color_test_3,39665,33.91,TRUE,1.1528,0.818,Color Test 3
c0475_color_test_4,c0475,color_test_4,39665,33.91,TRUE,1.1052,0.7917,Color Test 4
c0475_color_test_5,c0475,color_test_5,39665,33.91,TRUE,1.1068,0.8013,Color Test 5
c0475_color_test_6,c0475,color_test_6,39665,33.91,TRUE,1.1029,0.8125,Color Test 6
c0475_color_test_7,c0475,color_test_7,39665,33.91,TRUE,1.1143,0.8452,Color Test 7
c0475_color_test_8,c0475,color_test_8,39665,33.91,TRUE,1.1061,0.8448,Color Test 8
c0475_referral_needed,c0475,referral_needed,39665,33.91,TRUE,0.1539,0.5899,Referral Needed
c2505_f03_2505,c2505,f03_2505,39473,34.23,TRUE,3.081,3.4748,f03_2505
c2505_f04_2505,c2505,f04_2505,39473,34.23,TRUE,2.4412,3.856,f04_2505
c2505_f05_2505,c2505,f05_2505,39473,34.23,TRUE,0.0364,0.5581,f05_2505
c2505_f06_2505,c2505,f06_2505,39473,34.23,TRUE,0.0611,0.7077,f06_2505
c2505_f07_2505,c2505,f07_2505,39473,34.23,TRUE,0.0776,0.7555,f07_2505
c2505_f08_2505,c2505,f08_2505,39473,34.23,TRUE,0.0438,0.6049,f08_2505
c2505_all_sibs__retardation_2,c2505,all_sibs__retardation_2,39473,34.23,TRUE,0.1173,0.9517,All Sibs - Retardation
c2505_f10_2505,c2505,f10_2505,39473,34.23,TRUE,0.0573,0.6375,f10_2505
c2505_f12_2505,c2505,f12_2505,39473,34.23,TRUE,0.0841,0.7781,f12_2505
c2505_f13_2505,c2505,f13_2505,39473,34.23,TRUE,0.1892,1.1216,f13_2505
c2505_f16_2505,c2505,f16_2505,39473,34.23,TRUE,0.1208,0.9989,f16_2505
c2505_f19_2505,c2505,f19_2505,39473,34.23,TRUE,0.1189,1.0078,f19_2505
c2505_f20_2505,c2505,f20_2505,39473,34.23,TRUE,0.141,1.0767,f20_2505
c2505_f21_2505,c2505,f21_2505,39473,34.23,TRUE,5.434,4.3942,f21_2505
c2505_f22_2505,c2505,f22_2505,39473,34.23,TRUE,0.1816,1.1937,f22_2505
c2505_all_sibs_8,c2505,all_sibs_8,39473,34.23,TRUE,0.1163,0.9862,All Sibs -
c2505_f24_2505,c2505,f24_2505,39473,34.23,TRUE,3.5542,3.5062,f24_2505
c2505_all_sibs_9,c2505,all_sibs_9,39473,34.23,TRUE,0.0134,0.1551,All Sibs -
c2505_f26_2505,c2505,f26_2505,39468,34.24,TRUE,0.031,0.3804,f26_2505
c1120_child_2,c1120,child_2,39126,34.81,TRUE,1.4945,0.5,"CHILD, PSYCH EXAM, CHILD, 4 YEAR, PATCH EXAM"
c1120_child_3,c1120,child_3,39126,34.81,TRUE,167.4862,50.9011,"CHILD, PSYCH EXAM, CHILD, 4 YEAR, PATCH EXAM"
c1120_child_4,c1120,child_4,39126,34.81,TRUE,422.6062,286.4785,"CHILD, PSYCH EXAM, CHILD, 4 YEAR, PATCH EXAM"
c1120_child_5,c1120,child_5,39126,34.81,TRUE,14.4911,13.769,"CHILD, PSYCH EXAM, CHILD, 4 YEAR, PATCH EXAM"
c1120_child_6,c1120,child_6,39126,34.81,TRUE,1.217,0.6203,"CHILD, PSYCH EXAM, CHILD, 4 YEAR, PATCH EXAM"
c1120_child_7,c1120,child_7,39126,34.81,TRUE,1.0366,0.323,"CHILD, PSYCH EXAM, CHILD, 4 YEAR, PATCH EXAM"
c1120_4_year,c1120,4_year,39126,34.81,TRUE,1.2742,0.7508,"CHILD, 4 YEAR, PATCH EXAM"
c1120_stanford_binet_intelligence_rating_year,c1120,stanford_binet_intelligence_rating_year,39126,34.81,TRUE,142.8345,29.2462,"STANFORD BINET INTELLIGENCE RATING YEAR 2, IDENTIFYING PARTS OF BODY, CHILD, 4 YEAR"
c1120_stanford_binet_intelligence_rating_year_2,c1120,stanford_binet_intelligence_rating_year_2,39126,34.81,TRUE,8.9155,14.471,"STANFORD BINET INTELLIGENCE RATING YEAR 2, WORD COMBINATION, CHILD, 4 YEAR, PSYCH EXAM"
c1120_chapters,c1120,chapters,39126,34.81,TRUE,107743.7668,97960.2356,"CHAPTERS, CHILD, 8 YEAR, PSYCH EXAM"
c1120_chapters_2,c1120,chapters_2,39126,34.81,TRUE,13.7122,15.0167,"CHAPTERS, CHILD, 8 YEAR, PSYCH EXAM"
c1120_stanford_binet_intelligence_rating_year_3,c1120,stanford_binet_intelligence_rating_year_3,39126,34.81,TRUE,1.2401,1.3498,"STANFORD BINET INTELLIGENCE RATING YEAR 2, WORD EXAMINATION, CHILD, 4 YEAR, PATCH EXAM"
c1120_stanford_binet_intelligence_rating_year_4,c1120,stanford_binet_intelligence_rating_year_4,39126,34.81,TRUE,1.2572,1.3926,"STANFORD BINET INTELLIGENCE RATING YEAR 2A, IDENTIFY CHILD, 4 YEAR, PATCH EXAM"
c1120_chapters_3,c1120,chapters_3,39126,34.81,TRUE,14.4131,15.2808,"CHAPTERS, CHILD, 8 YEAR, PSYCH EXAM"
c1120_stanford_binet_intelligence_rating_year_5,c1120,stanford_binet_intelligence_rating_year_5,39126,34.81,TRUE,19.6859,24.0833,"STANFORD BINET INTELLIGENCE RATING YEAR 2A, READING VOCABULARY, CHILD, 4 YEAR, PATCH"
c1120_cooperativeness,c1120,cooperativeness,39126,34.81,TRUE,1.2746,1.3801,"COOPERATIVENESS, CHILD, 8 YEAR, PSYCH EXAM"
c1120_self_confidence,c1120,self_confidence,39126,34.81,TRUE,1.3015,1.3826,"SELF-CONFIDENCE, CHILD, 8 YEAR, PSYCH EXAM"
c1120_stanford_binet_intelligence_rating_year_6,c1120,stanford_binet_intelligence_rating_year_6,39126,34.81,TRUE,14446.7412,15321.0592,"STANFORD BINET INTELLIGENCE RATING YEAR 2A, REPEATING 2 DIGITS, CHILD, 4 YEAR, PATCH"
c1120_fearfulness,c1120,fearfulness,39126,34.81,TRUE,1.2743,1.3747,"FEARFULNESS, CHILD, 8 YEAR, PSYCH EXAM"
c1120_rapport,c1120,rapport,39126,34.81,TRUE,1.287,1.4334,"RAPPORT, CHILD, 8 YEAR, PSYCH EXAM"
c1120_attention_span,c1120,attention_span,39126,34.81,TRUE,2.7275,3.0543,"ATTENTION SPAN, CHILD, 8 YEAR, PSYCH EXAM"
c1120_separation_from_mother,c1120,separation_from_mother,39126,34.81,TRUE,1.3373,1.3721,"SEPARATION FROM MOTHER, CHILD, 8 YEAR, PSYCH EXAM"
c1120_stanford_binet_intelligence_rating_year_7,c1120,stanford_binet_intelligence_rating_year_7,39126,34.81,TRUE,1.2883,1.3652,"STANFORD BINET INTELLIGENCE RATING YEAR, CHILD, 4 YEAR"
c1120_intelligence_series_year,c1120,intelligence_series_year,39126,34.81,TRUE,1.3762,1.3961,"INTELLIGENCE SERIES YEAR, CHILD, 4 YEAR"
c1120_activity_level,c1120,activity_level,39126,34.81,TRUE,14.9399,14.6525,"ACTIVITY LEVEL, CHILD, 8 YEAR, PSYCH EXAM"
c1120_intelligence_series_year_and_half,c1120,intelligence_series_year_and_half,39126,34.81,TRUE,1.1775,1.0095,"INTELLIGENCE SERIES YEAR AND HALF, CHILD, 4 YEAR, PSYCH EXAM"
c1120_intelligence_rating_year_patch,c1120,intelligence_rating_year_patch,39126,34.81,TRUE,4.7087,3.525,"INTELLIGENCE RATING, YEAR, CHILD, 4 YEAR, PATCH"
c1120_intelligence_patch,c1120,intelligence_patch,39126,34.81,TRUE,1.4592,1.3934,"INTELLIGENCE, CHILD, 4 YEAR, PATCH"
c1120_intelligence_year_series,c1120,intelligence_year_series,39126,34.81,TRUE,1.3723,1.3988,"INTELLIGENCE, YEAR SERIES, CHILD, 4 YEAR, PSYCH EXAM"
c1120_emotionality,c1120,emotionality,39126,34.81,TRUE,1.4223,1.4691,"EMOTIONALITY, CHILD, 8 YEAR, PSYCH EXAM"
c1120_intelligence_rating_year,c1120,intelligence_rating_year,39126,34.81,TRUE,15.8473,15.974,"INTELLIGENCE, RATING, YEAR, CHILD, 4 YEAR"
c1120_goal_orientation,c1120,goal_orientation,39126,34.81,TRUE,1.6241,1.482,"GOAL ORIENTATION, CHILD, 8 YEAR, PSYCH EXAM"
c1120_different_group_intelligence_series_year,c1120,different_group_intelligence_series_year,39126,34.81,TRUE,22.9497,15.5592,"DIFFERENT GROUP INTELLIGENCE SERIES YEAR AND HALF, CONSECUTIVE ILL, CHILD, 4 YEAR, PATCH EXAM"
c1120_frustration,c1120,frustration,39126,34.81,TRUE,6.7091,2.7485,"FRUSTRATION, CHILD, 8 YEAR, PSYCH EXAM"
c1120_intelligence_series_year_and_half_2,c1120,intelligence_series_year_and_half_2,39126,34.81,TRUE,1.8854,1.3489,"INTELLIGENCE, SERIES, YEAR AND HALF, CHILD, 4 YEAR, PSYCH EXAM"
c1120_negativism,c1120,negativism,39126,34.81,TRUE,1.5098,1.4159,"NEGATIVISM, CHILD, 8 YEAR, PSYCH EXAM"
c1120_intelligence,c1120,intelligence,39126,34.81,TRUE,16.8942,15.421,"INTELLIGENCE, CHILD, 4 YEAR, PSYCH EXAM"
c1120_hearing,c1120,hearing,39126,34.81,TRUE,1.7961,1.4151,"HEARING, CHILD, 8 YEAR, PSYCH EXAM"
c1120_binet_base,c1120,binet_base,39126,34.81,TRUE,1.6909,1.411,"BINET BASE, CHILD, 4 YEAR, SOCIOECONOMIC INFO (REPEATED FROM ABOVE)"
c1120_stuttering,c1120,stuttering,39126,34.81,TRUE,7.5251,1.7681,"STUTTERING, CHILD, 8 YEAR, PSYCH EXAM"
c1120_socioeconomic_info,c1120,socioeconomic_info,39126,34.81,TRUE,2.019,1.3527,SOCIOECONOMIC INFO (REPEATED FROM ABOVE)
c1120_intelligence_clinical_impression,c1120,intelligence_clinical_impression,39126,34.81,TRUE,21.992,14.8,"INTELLIGENCE, CLINICAL IMPRESSION, CHILD, 8 YEAR, PSYCH EXAM"
c1120_f21c_yeariv6_3_commissions,c1120,f21c_yeariv6_3_commissions,39126,34.81,TRUE,1.8176,1.5311,F21c_YearIV6_3 commissions
c1120_f21d_yeariv6_comprehension_iii,c1120,f21d_yeariv6_comprehension_iii,39126,34.81,TRUE,1.8688,1.4536,F21d_YearIV6_Comprehension III
c1120_f21e_yeariv6_alternate,c1120,f21e_yeariv6_alternate,39126,34.81,TRUE,7.1245,2.1846,F21e_yearIV6_Alternate
c2120_f2a_sex,c2120,f2a_sex,39124,34.81,TRUE,1.4944,0.5,F2a_Sex
c2120_f2b_race,c2120,f2b_race,39124,34.81,TRUE,1.7079,0.8989,F2b_Race
c2120_f2c_examined_by,c2120,f2c_examined_by,39121,34.82,TRUE,13.683,15.6335,F2c_Examined by
c2120_intelligence_clinical_impression,c2120,intelligence_clinical_impression,39124,34.81,TRUE,23.0291,9.5689,"INTELLIGENCE, CLINICAL IMPRESSION, CHILD, 8 YEAR, PSYCH EXAM"
c2120_cooperativeness_fine_motor_clinical_impr,c2120,cooperativeness_fine_motor_clinical_impr,39124,34.81,TRUE,1.3149,1.2958,"COOPERATIVENESS, FINE MOTOR, CLINICAL IMPRESSION, CHILD, 4 YEAR, PSYCH EXAM (REPEATED FROM ABOVE)"
c2120_cooperativeness_gross_motor_clinical_imp,c2120,cooperativeness_gross_motor_clinical_imp,39124,34.81,TRUE,1.3384,1.3062,"COOPERATIVENESS, GROSS MOTOR, CLINICAL IMPRESSION, CHILD, 4 YEAR, PSYCH EXAM (REPEATED FROM ABOVE)"
c2120_self_confidence_4_yr,c2120,self_confidence_4_yr,39124,34.81,TRUE,1.2163,0.6174,"SELF-CONFIDENCE, CHILD, 4 YR, PSYCH EXAM (REPEATED FROM ABOVE)"
c2120_separation,c2120,separation,39124,34.81,TRUE,1.0364,0.3204,"SEPARATION, CHILD, 4 YEAR, PSYCH EXAM (REPEATED FROM ABOVE)"
c2120_verbal_communication,c2120,verbal_communication,39124,34.81,TRUE,1.2735,0.7495,"VERBAL COMMUNICATION, CHILD, 8 YEAR, PSYCH EXAM"
c2120_activity_level_abnormal_amount,c2120,activity_level_abnormal_amount,39124,34.81,TRUE,142.7973,29.0926,"ACTIVITY LEVEL/ABNORMAL, AMOUNT, CHILD, 4 YEAR, PSYCH EXAM"
c2120_abnormal_activity_level_type,c2120,abnormal_activity_level_type,39124,34.81,TRUE,0.8395,1.4445,"ABNORMAL ACTIVITY LEVEL TYPE, CHILD, 4 YEAR, PSYCH EXAM"
c2120_unusualness,c2120,unusualness,39124,34.81,TRUE,0.525,1.0363,"UNUSUALNESS, CHILD, 8 YEAR, PSYCH EXAM"
c2120_gross_motor,c2120,gross_motor,39124,34.81,TRUE,5.033,3.7976,"GROSS MOTOR, CHILD, 8 YEAR, PSYCH EXAM"
c2120_right_left_confusion,c2120,right_left_confusion,39124,34.81,TRUE,4.5694,2.8667,"RIGHT-LEFT CONFUSION, CHILD, 8 YEAR, PSYCH EXAM"
c2120_body_parts_identification,c2120,body_parts_identification,39124,34.81,TRUE,2.1629,0.9143,"BODY PARTS IDENTIFICATION, CHILD, 8 YEAR, PSYCH EXAM"
c2120_goal_orientation,c2120,goal_orientation,39124,34.81,TRUE,1.0366,0.3246,"GOAL ORIENTATION, CHILD, 8 YEAR, PSYCH EXAM"
c2120_frustration,c2120,frustration,39124,34.81,TRUE,2.0524,1.3351,"FRUSTRATION, CHILD, 8 YEAR, PSYCH EXAM"
c2120_relationship,c2120,relationship,39124,34.81,TRUE,22.3402,14.63,"RELATIONSHIP, CHILD, 8 YEAR, PSYCH EXAM"
c2120_impulsivity,c2120,impulsivity,39124,34.81,TRUE,1.8159,1.4161,"IMPULSIVITY, CHILD, 8 YEAR, PSYCH EXAM"
c2120_nature_of_seizure_consistency,c2120,nature_of_seizure_consistency,39124,34.81,TRUE,2.0556,1.0281,"NATURE OF SEIZURE CONSISTENCY, CHILD, 4 YEAR, PSYCH EXAM"
c2120_relationship_2,c2120,relationship_2,39124,34.81,TRUE,2.1517,1.2483,"RELATIONSHIP, CHILD, 4 YEAR, PSYCH EXAM"
c2120_vocalizations,c2120,vocalizations,39124,34.81,TRUE,6.3761,2.7062,"VOCALIZATIONS, CHILD, 8 YEAR, PSYCH EXAM"
c2120_general_emotional_tone,c2120,general_emotional_tone,39124,34.81,TRUE,2.1601,1.2778,"GENERAL EMOTIONAL TONE, CHILD, 8 YEAR, PSYCH EXAM"
c2120_vocalizations_2,c2120,vocalizations_2,39124,34.81,TRUE,2.1531,1.2898,"VOCALIZATIONS, CHILD, 4 YEAR, PSYCH EXAM"
c2120_nature_of_seizure,c2120,nature_of_seizure,39124,34.81,TRUE,23.7399,14.1028,"NATURE OF SEIZURE, CHILD, 8 YEAR, PSYCH EXAM"
c2120_general_emotional_tone_2,c2120,general_emotional_tone_2,39124,34.81,TRUE,2.2091,1.2546,"GENERAL EMOTIONAL TONE, CHILD, 4 YEAR, PSYCH EXAM"
c2120_laterality_2,c2120,laterality_2,39124,34.81,TRUE,2.1915,1.273,"LATERALITY, CHILD, 4 YEAR, PSYCH EXAM"
c2120_hearing_testing,c2120,hearing_testing,39124,34.81,TRUE,27.0103,13.6452,"HEARING, TESTING, CHILD, 8 YEAR, PSYCH EXAM"
c2120_right_left_confusion_2,c2120,right_left_confusion_2,39124,34.81,TRUE,5.0951,3.0344,"RIGHT-LEFT CONFUSION, CHILD, 4 YEAR, PSYCH EXAM"
c2120_body_parts_identification_2,c2120,body_parts_identification_2,39124,34.81,TRUE,2.219,1.2446,"BODY PARTS IDENTIFICATION, CHILD, 4 YEAR, PSYCH EXAM"
c2120_hearing_testing_level,c2120,hearing_testing_level,39124,34.81,TRUE,24.5258,13.7173,"HEARING, TESTING, LEVEL, CHILD, 8 YEAR, PSYCH EXAM"
c2120_hearing_testing_level_d,c2120,hearing_testing_level_d,39124,34.81,TRUE,2.2192,1.2501,"HEARING, TESTING, LEVEL D, CHILD, 8 YEAR, PSYCH EXAM"
c2120_hearing_testing_level_e,c2120,hearing_testing_level_e,39124,34.81,TRUE,2.9783,2.2657,"HEARING, TESTING, LEVEL E, CHILD, 8 YEAR, PSYCH EXAM"
c2120_stanford_binet_intelligence_score_year_1,c2120,stanford_binet_intelligence_score_year_1,39124,34.81,TRUE,24.4131,13.6809,"STANFORD BINET INTELLIGENCE SCORE YEAR 10, CHILD, 8 YEAR, PSYCH EXAM"
c2120_stanford_binet_intelligence_iq,c2120,stanford_binet_intelligence_iq,39124,34.81,TRUE,247.384,137.7459,"STANFORD BINET INTELLIGENCE IQ, CHILD, 8 YEAR, PSYCH EXAM"
c2120_nature_of_seizure_consistency_2,c2120,nature_of_seizure_consistency_2,39124,34.81,TRUE,2.2275,1.2397,"NATURE OF SEIZURE CONSISTENCY, CHILD, 4 YEAR, PSYCH EXAM"
c2120_stanford_binet_intelligence_score_year_4,c2120,stanford_binet_intelligence_score_year_4,39124,34.81,TRUE,24.4987,13.6291,"STANFORD BINET INTELLIGENCE SCORE YEAR 4, CHILD, 4 YEAR, PSYCH EXAM"
c2120_stanford_binet_intelligence_mental_age_y,c2120,stanford_binet_intelligence_mental_age_y,39124,34.81,TRUE,24.539,13.6301,"STANFORD BINET INTELLIGENCE MENTAL AGE YEAR 4, CHILD, 4 YEAR, PSYCH EXAM"
c2120_stanford_binet_intelligence_iq_year_4,c2120,stanford_binet_intelligence_iq_year_4,39124,34.81,TRUE,247.2116,137.5319,"STANFORD BINET INTELLIGENCE IQ YEAR 4, CHILD, 4 YEAR, PSYCH EXAM"
c2120_graham_block_sort_intelligence_score_yea,c2120,graham_block_sort_intelligence_score_yea,39124,34.81,TRUE,24.5015,13.629,"GRAHAM BLOCK SORT INTELLIGENCE SCORE YEAR 4, CHILD, 4 YEAR, PSYCH EXAM"
c3120_f2a_sex,c3120,f2a_sex,39123,34.81,TRUE,1.4944,0.5,F2a_Sex
c3120_f2b_race,c3120,f2b_race,39123,34.81,TRUE,1.7078,0.8987,F2b_Race
c3120_f2c_examined_by,c3120,f2c_examined_by,39120,34.82,TRUE,13.6772,15.627,F2c_Examined by
c3120_f2d_clinical_impress_intelligence,c3120,f2d_clinical_impress_intelligence,39123,34.81,TRUE,2.163,0.9007,F2d_Clinical impress_intelligence
c3120_f2e_clinical_impress_fine_motor_devt,c3120,f2e_clinical_impress_fine_motor_devt,39123,34.81,TRUE,1.4007,1.0916,F2e_Clinical impress_fine motor devt
c3120_developmental_pediatric_abnormal_amount,c3120,developmental_pediatric_abnormal_amount,39123,34.81,TRUE,14.4858,13.7542,"DEVELOPMENTAL, PEDIATRIC, ABNORMAL, AMOUNT, CHILD, 4 YEAR, PSYCH EXAM (REPEATED FROM ABOVE)"
c3120_goal_orientation,c3120,goal_orientation,39123,34.81,TRUE,1.2166,0.6194,"GOAL ORIENTATION, CHILD, 8 YEAR, PSYCH EXAM"
c3120_right_left_confusion,c3120,right_left_confusion,39123,34.81,TRUE,1.0366,0.323,"RIGHT-LEFT CONFUSION, CHILD, 8 YEAR, PSYCH EXAM"
c3120_body_parts_identification,c3120,body_parts_identification,39123,34.81,TRUE,1.2734,0.7493,"BODY PARTS IDENTIFICATION, CHILD, 8 YEAR, PSYCH EXAM"
c3120_f2k_intelligence_scale_administered,c3120,f2k_intelligence_scale_administered,39123,34.81,TRUE,1.0484,0.2888,F2k_Intelligence scale administered
c3120_f2l_chronological_age,c3120,f2l_chronological_age,39123,34.81,TRUE,380.6139,38.3576,F2l_Chronological age
c3120_wrat_reading_intelligence_score_year_4,c3120,wrat_reading_intelligence_score_year_4,39123,34.81,TRUE,10.288,9.7109,"WRAT READING INTELLIGENCE SCORE YEAR 4, CHILD, 4 YEAR, PSYCH EXAM"
c3120_wrat_spelling_intelligence_score_year_4,c3120,wrat_spelling_intelligence_score_year_4,39123,34.81,TRUE,47.8589,28.8322,"WRAT SPELLING INTELLIGENCE SCORE YEAR 4, CHILD, 4 YEAR, PSYCH EXAM"
c3120_wrat_arithmetic_intelligence_score_year,c3120,wrat_arithmetic_intelligence_score_year,39123,34.81,TRUE,11.5489,3.8459,"WRAT ARITHMETIC INTELLIGENCE SCORE YEAR 4, CHILD, 4 YEAR, PSYCH EXAM"
c3120_auditory_vocal_association_test_score_ye,c3120,auditory_vocal_association_test_score_ye,39123,34.81,TRUE,18.3369,13.9713,"AUDITORY VOCAL ASSOCIATION TEST SCORE YEAR 4, CHILD, 4 YEAR, PSYCH EXAM"
c3120_stanford_binet_iq_score,c3120,stanford_binet_iq_score,39123,34.81,TRUE,337.7281,107.6905,"STANFORD BINET IQ SCORE, CHILD, 4 YEAR, PSYCH EXAM"
c3120_right_handedness,c3120,right_handedness,39123,34.81,TRUE,0.3403,1.5802,"RIGHT HANDEDNESS, CHILD, 4 YEAR, PSYCH EXAM"
c3120_left_handedness,c3120,left_handedness,39123,34.81,TRUE,7.1299,2.9204,"LEFT HANDEDNESS, CHILD, 4 YEAR, PSYCH EXAM"
c3120_abnormal_gait,c3120,abnormal_gait,39123,34.81,TRUE,0.3297,1.6051,"ABNORMAL GAIT, CHILD, 4 YEAR, PSYCH EXAM"
c3120_abnormal_posture,c3120,abnormal_posture,39123,34.81,TRUE,7.0937,2.8977,"ABNORMAL POSTURE, CHILD, 4 YEAR, PSYCH EXAM"
c3120_revised_stanford_binet_iq,c3120,revised_stanford_binet_iq,39123,34.81,TRUE,99.7642,170.9747,"REVISED STANFORD BINET IQ, CHILD, 4 YEAR, PSYCH EXAM"
c3120_nature_of_seizure,c3120,nature_of_seizure,39123,34.81,TRUE,0.2019,1.3192,"NATURE OF SEIZURE, CHILD, 8 YEAR, PSYCH EXAM"
c3120_hearing,c3120,hearing,39123,34.81,TRUE,8.7357,1.1638,"HEARING, CHILD, 8 YEAR, PSYCH EXAM"
c3120_vision,c3120,vision,39123,34.81,TRUE,1.844,1.4436,"VISION, CHILD, 8 YEAR, PSYCH EXAM"
c3120_stuttering,c3120,stuttering,39123,34.81,TRUE,5.1115,2.7457,"STUTTERING, CHILD, 8 YEAR, PSYCH EXAM"
c3120_socioeconomic_index,c3120,socioeconomic_index,39123,34.81,TRUE,3539.5841,1332.7608,"SOCIOECONOMIC INDEX, REGISTRATION"
c3120_socioeconomic_info,c3120,socioeconomic_info,39123,34.81,TRUE,23.6685,33.3369,SOCIOECONOMIC INFO (REPEATED FROM ABOVE)
c3120_socioeconomic_info_2,c3120,socioeconomic_info_2,39123,34.81,TRUE,15.2694,14.8737,SOCIOECONOMIC INFO (REPEATED FROM ABOVE)
c3120_socioeconomic_info_3,c3120,socioeconomic_info_3,39123,34.81,TRUE,1.9656,2.2147,SOCIOECONOMIC INFO (REPEATED FROM ABOVE)
c3120_children_child,c3120,children_child,39123,34.81,TRUE,1.5915,1.2627,"CHILDREN, CHILD (REPEATED FROM ABOVE)"
c3120_socioeconomic_info_4,c3120,socioeconomic_info_4,39123,34.81,TRUE,16.7638,13.8802,SOCIOECONOMIC INFO (REPEATED FROM ABOVE)
c3120_gross_motor_clinical_impression,c3120,gross_motor_clinical_impression,39123,34.81,TRUE,1.1487,0.9653,"GROSS MOTOR, CLINICAL IMPRESSION, CHILD, 4 YEAR, PSYCH EXAM (REPEATED FROM ABOVE)"
c3120_fine_motor_clinical_impression,c3120,fine_motor_clinical_impression,39123,34.81,TRUE,1.1864,1.009,"FINE MOTOR, CLINICAL IMPRESSION, CHILD, 4 YEAR, PSYCH EXAM"
c3120_hearing_clinical_impression,c3120,hearing_clinical_impression,39123,34.81,TRUE,1.1808,0.9925,"HEARING, CLINICAL IMPRESSION, CHILD, 4 YEAR, PSYCH EXAM"
c3120_vision_clinical_impression,c3120,vision_clinical_impression,39123,34.81,TRUE,1.4937,1.1534,"VISION, CLINICAL IMPRESSION, CHILD, 4 YEAR, PSYCH EXAM"
c3120_f8e_fine_copy_form_square,c3120,f8e_fine_copy_form_square,39123,34.81,TRUE,2.1024,1.1577,F8e_Fine copy form square
c3120_f8f_fine_stringing_beads,c3120,f8f_fine_stringing_beads,39123,34.81,TRUE,1.1685,0.9803,F8f_Fine stringing beads
c3120_f8g_fine_porteus_maze_iv,c3120,f8g_fine_porteus_maze_iv,39123,34.81,TRUE,1.6358,1.2504,F8g_Fine porteus maze IV
c3120_f8h_fine_porteus_maze_iii,c3120,f8h_fine_porteus_maze_iii,39123,34.81,TRUE,2.2331,1.4352,F8h_Fine porteus maze III
c3120_f9a_dominance_hand,c3120,f9a_dominance_hand,39123,34.81,TRUE,1.451,1.1276,F9a_Dominance hand
c3120_f9b_dominance_leg,c3120,f9b_dominance_leg,39123,34.81,TRUE,1.411,1.3184,F9b_Dominance leg
c3120_f9c_dominance_eye,c3120,f9c_dominance_eye,39123,34.81,TRUE,1.65,1.2764,F9c_Dominance eye
c3120_f9d_dominance_overall_summary,c3120,f9d_dominance_overall_summary,39122,34.81,TRUE,2.2692,1.4129,F9d_Dominance overall summary
c4120_assessment,c4120,assessment,39114,34.83,TRUE,167.4832,50.8883,"ASSESSMENT, CHILD, 7 YEAR, PSYCH EXAM"
c4120_assessment_2,c4120,assessment_2,39112,34.83,TRUE,3.9951,2.8644,"ASSESSMENT, CHILD, 7 YEAR, PSYCH EXAM"
c4120_assessment_3,c4120,assessment_3,39114,34.83,TRUE,23.0272,9.5673,"ASSESSMENT, CHILD, 7 YEAR, PSYCH EXAM"
c4120_assessment_4,c4120,assessment_4,39114,34.83,TRUE,14.4867,13.7628,"ASSESSMENT, CHILD, 7 YEAR, PSYCH EXAM"
c4120_unusual_operation_by_examiner,c4120,unusual_operation_by_examiner,39114,34.83,TRUE,13.2049,6.3466,"UNUSUAL OPERATION BY EXAMINER, CHILD, 7 YEAR, PSYCH EXAM"
c4120_unusual_operation_by_examiner_2,c4120,unusual_operation_by_examiner_2,39114,34.83,TRUE,13.7828,7.6083,"UNUSUAL OPERATION BY EXAMINER, CHILD, 7 YEAR, PSYCH EXAM"
c4120_sensitivity_muscle_by_examiner,c4120,sensitivity_muscle_by_examiner,39114,34.83,TRUE,37.9772,3.8501,"SENSITIVITY, MUSCLE, BY EXAMINER, CHILD, 7 YEAR, PSYCH EXAM"
c4120_sensitivity_hearing_by_examiner,c4120,sensitivity_hearing_by_examiner,39114,34.83,TRUE,0.8398,1.4444,"SENSITIVITY, HEARING, BY EXAMINER, CHILD, 7 YEAR, PSYCH EXAM"
c4120_f2m_iq,c4120,f2m_iq,39114,34.83,TRUE,107.4058,97.3926,F2m_IQ
c4120_tactile_orientation_to_testing_situation,c4120,tactile_orientation_to_testing_situation,39114,34.83,TRUE,22.6667,9.2835,"TACTILE ORIENTATION TO TESTING SITUATION, DEGREE OF IRRITABILITY, CHILD, 4 YEAR, PSYCH EXAM"
c4120_psych_exam,c4120,psych_exam,39114,34.83,TRUE,1.0366,0.3269,"PSYCH EXAM, CHILD, 4 YEAR (REPEATED FROM ABOVE)"
c4120_tactile_orientation_to_testing_situation_2,c4120,tactile_orientation_to_testing_situation_2,39114,34.83,TRUE,3.0284,0.747,"TACTILE ORIENTATION TO TESTING SITUATION, EMOTIONAL REACTIVITY, CHILD, 4 YEAR, PSYCH EXAM"
c4120_tactile_orientation_to_examiner_degree_o,c4120,tactile_orientation_to_examiner_degree_o,39114,34.83,TRUE,33.4306,7.677,"TACTILE ORIENTATION TO EXAMINER, DEGREE OF COOPERATION, CHILD, 4 YEAR, PSYCH EXAM"
c4120_tactile_profile_orientation_to_examiner,c4120,tactile_profile_orientation_to_examiner,39114,34.83,TRUE,3.2577,0.8432,"TACTILE PROFILE, ORIENTATION TO EXAMINER MATERIALS, CHILD, 4 YEAR, PSYCH EXAM"
c4120_tactile_orientation_to_test_materials_du,c4120,tactile_orientation_to_test_materials_du,39114,34.83,TRUE,2.8459,0.8029,"TACTILE ORIENTATION TO TEST MATERIALS, DURATION OF ATTENTION, CHILD, 4 YEAR, PSYCH EXAM"
c4120_tactile_orientation_to_test_materials_go,c4120,tactile_orientation_to_test_materials_go,39114,34.83,TRUE,2.8623,0.7733,"TACTILE ORIENTATION TO TEST MATERIALS, GOAL DIRECTEDNESS, CHILD, 4 YEAR, PSYCH EXAM"
c4120_body_activity,c4120,body_activity,39114,34.83,TRUE,32.2217,7.9661,"BODY ACTIVITY, CHILD, 4 YEAR, PSYCH EXAM"
c4120_impression_clinical,c4120,impression_clinical,39114,34.83,TRUE,33.7899,8.2767,"IMPRESSION, CLINICAL, CHILD, 4 YEAR"
c4120_reactivity_activity,c4120,reactivity_activity,39114,34.83,TRUE,33.2949,7.7833,"REACTIVITY, ACTIVITY, CHILD, 4 YEAR, PSYCH EXAM"
c4120_impression_involuntary_2,c4120,impression_involuntary_2,39114,34.83,TRUE,2.9328,0.8944,"IMPRESSION, INVOLUNTARY, CHILD, 4 YEAR"
c4120_impression_involuntary_3,c4120,impression_involuntary_3,39114,34.83,TRUE,0.2371,1.2297,"IMPRESSION, INVOLUNTARY, CHILD, 4 YEAR"
c4120_reactivity_fearful_behavior,c4120,reactivity_fearful_behavior,39114,34.83,TRUE,2.6159,12.9037,"REACTIVITY, FEARFUL BEHAVIOR, CHILD, 4 YEAR, PSYCH EXAM"
c4120_impression_clinical_2,c4120,impression_clinical_2,39114,34.83,TRUE,0.2449,1.2793,"IMPRESSION, CLINICAL, CHILD, 4 YEAR"
c4120_impression_educational_achievement_level,c4120,impression_educational_achievement_level,39114,34.83,TRUE,3.6847,16.2389,"IMPRESSION, EDUCATIONAL ACHIEVEMENT LEVEL, CLINICAL IMPRESSION, CHILD, 4 YEAR"
c4120_impression_educational,c4120,impression_educational,39114,34.83,TRUE,0.3772,1.7726,"IMPRESSION, EDUCATIONAL, CHILD, 7 YEAR, PSYCH EXAM"
c4120_socioeconomic_info,c4120,socioeconomic_info,39114,34.83,TRUE,0.0711,0.7757,SOCIOECONOMIC INFO (REPEATED FROM ABOVE)
c4120_impression,c4120,impression,39114,34.83,TRUE,0.853,8.5529,"Impression, PRENATAL, PHYSICAL EXAM"
c4120_impression_number_of_report,c4120,impression_number_of_report,39114,34.83,TRUE,0.0697,0.775,"IMPRESSION, CHILD, 7 YEAR, PSYCH EXAM, NUMBER OF REPORT, CHILD, 7 YEAR, PSYCH EXAM"
c4120_seq_number_sequence_form_type_form_numbe,c4120,seq_number_sequence_form_type_form_numbe,39114,34.83,TRUE,11419353894985526,87340076598152064,"SEQ NUMBER (SEQUENCE, FORM TYPE, FORM NUMBER, PARTITION NUMBER)"
c4120_pencil_grasp,c4120,pencil_grasp,39114,34.83,TRUE,0.085,0.7459,"PENCIL GRASP, CHILD, 4 YEAR, PSYCH EXAM"
c4120_continuous_line,c4120,continuous_line,39114,34.83,TRUE,0.716,8.073,"CONTINUOUS LINE, CHILD, 4 YEAR, PSYCH EXAM"
c4120_convergence_and_bimanual,c4120,convergence_and_bimanual,39114,34.83,TRUE,0.0688,0.7367,"CONVERGENCE AND BIMANUAL, CHILD, 4 YEAR, PSYCH EXAM"
c4120_muscle_tone_and_abnormal_hand_acting_obs,c4120,muscle_tone_and_abnormal_hand_acting_obs,39114,34.83,TRUE,0.819,8.1149,"MUSCLE TONE AND ABNORMAL HAND ACTING OBSERVATION BY EXAMINER, CHILD, 4 YEAR"
c4120_pencil_grasp_child,c4120,pencil_grasp_child,39114,34.83,TRUE,0.3032,0.8306,"PENCIL GRASP, CHILD, PSYCH EXAM"
c4120_dexterity,c4120,dexterity,39114,34.83,TRUE,0.0633,0.7397,"DEXTERITY, CHILD, 4 YEAR, PSYCH EXAM"
c4120_dyspraxia_very_large_head_observation_by,c4120,dyspraxia_very_large_head_observation_by,39114,34.83,TRUE,0.0642,0.7415,"DYSPRAXIA, VERY LARGE HEAD OBSERVATION BY EXAMINER, CHILD, 4 YEAR, PSYCH EXAM"
c4120_neck_involuntary,c4120,neck_involuntary,39114,34.83,TRUE,0.0695,0.7445,"NECK, INVOLUNTARY, CHILD, 4 YEAR, PSYCH EXAM"
c4120_dyspraxia_involuntary,c4120,dyspraxia_involuntary,39114,34.83,TRUE,0.7642,8.1801,"DYSPRAXIA, INVOLUNTARY, CHILD, 4 YEAR, PSYCH EXAM"
c4120_dyspraxia_skin_condition,c4120,dyspraxia_skin_condition,39114,34.83,TRUE,0.0661,0.7426,"DYSPRAXIA, SKIN CONDITION, CHILD, 4 YEAR, PSYCH EXAM"
c4120_dyspraxia_small_hand_observation_by_exam,c4120,dyspraxia_small_hand_observation_by_exam,39114,34.83,TRUE,0.087,0.7544,"DYSPRAXIA, SMALL HAND OBSERVATION BY EXAMINER, CHILD, 4 YEAR, PSYCH EXAM"
c4120_dyspraxia_involuntary_2,c4120,dyspraxia_involuntary_2,39114,34.83,TRUE,0.0798,0.7504,"DYSPRAXIA, INVOLUNTARY, CHILD, 4 YEAR, PSYCH EXAM"
c4120_dyspraxia_abnormality,c4120,dyspraxia_abnormality,39114,34.83,TRUE,2.3027,8.3758,"DYSPRAXIA, ABNORMALITY, CHILD, 4 YEAR, PSYCH EXAM"
c4120_impression_2,c4120,impression_2,39114,34.83,TRUE,1.0658,1.2806,"IMPRESSION, CHILD, 7 YEAR"
c4509_sibs_fetal_death_under_20_weeks,c4509,sibs_fetal_death_under_20_weeks,38491,35.87,TRUE,0.7039,1.7152,Sibs Fetal Death Under 20 Weeks
c4509_sibs_fetal_death_20_weeks_plus,c4509,sibs_fetal_death_20_weeks_plus,38491,35.87,TRUE,0.3827,1.6027,Sibs Fetal Death 20 Weeks Plus
c4509_sibs_total_liveborn,c4509,sibs_total_liveborn,38491,35.87,TRUE,7.0207,16.5042,Sibs Total Liveborn
c4509_sibs_liveborn_male,c4509,sibs_liveborn_male,38491,35.87,TRUE,2.2981,1.8935,Sibs Liveborn Male
c4509_sibs_liveborn_female,c4509,sibs_liveborn_female,38491,35.87,TRUE,2.2327,1.8957,Sibs Liveborn Female
c4509_sibs_prematures,c4509,sibs_prematures,38491,35.87,TRUE,0.744,1.7503,Sibs Prematures
c4509_sibs_dead_27_days_or_younger,c4509,sibs_dead_27_days_or_younger,38491,35.87,TRUE,0.3624,1.6113,Sibs Dead 27 Days or Younger
c4509_sibs_dead_28_days_or_older,c4509,sibs_dead_28_days_or_older,38491,35.87,TRUE,0.3497,1.6062,Sibs Dead 28 Days or Older
c4509_sibs_condition_rh,c4509,sibs_condition_rh,38491,35.87,TRUE,0.3864,1.654,Sibs Condition Rh
c4509_sibs_congenital_malformations,c4509,sibs_congenital_malformations,38491,35.87,TRUE,0.4795,1.6387,Sibs Congenital Malformations
c4509_sibs_convulsions,c4509,sibs_convulsions,38491,35.87,TRUE,0.4432,1.6831,Sibs Convulsions
c4509_sibs_motor_deficit,c4509,sibs_motor_deficit,38491,35.87,TRUE,0.3583,1.6695,Sibs Motor Deficit
c4509_sibs_sensory_defect,c4509,sibs_sensory_defect,38491,35.87,TRUE,0.379,1.6734,Sibs Sensory Defect
c4509_sibs_retardation,c4509,sibs_retardation,38491,35.87,TRUE,0.4894,1.6959,Sibs Retardation
c4509_study_children_dead_27_days_or_younger,c4509,study_children_dead_27_days_or_younger,38491,35.87,TRUE,0.0176,0.3221,Study Children Dead 27 Days or Younger
c4509_study_children_dead_28_days_or_older,c4509,study_children_dead_28_days_or_older,38491,35.87,TRUE,0.0163,0.3189,Study Children Dead 28 Days or Older
c4509_study_children_condition_rh,c4509,study_children_condition_rh,38491,35.87,TRUE,0.0553,0.4031,Study Children Condition Rh
c4509_study_children_congenital_malformations,c4509,study_children_congenital_malformations,38491,35.87,TRUE,0.0803,0.4166,Study Children Congenital Malformations
c4509_study_children_convulsions,c4509,study_children_convulsions,38491,35.87,TRUE,0.055,0.3846,Study Children Convulsions
c4509_study_children_motor_deficit,c4509,study_children_motor_deficit,38491,35.87,TRUE,0.0242,0.3455,Study Children Motor Deficit
c4509_study_children_sensory_defect,c4509,study_children_sensory_defect,38491,35.87,TRUE,0.042,0.3708,Study Children Sensory Defect
c4509_study_children_retardation,c4509,study_children_retardation,38491,35.87,TRUE,0.0803,0.4202,Study Children Retardation
c4509_rh_incompatibility_fetal_death,c4509,rh_incompatibility_fetal_death,38491,35.87,TRUE,0.0622,0.7411,Rh Incompatibility Fetal Death
c4509_rh_incompatibility_liveborn_no_transfusi,c4509,rh_incompatibility_liveborn_no_transfusi,38491,35.87,TRUE,0.1515,1.0318,Rh Incompatibility Liveborn No Transfusion
c4509_rh_incompatibility_liveborn_exchange_tra,c4509,rh_incompatibility_liveborn_exchange_tra,38491,35.87,TRUE,0.098,0.8387,Rh Incompatibility Liveborn Exchange Transfusion
c4509_severe_jaundice_no_incompatibility,c4509,severe_jaundice_no_incompatibility,38491,35.87,TRUE,0.0638,0.7482,Severe Jaundice No Incompatibility
c4509_malformations_cleft_lip_or_palate,c4509,malformations_cleft_lip_or_palate,38491,35.87,TRUE,0.0584,0.7074,Malformations Cleft Lip or Palate
c4509_malformations_club_foot,c4509,malformations_club_foot,38491,35.87,TRUE,0.101,0.8808,Malformations Club Foot
c4509_malformations_fingers_or_toes,c4509,malformations_fingers_or_toes,38491,35.87,TRUE,0.0692,0.7311,Malformations Fingers or Toes
c4509_malformations_heart,c4509,malformations_heart,38491,35.87,TRUE,0.1179,0.9539,Malformations Heart
c4509_malformations_head_or_spine,c4509,malformations_head_or_spine,38491,35.87,TRUE,0.0723,0.7506,Malformations Head or Spine
c4509_malformations_other,c4509,malformations_other,38491,35.87,TRUE,0.1212,0.8488,Malformations Other
c4509_number_of_child_deaths,c4509,number_of_child_deaths,38491,35.87,TRUE,0.0852,0.6639,Number of Child Deaths
c4509_physical_retardation,c4509,physical_retardation,38491,35.87,TRUE,0.0801,0.7827,Physical Retardation
c4509_mental_retardation,c4509,mental_retardation,38491,35.87,TRUE,0.3065,1.4606,Mental Retardation
c4509_severe_behavioral_problem,c4509,severe_behavioral_problem,38491,35.87,TRUE,0.2471,1.261,Severe Behavioral Problem
c4509_school_age_children_unable_regular_schoo,c4509,school_age_children_unable_regular_schoo,38491,35.87,TRUE,0.0762,0.5089,School Age Children Unable Regular School
c4509_seizures_convulsions_epilepsy,c4509,seizures_convulsions_epilepsy,38491,35.87,TRUE,0.4983,1.5733,Seizures Convulsions Epilepsy
c4509_motor_defect_injury,c4509,motor_defect_injury,38491,35.87,TRUE,0.0963,0.8386,Motor Defect Injury
c4509_motor_defect_infectious_diseases,c4509,motor_defect_infectious_diseases,38491,35.87,TRUE,0.087,0.8093,Motor Defect Infectious Diseases
c4509_motor_defect_other,c4509,motor_defect_other,38491,35.87,TRUE,0.3097,1.3767,Motor Defect Other
c4509_sensory_defect_blindness,c4509,sensory_defect_blindness,38491,35.87,TRUE,0.1931,1.1284,Sensory Defect Blindness
c4509_sensory_defect_deafness,c4509,sensory_defect_deafness,38491,35.87,TRUE,0.1782,1.0972,Sensory Defect Deafness
c4509_sensory_defect_trouble_speaking,c4509,sensory_defect_trouble_speaking,38491,35.87,TRUE,0.2616,1.275,Sensory Defect Trouble Speaking
c4509_sugar_diabetes,c4509,sugar_diabetes,38491,35.87,TRUE,0.7624,2.0243,Sugar Diabetes
c4509_nervous_problem_requiring_hospitalizatio,c4509,nervous_problem_requiring_hospitalizatio,38491,35.87,TRUE,0.6916,1.9109,Nervous Problem Requiring Hospitalization
c4509_type_of_school_study_child_attending,c4509,type_of_school_study_child_attending,38491,35.87,TRUE,1.0164,0.282,Type of School Study Child Attending
c4509_achievement_of_study_child,c4509,achievement_of_study_child,38491,35.87,TRUE,4.5247,3.1175,Achievement of Study Child
c4509_age_of_father_husband,c4509,age_of_father_husband,38395,36.03,TRUE,50.9916,24.6261,Age of Father Husband
c3509_regularity_of_income_prior_3_months,c3509,regularity_of_income_prior_3_months,38485,35.88,TRUE,1.3293,0.7128,Regularity of Income Prior 3 Months
c3509_changes_in_major_source_of_income_prior,c3509,changes_in_major_source_of_income_prior,38485,35.88,TRUE,0.1222,0.6877,Changes in Major Source of Income Prior 3 Months
c3509_source_of_income_earned,c3509,source_of_income_earned,38485,35.88,TRUE,2.0533,1.4778,Source of Income Earned
c3509_source_of_income_relatives_or_friends,c3509,source_of_income_relatives_or_friends,38485,35.88,TRUE,0.9616,2.3551,Source of Income Relatives or Friends
c3509_source_of_income_public_or_private,c3509,source_of_income_public_or_private,38485,35.88,TRUE,0.3799,1.051,Source of Income Public or Private
c3509_total_income_prior_3_months,c3509,total_income_prior_3_months,38485,35.88,TRUE,64.3074,26.1603,Total Income Prior 3 Months
c3509_income_in_kind_prior_3_months,c3509,income_in_kind_prior_3_months,38485,35.88,TRUE,0.4566,1.431,Income in Kind Prior 3 Months
c3509_number_of_persons_cared_for,c3509,number_of_persons_cared_for,38485,35.88,TRUE,5.741,3.9565,Number of Persons Cared For
c3509_number_of_children_under_8_cared_for,c3509,number_of_children_under_8_cared_for,38485,35.88,TRUE,2.2629,3.7683,Number of Children Under 8 Cared For
c3509_change_in_number_of_persons_supported,c3509,change_in_number_of_persons_supported,38485,35.88,TRUE,0.0614,0.396,Change in Number of Persons Supported
c3509_financial_comparison_to_birth_of_child,c3509,financial_comparison_to_birth_of_child,38485,35.88,TRUE,0.9642,1.0215,Financial Comparison to Birth of Child
c3509_reason_for_financial_situation,c3509,reason_for_financial_situation,38485,35.88,TRUE,3.7447,2.8789,Reason for Financial Situation
c3509_number_of_pregnancies_since_birth,c3509,number_of_pregnancies_since_birth,38485,35.88,TRUE,1.3946,1.419,Number of Pregnancies Since Birth
c3509_number_of_fetal_deaths,c3509,number_of_fetal_deaths,38485,35.88,TRUE,2.6611,3.6154,Number of Fetal Deaths
c3509_number_of_multiple_pregnancies,c3509,number_of_multiple_pregnancies,38485,35.88,TRUE,2.4927,3.6954,Number of Multiple Pregnancies
c3509_full_sibs_fetal_death_under_20_weeks,c3509,full_sibs_fetal_death_under_20_weeks,38485,35.88,TRUE,0.1445,0.5391,Full Sibs Fetal Death Under 20 Weeks
c3509_full_sibs_fetal_death_20_weeks_plus,c3509,full_sibs_fetal_death_20_weeks_plus,38485,35.88,TRUE,0.0388,0.359,Full Sibs Fetal Death 20 Weeks Plus
c3509_full_sibs_total_number_liveborn,c3509,full_sibs_total_number_liveborn,38485,35.88,TRUE,1.0321,2.6377,Full Sibs Total Number Liveborn
c3509_full_sibs_liveborn_male,c3509,full_sibs_liveborn_male,38485,35.88,TRUE,0.4987,0.7767,Full Sibs Liveborn Male
c3509_full_sibs_liveborn_female,c3509,full_sibs_liveborn_female,38485,35.88,TRUE,0.4838,0.766,Full Sibs Liveborn Female
c3509_full_sibs_prematures,c3509,full_sibs_prematures,38485,35.88,TRUE,0.1291,0.4884,Full Sibs Prematures
c3509_full_sibs_dead_27_days_or_younger,c3509,full_sibs_dead_27_days_or_younger,38485,35.88,TRUE,0.0218,0.2616,Full Sibs Dead 27 Days or Younger
c3509_full_sibs_dead_28_days_or_older,c3509,full_sibs_dead_28_days_or_older,38485,35.88,TRUE,0.0231,0.2619,Full Sibs Dead 28 Days or Older
c3509_full_sibs_condition_rh,c3509,full_sibs_condition_rh,38485,35.88,TRUE,0.0386,0.3394,Full Sibs Condition Rh
c3509_full_sibs_congenital_malformations,c3509,full_sibs_congenital_malformations,38485,35.88,TRUE,0.051,0.3301,Full Sibs Congenital Malformations
c3509_full_sibs_convulsions,c3509,full_sibs_convulsions,38485,35.88,TRUE,0.0412,0.3099,Full Sibs Convulsions
c3509_full_sibs_motor_deficit,c3509,full_sibs_motor_deficit,38485,35.88,TRUE,0.0196,0.2725,Full Sibs Motor Deficit
c3509_full_sibs_sensory_defect,c3509,full_sibs_sensory_defect,38485,35.88,TRUE,0.0292,0.2908,Full Sibs Sensory Defect
c3509_full_sibs_retardation,c3509,full_sibs_retardation,38485,35.88,TRUE,0.0928,0.4219,Full Sibs Retardation
c3509_half_sibs_fetal_death_under_20_weeks,c3509,half_sibs_fetal_death_under_20_weeks,38485,35.88,TRUE,0.087,0.7607,Half Sibs Fetal Death Under 20 Weeks
c3509_half_sibs_fetal_death_20_weeks_plus,c3509,half_sibs_fetal_death_20_weeks_plus,38485,35.88,TRUE,0.0654,0.7346,Half Sibs Fetal Death 20 Weeks Plus
c3509_half_sibs_total_liveborn_different_fathe,c3509,half_sibs_total_liveborn_different_fathe,38485,35.88,TRUE,0.215,0.8858,Half Sibs Total Liveborn Different Father
c3509_half_sibs_total_liveborn_unknown_father,c3509,half_sibs_total_liveborn_unknown_father,38485,35.88,TRUE,0.0631,0.7156,Half Sibs Total Liveborn Unknown Father
c3509_half_sibs_liveborn_male,c3509,half_sibs_liveborn_male,38485,35.88,TRUE,0.1384,0.7783,Half Sibs Liveborn Male
c3509_half_sibs_liveborn_female,c3509,half_sibs_liveborn_female,38485,35.88,TRUE,0.1377,0.7775,Half Sibs Liveborn Female
c3509_half_sibs_prematures,c3509,half_sibs_prematures,38485,35.88,TRUE,0.0782,0.7221,Half Sibs Prematures
c3509_half_sibs_dead_27_days_or_younger,c3509,half_sibs_dead_27_days_or_younger,38485,35.88,TRUE,0.06,0.7153,Half Sibs Dead 27 Days or Younger
c3509_half_sibs_dead_28_days_or_older,c3509,half_sibs_dead_28_days_or_older,38485,35.88,TRUE,0.0617,0.7178,Half Sibs Dead 28 Days or Older
c3509_half_sibs_condition_rh,c3509,half_sibs_condition_rh,38485,35.88,TRUE,0.0625,0.7265,Half Sibs Condition Rh
c3509_half_sibs_congenital_malformations,c3509,half_sibs_congenital_malformations,38485,35.88,TRUE,0.0632,0.715,Half Sibs Congenital Malformations
c3509_half_sibs_convulsions,c3509,half_sibs_convulsions,38485,35.88,TRUE,0.06,0.7031,Half Sibs Convulsions
c3509_half_sibs_motor_deficit,c3509,half_sibs_motor_deficit,38485,35.88,TRUE,0.0562,0.6992,Half Sibs Motor Deficit
c3509_half_sibs_sensory_defect,c3509,half_sibs_sensory_defect,38485,35.88,TRUE,0.0573,0.7032,Half Sibs Sensory Defect
c3509_half_sibs_retardation,c3509,half_sibs_retardation,38485,35.88,TRUE,0.0752,0.7198,Half Sibs Retardation
c3509_gen_5_prior_pregnancies,c3509,gen_5_prior_pregnancies,38485,35.88,TRUE,52382308696806.6,165899118157132,Gen-5 Prior Pregnancies
c2509_mother_marital_status,c2509,mother_marital_status,38481,35.88,TRUE,2.8369,1.614,Mother Marital Status
c2509_husband_living_at_home,c2509,husband_living_at_home,38481,35.88,TRUE,1.8224,2.4948,Husband Living at Home
c2509_date_married_divorced_separated,c2509,date_married_divorced_separated,38481,35.88,TRUE,955.847,1576.6044,Date Married Divorced Separated
c2509_when_married_divorced_separated_widowed,c2509,when_married_divorced_separated_widowed,38481,35.88,TRUE,1.0765,1.729,When Married Divorced Separated Widowed
c2509_number_of_changes_in_marital_status,c2509,number_of_changes_in_marital_status,38481,35.88,TRUE,0.6384,1.3009,Number of Changes in Marital Status
c2509_type_of_housing,c2509,type_of_housing,38481,35.88,TRUE,1.2741,0.4838,Type of Housing
c2509_length_of_time_at_residence,c2509,length_of_time_at_residence,38481,35.88,TRUE,407.0194,504.6573,Length of Time at Residence
c2509_number_of_moves_in_last_7_years,c2509,number_of_moves_in_last_7_years,38481,35.88,TRUE,2.5665,5.7831,Number of Moves in Last 7 Years
c2509_number_of_rooms,c2509,number_of_rooms,38481,35.88,TRUE,4.8483,2.8302,Number of Rooms
c2509_number_of_persons_in_household,c2509,number_of_persons_in_household,38481,35.88,TRUE,5.6995,2.2565,Number of Persons in Household
c2509_number_of_mothers_children_in_household,c2509,number_of_mothers_children_in_household,38481,35.88,TRUE,3.7166,2.5134,Number of Mothers Children in Household
c2509_household_structure_immediate_family,c2509,household_structure_immediate_family,38481,35.88,TRUE,0.0838,0.3542,Household Structure Immediate Family
c2509_household_structure_relatives_or_friends,c2509,household_structure_relatives_or_friends,38481,35.88,TRUE,0.1288,0.5356,Household Structure Relatives or Friends
c2509_housing_density_persons_per_room,c2509,housing_density_persons_per_room,38481,35.88,TRUE,12.8607,6.062,Housing Density Persons Per Room
c2509_presence_of_husband_or_father_of_child,c2509,presence_of_husband_or_father_of_child,38481,35.88,TRUE,3.1814,3.143,Presence of Husband or Father of Child
c2509_head_of_household,c2509,head_of_household,38481,35.88,TRUE,1.8027,0.6384,Head of Household
c2509_other_children_living_elsewhere,c2509,other_children_living_elsewhere,38481,35.88,TRUE,0.8295,2.0604,Other Children Living Elsewhere
c2509_additional_schooling_since_child_born,c2509,additional_schooling_since_child_born,38481,35.88,TRUE,0.4329,1.0244,Additional Schooling Since Child Born
c2509_worked_since_child_born,c2509,worked_since_child_born,38481,35.88,TRUE,0.7312,0.863,Worked Since Child Born
c2509_age_of_child_when_employed,c2509,age_of_child_when_employed,38481,35.88,TRUE,5.0258,3.6978,Age of Child When Employed
c2509_number_of_jobs,c2509,number_of_jobs,38481,35.88,TRUE,1.3928,1.5744,Number of Jobs
c2509_total_period_employed_months,c2509,total_period_employed_months,38481,35.88,TRUE,24.101,28.0294,Total Period Employed Months
c2509_hours_per_week_worked,c2509,hours_per_week_worked,38481,35.88,TRUE,1.4974,1.4102,Hours Per Week Worked
c2509_child_care,c2509,child_care,38481,35.88,TRUE,1.1643,1.3069,Child Care
c2509_mother_occupation,c2509,mother_occupation,38481,35.88,TRUE,35.5581,29.9736,Mother Occupation
c2509_husband_working_now,c2509,husband_working_now,38481,35.88,TRUE,2.8061,3.1478,Husband Working Now
c2509_husband_occupation_current_or_last_job,c2509,husband_occupation_current_or_last_job,38481,35.88,TRUE,58.8715,26.3252,Husband Occupation Current or Last Job
c2509_length_of_time_current_or_last_job,c2509,length_of_time_current_or_last_job,38481,35.88,TRUE,29312.1077,37363.204,Length of Time Current or Last Job
c2509_length_of_time_unemployed,c2509,length_of_time_unemployed,38481,35.88,TRUE,24209.7455,39442.2597,Length of Time Unemployed
c2509_reason_not_working,c2509,reason_not_working,38481,35.88,TRUE,2.4074,3.5669,Reason Not Working
c2509_occupation_pursued_longest_time,c2509,occupation_pursued_longest_time,38481,35.88,TRUE,58.9682,26.3298,Occupation Pursued Longest Time
c2509_length_of_time_at_longest_occupation,c2509,length_of_time_at_longest_occupation,38481,35.88,TRUE,31191.7131,36405.1257,Length of Time at Longest Occupation
c2509_weeks_unemployed_past_year,c2509,weeks_unemployed_past_year,38481,35.88,TRUE,27.383,38.8575,Weeks Unemployed Past Year
c2509_number_of_jobs_past_year,c2509,number_of_jobs_past_year,38481,35.88,TRUE,3.1101,3.1012,Number of Jobs Past Year
c2509_highest_grade_mother,c2509,highest_grade_mother,38398,36.02,TRUE,11.9242,8.8362,Highest Grade Mother
c2509_highest_grade_father_husband,c2509,highest_grade_father_husband,38398,36.02,TRUE,35.0618,35.9695,Highest Grade Father Husband
c1345_f7_father_blood_type,c1345,f7_father_blood_type,38236,36.29,TRUE,8.9453,0.6346,F7_Father blood type
c1345_f8_father_rh,c1345,f8_father_rh,38236,36.29,TRUE,8.9381,0.6954,F8_Father Rh
c1345_f9_coombs_test_number_test_dates,c1345,f9_coombs_test_number_test_dates,38236,36.29,TRUE,8.69,1.513,F9_Coombs test_number test dates
c1345_f10a_recent_coombs_test_month,c1345,f10a_recent_coombs_test_month,38236,36.29,TRUE,95.2687,18.2152,F10a_Recent Coombs test_month
c1345_f10b_recent_coombs_test_year,c1345,f10b_recent_coombs_test_year,38236,36.29,TRUE,97.5699,6.9714,F10b_Recent Coombs test_year
c1345_f10c_recent_coombs_test_type,c1345,f10c_recent_coombs_test_type,38236,36.29,TRUE,8.7113,1.486,F10c_Recent Coombs test_type
c1345_f10d_recent_coombs_test_result,c1345,f10d_recent_coombs_test_result,38236,36.29,TRUE,8.7116,1.4141,F10d_Recent Coombs test_result
c1345_f11_rh_titer_number_test_dates,c1345,f11_rh_titer_number_test_dates,38236,36.29,TRUE,8.2469,2.2958,F11_Rh titer_number test dates
c1345_f12a_1st_rh_titer_month,c1345,f12a_1st_rh_titer_month,38236,36.29,TRUE,90.0019,27.4175,F12a_1st Rh titer_month
c1345_blood_type_gravida,c1345,blood_type_gravida,38236,36.29,TRUE,8.7064,0.8941,"Blood Type, Gravida"
c1345_f12b_1st_rh_titer_year,c1345,f12b_1st_rh_titer_year,38236,36.29,TRUE,95.5577,10.4852,F12b_1st Rh titer_year
c1345_rh_factor_gravida,c1345,rh_factor_gravida,38236,36.29,TRUE,8.4934,1.6032,RH Factor- Gravida
c1345_f12c_1st_rh_titer_type,c1345,f12c_1st_rh_titer_type,38236,36.29,TRUE,8.3992,1.9622,F12c_1st Rh titer_type
c1345_f12d_1st_rh_titer_result,c1345,f12d_1st_rh_titer_result,38236,36.29,TRUE,89.7229,28.7852,F12d_1st Rh titer_result
c1345_f13a_last_rh_titer_month,c1345,f13a_last_rh_titer_month,38236,36.29,TRUE,93.5693,21.7662,F13a_Last Rh titer_month
c1345_f13b_last_rh_titer_year,c1345,f13b_last_rh_titer_year,38236,36.29,TRUE,96.9412,8.2529,F13b_Last Rh titer_year
c1345_f13c_last_rh_titer_type,c1345,f13c_last_rh_titer_type,38236,36.29,TRUE,8.6311,1.5629,F13c_Last Rh titer_type
c1345_f13d_last_rh_titer_result,c1345,f13d_last_rh_titer_result,38236,36.29,TRUE,93.3635,22.8844,F13d_Last Rh titer_result
c1345_f14_serology_number_of_dates,c1345,f14_serology_number_of_dates,38236,36.29,TRUE,1.6664,1.6542,F14_Serology_number of dates
c1345_f15a_1st_serology_month,c1345,f15a_1st_serology_month,38236,36.29,TRUE,10.6631,19.5108,F15a_1st serology_month
c1345_f15b_1st_serology_year,c1345,f15b_1st_serology_year,38236,36.29,TRUE,64.8479,7.4439,F15b_1st serology_year
c1345_f15c_1st_serology_result,c1345,f15c_1st_serology_result,38236,36.29,TRUE,1.3813,1.6519,F15c_1st serology_result
c1345_f16a_2nd_serology_month,c1345,f16a_2nd_serology_month,38236,36.29,TRUE,72.7044,41.7255,F16a_2nd serology_month
c1345_f16b_2nd_serology_year,c1345,f16b_2nd_serology_year,38236,36.29,TRUE,88.9175,15.9929,F16b_2nd serology_year
c1345_f16c_2nd_serology_result,c1345,f16c_2nd_serology_result,38236,36.29,TRUE,6.7365,3.5898,F16c_2nd serology_result
c1345_f17a_last_serology_month,c1345,f17a_last_serology_month,38236,36.29,TRUE,96.3197,15.4985,F17a_Last serology_month
c1345_f17b_last_serology_year,c1345,f17b_last_serology_year,38236,36.29,TRUE,97.9747,5.9224,F17b_Last serology_year
c1345_f17c_last_serology_result,c1345,f17c_last_serology_result,38236,36.29,TRUE,8.7707,1.3218,F17c_Last serology_result
c1345_f18_pbi,c1345,f18_pbi,38236,36.29,TRUE,8.765,1.3508,F18_PBI
c1345_f19_fasting_blood_sugar_number_of_dates,c1345,f19_fasting_blood_sugar_number_of_dates,38236,36.29,TRUE,8.605,1.7045,F19_Fasting blood sugar_number of dates
c1345_f20a_high_fasting_blood_sugar_month,c1345,f20a_high_fasting_blood_sugar_month,38236,36.29,TRUE,94.3157,20.2936,F20a_High fasting blood sugar_month
c1345_f20b_high_fasting_blood_sugar_year,c1345,f20b_high_fasting_blood_sugar_year,38236,36.29,TRUE,97.2108,7.7335,F20b_High fasting blood sugar_year
c1345_f20c_high_fasting_blood_sugar_result,c1345,f20c_high_fasting_blood_sugar_result,38236,36.29,TRUE,953.1824,197.9379,F20c_High fasting blood sugar_result
c1345_f21_sickling,c1345,f21_sickling,38236,36.29,TRUE,6.6566,3.3227,F21_Sickling
c1345_f22_hemoglobin_electrophoresis,c1345,f22_hemoglobin_electrophoresis,38236,36.29,TRUE,8.4652,1.9981,F22_Hemoglobin electrophoresis
c1345_f23_number_of_hematocrits,c1345,f23_number_of_hematocrits,38236,36.29,TRUE,3.1324,2.2426,F23_Number of hematocrits
c1345_f24_number_of_hemoglobins,c1345,f24_number_of_hemoglobins,38236,36.29,TRUE,1.9792,2.1417,F24_Number of hemoglobins
c1345_f25_number_of_urinalyses,c1345,f25_number_of_urinalyses,38236,36.29,TRUE,1.7938,1.7607,F25_Number of urinalyses
c1345_f26_x_ray_pelvimetry,c1345,f26_x_ray_pelvimetry,38236,36.29,TRUE,8.3962,2.1133,F26_X-ray pelvimetry
c1345_f27_type_diagnostic_x_ray,c1345,f27_type_diagnostic_x_ray,38236,36.29,TRUE,5.4518,3.8409,F27_Type diagnostic x-ray
c1345_f28_papsmear_number_of_dates,c1345,f28_papsmear_number_of_dates,38236,36.29,TRUE,0.9021,0.5719,F28_Papsmear_number of dates
c1345_f29_test_series_number_of_dates,c1345,f29_test_series_number_of_dates,38236,36.29,TRUE,0.2754,1.2173,F29_Test series_number of dates
c1345_f30_cultures_number_of_dates,c1345,f30_cultures_number_of_dates,38236,36.29,TRUE,0.4696,0.9252,F30_Cultures_number of dates
c1345_f31_glucose_tolerance_test_number_dates,c1345,f31_glucose_tolerance_test_number_dates,38231,36.3,TRUE,0.055,0.2882,F31_Glucose tolerance test_number dates
c2345_f03_2345,c2345,f03_2345,35636,40.62,TRUE,1e-04,0.0092,f03_2345
c2345_f04a2345,c2345,f04a2345,35636,40.62,TRUE,6.4661,3.8029,f04a2345
c2345_f04b2345,c2345,f04b2345,35636,40.62,TRUE,15.6308,8.9335,f04b2345
c2345_f04c2345,c2345,f04c2345,35636,40.62,TRUE,63.3358,1.4584,f04c2345
c2345_f04d2345,c2345,f04d2345,35636,40.62,TRUE,352.8505,43.4151,f04d2345
c2345_f05a2345,c2345,f05a2345,30878,48.55,TRUE,6.6635,4.6423,f05a2345
c2345_f05b2345,c2345,f05b2345,30878,48.55,TRUE,15.551,9.266,f05b2345
c2345_f05c2345,c2345,f05c2345,30878,48.55,TRUE,63.5427,1.6377,f05c2345
c2345_f05d2345,c2345,f05d2345,30878,48.55,TRUE,346.7125,42.5165,f05d2345
c2345_f06a2345,c2345,f06a2345,23704,60.5,TRUE,6.6265,4.2983,f06a2345
c2345_f06b2345,c2345,f06b2345,23704,60.5,TRUE,15.5356,9.0911,f06b2345
c2345_f06c2345,c2345,f06c2345,23704,60.5,TRUE,63.7107,1.4621,f06c2345
c2345_f06d2345,c2345,f06d2345,23701,60.51,TRUE,353.8607,47.0904,f06d2345
c2345_f07a2345,c2345,f07a2345,14757,75.41,TRUE,6.652,4.9454,f07a2345
c2345_condition_degree_to_grant_or_greater_cod,c2345,condition_degree_to_grant_or_greater_cod,14757,75.41,TRUE,1.1271,0.9517,"Condition, degree to grant or greater, code 0651, GENERAL"
c2345_condition_conditions_code_0721_diagnosis,c2345,condition_conditions_code_0721_diagnosis,14757,75.41,TRUE,90355635.2564,105475780.9836,"Condition, conditions, code 0721, GENERAL, DIAGNOSIS &"
c2345_f08b2345,c2345,f08b2345,8115,86.48,TRUE,15.8717,9.386,f08b2345
c2345_f08c2345,c2345,f08c2345,8115,86.48,TRUE,63.9771,1.532,f08c2345
c2345_f08d2345,c2345,f08d2345,8114,86.48,TRUE,356.6956,52.6916,f08d2345
c2345_f09a2345,c2345,f09a2345,3920,93.47,TRUE,6.8796,5.803,f09a2345
c2345_f09b2345,c2345,f09b2345,3920,93.47,TRUE,15.7179,9.7871,f09b2345
c2345_f09c2345,c2345,f09c2345,3920,93.47,TRUE,63.977,1.923,f09c2345
c2345_f09d2345,c2345,f09d2345,3920,93.47,TRUE,350.6268,60.9272,f09d2345
c2345_f10a2345,c2345,f10a2345,1981,96.7,TRUE,6.9056,6.1126,f10a2345
c2345_f10b2345,c2345,f10b2345,1981,96.7,TRUE,15.9581,10.2149,f10b2345
c2345_f10c2345,c2345,f10c2345,1981,96.7,TRUE,63.8082,1.9591,f10c2345
c2345_f10d2345,c2345,f10d2345,1980,96.7,TRUE,342.8091,56.4096,f10d2345
c2357_f03a2357,c2357,f03a2357,34065,43.24,TRUE,57.0362,5.1615,f03a2357
c2357_f03b2357,c2357,f03b2357,34065,43.24,TRUE,2.465,1.8205,f03b2357
c2357_f03c2357,c2357,f03c2357,34065,43.24,TRUE,14.8764,18.2311,f03c2357
c2357_f03d2357,c2357,f03d2357,34065,43.24,TRUE,31.923,21.6712,f03d2357
c2357_anesthesia_conduction_agent_vial_anesthe,c2357,anesthesia_conduction_agent_vial_anesthe,34065,43.24,TRUE,3.0164,3.3351,"Anesthesia, conduction agent, vial, DELIVERY, ANESTHESIA (REPEATED)"
c2357_f03f2357,c2357,f03f2357,34065,43.24,TRUE,1.9803,0.5028,f03f2357
c2357_f04a2357,c2357,f04a2357,34065,43.24,TRUE,7.7985,19.9299,f04a2357
c2357_conduction_agent_route_mother_anesthesia,c2357,conduction_agent_route_mother_anesthesia,34065,43.24,TRUE,0.554,1.4909,"Conduction agent, route, MOTHER, DELIVERY, ANESTHESIA"
c2357_f04c2357,c2357,f04c2357,34065,43.24,TRUE,1.8478,7.2604,f04c2357
c2357_f04d2357,c2357,f04d2357,34065,43.24,TRUE,4.1255,12.8676,f04d2357
c2357_epidural_total_degree_before_cord_clampi,c2357,epidural_total_degree_before_cord_clampi,34065,43.24,TRUE,53.7075,202.5781,"Epidural, total degree before cord clamping, MOTHER, (REPEATED)"
c2357_conduction_agent_route_total_about_anest,c2357,conduction_agent_route_total_about_anest,34065,43.24,TRUE,0.2653,0.7004,"Conduction agent, route, total about, DELIVERY, ANESTHESIA"
c2357_conduction_agent_vial_route_mother_anest,c2357,conduction_agent_vial_route_mother_anest,34065,43.24,TRUE,27.4115,72.534,"Conduction agent, vial, route, MOTHER, DELIVERY, ANESTHESIA (REPEATED)"
c2357_conduction_agent_vial_time_started_befor,c2357,conduction_agent_vial_time_started_befor,34065,43.24,TRUE,676.3768,5738.1923,"Conduction agent, vial, time started before cord clamping, DELIVERY, ANESTHESIA (REPEATED)"
c2357_conduction_agent_vial_time_started_befor_2,c2357,conduction_agent_vial_time_started_befor_2,34065,43.24,TRUE,559.6895,7370.4933,"Conduction agent, vial, time started before delivery, ANESTHESIA (REPEATED)"
c2357_conduction_agent_route_mother_anesthesia_2,c2357,conduction_agent_route_mother_anesthesia_2,34065,43.24,TRUE,0.0145,0.2826,"Conduction agent, route, MOTHER, DELIVERY, ANESTHESIA (REPEATED)"
c2357_conduction_agent_route_anesthesia_repeat,c2357,conduction_agent_route_anesthesia_repeat,34065,43.24,TRUE,0.1593,3.0918,"Conduction agent, route, DELIVERY, ANESTHESIA (REPEATED)"
c2357_conduction_agent_vial_total_degree_befor,c2357,conduction_agent_vial_total_degree_befor,34065,43.24,TRUE,1.3182,26.6885,"Conduction agent, vial, total degree before cord clamping, MOTHER, DELIVERY, ANESTHESIA (REPEATED)"
c2357_conduction_agent_vial_two_used_anesthesi,c2357,conduction_agent_vial_two_used_anesthesi,34065,43.24,TRUE,0.0124,0.2839,"Conduction agent, vial, two used, DELIVERY, ANESTHESIA (REPEATED)"
c2357_conduction_agent_vial_time_started_befor_3,c2357,conduction_agent_vial_time_started_befor_3,34065,43.24,TRUE,97.6017,2284.7087,"Conduction agent, vial, time started before cord clamping, MOTHER, DELIVERY, ANESTHESIA (REPEATED)"
c2357_conduction_agent_vial_route_mother_anest_2,c2357,conduction_agent_vial_route_mother_anest_2,34065,43.24,TRUE,105.9278,3014.2575,"Conduction agent, vial, route, MOTHER, DELIVERY, ANESTHESIA (REPEATED)"
c2357_f07c2357,c2357,f07c2357,34065,43.24,TRUE,0.0132,0.9598,f07c2357
c2357_f07d2357,c2357,f07d2357,34065,43.24,TRUE,0.0239,1.2273,f07d2357
c2357_conduction_agent_vial_total_degree_befor_2,c2357,conduction_agent_vial_total_degree_befor_2,34065,43.24,TRUE,0.0239,1.394,"Conduction agent, vial, total degree before cord clamping, MOTHER, DELIVERY, ANESTHESIA (REPEATED)"
c2357_anesthetic_allowed_level_prior_mother_an,c2357,anesthetic_allowed_level_prior_mother_an,34065,43.24,TRUE,54.7931,45.58,"Anesthetic allowed level prior, MOTHER, DELIVERY, ANESTHESIA (REPEATED FROM ABOVE)"
c2357_anesthetic_allowed_level_prior_continuou,c2357,anesthetic_allowed_level_prior_continuou,60016,0,FALSE,"","","Anesthetic allowed level prior, continuous, DELIVERY"
c1351_nindb_case_grade_type_admission,c1351,nindb_case_grade_type_admission,33384,44.37,TRUE,0.2637,0.4574,"NINDB case grade (type), ADMISSION, PHYSICAL EXAM"
c1351_pediatric_admission,c1351,pediatric_admission,33384,44.37,TRUE,687.0199,369.6315,"Pediatric, ADMISSION, PHYSICAL EXAM"
c1351_delivery,c1351,delivery,60016,0,FALSE,"","","Delivery, DELIVERY, PROCEDURE, EVENT"
c1351_pediatric_admission_2,c1351,pediatric_admission_2,33384,44.37,TRUE,6392.5722,128.6698,"Pediatric, ADMISSION, PHYSICAL EXAM"
c1351_pediatric_admission_3,c1351,pediatric_admission_3,33384,44.37,TRUE,48522.5964,41510.2413,"Pediatric, ADMISSION, PHYSICAL EXAM"
c2351_form_code_admission,c2351,form_code_admission,33384,44.37,TRUE,68.2796,36.9548,"Form code, ADMISSION"
c2351_neurology_admission,c2351,neurology_admission,33384,44.37,TRUE,51004.2973,28699.5872,"Neurology, ADMISSION, PHYSICAL EXAM"
c2351_neurology_pediatric_admission,c2351,neurology_pediatric_admission,33384,44.37,TRUE,8470071.6039,27756779.5438,"Neurology, pediatric, ADMISSION, PHYSICAL EXAM"
c2351_neurology_examination_admission,c2351,neurology_examination_admission,33384,44.37,TRUE,189.7468,1356.6018,"Neurology, examination, ADMISSION, PHYSICAL EXAM"
c2351_neurology_admission_2,c2351,neurology_admission_2,33384,44.37,TRUE,1826076.7702,13163807.0979,"Neurology, ADMISSION, PHYSICAL EXAM"
c2351_neurology_summary_admission_neurological,c2351,neurology_summary_admission_neurological,33384,44.37,TRUE,34607.2129,42603.5334,"Neurology, summary, ADMISSION, NEUROLOGICAL EXAMINATION"
c2351_neurology_admission_3,c2351,neurology_admission_3,33384,44.37,TRUE,75276739.8495,42322466.659,"Neurology, ADMISSION, PHYSICAL EXAM"
c2351_neurology_admission_4,c2351,neurology_admission_4,33384,44.37,TRUE,5198964.806,20811196.8079,"Neurology, ADMISSION, PHYSICAL EXAM"
c2351_neurology_admission_5,c2351,neurology_admission_5,33384,44.37,TRUE,5.0791,21.7798,"Neurology, ADMISSION, PHYSICAL EXAM"
c3351_neurology_continued_admission,c3351,neurology_continued_admission,60016,0,FALSE,"","","Neurology, continued, ADMISSION, PHYSICAL EXAM"
c3351_clinical_lab,c3351,clinical_lab,60016,0,FALSE,"","","Clinical lab, PRENATAL, CLINICAL LAB (REPEATED FROM ABOVE)"
c0358_v1_date_delivered,c0358_v1,date_delivered,33252,44.59,TRUE,68672.6894,37111.552,Date Delivered
c0358_v1_date_discharged,c0358_v1,date_discharged,33252,44.59,TRUE,72813.8817,71521.2912,Date Discharged
c0358_v1_readmission_code,c0358_v1,readmission_code,33252,44.59,TRUE,0.008,0.0909,Readmission Code
c0358_v1_post_partum_examination,c0358_v1,post_partum_examination,33252,44.59,TRUE,0.7012,0.4781,Post-Partum Examination
c0358_v1_total_number_of_examinations,c0358_v1,total_number_of_examinations,33252,44.59,TRUE,6.1235,2.0061,Total Number of Examinations
c0358_v1_visit_number,c0358_v1,visit_number,33252,44.59,TRUE,1.0463,0.509,Visit Number
c0358_v1_readmission_number,c0358_v1,readmission_number,33252,44.59,TRUE,0.0363,0.5379,Readmission Number
c0358_v1_date_of_visit,c0358_v1,date_of_visit,33252,44.59,TRUE,68234.373,34972.4496,Date of Visit
c0358_v1_bp_highest_diastolic_systolic,c0358_v1,bp_highest_diastolic_systolic,33252,44.59,TRUE,146.8928,144.2445,BP Highest Diastolic Systolic
c0358_v1_bp_highest_diastolic_diastolic,c0358_v1,bp_highest_diastolic_diastolic,33252,44.59,TRUE,105.8968,151.7297,BP Highest Diastolic Diastolic
c0358_v1_bp_lowest_diastolic_systolic,c0358_v1,bp_lowest_diastolic_systolic,33252,44.59,TRUE,318.5489,375.5853,BP Lowest Diastolic Systolic
c0358_v1_bp_lowest_diastolic_diastolic,c0358_v1,bp_lowest_diastolic_diastolic,33252,44.59,TRUE,285.2134,394.8211,BP Lowest Diastolic Diastolic
c0358_v1_highest_temperature,c0358_v1,highest_temperature,33252,44.59,TRUE,1992.2581,2832.3005,Highest Temperature
c0358_v1_weight_attire,c0358_v1,weight_attire,33252,44.59,TRUE,8.6859,1.6501,Weight Attire
c0358_v1_weight_pounds,c0358_v1,weight_pounds,33252,44.59,TRUE,967.206,162.1117,Weight Pounds
c0358_v1_transfusion_response,c0358_v1,transfusion_response,32549,45.77,TRUE,0.1532,1.0745,Transfusion Response
c0358_v1_transfusion_date,c0358_v1,transfusion_date,32549,45.77,TRUE,15718.1197,118530.0402,Transfusion Date
c2355_delivery,c2355,delivery,33202,44.68,TRUE,0.0115,0.1107,"Delivery, EVENT"
c2355_delivery_2,c2355,delivery_2,33202,44.68,TRUE,5708894288.9154,15431600698.0974,"Delivery, ADMINISTRATIVE (REPEATED FROM ABOVE)"
c2355_intrapartum_condition_intrapartum,c2355,intrapartum_condition_intrapartum,60016,0,FALSE,"","","Intrapartum, condition, INTRAPARTUM, EVENT"
c2355_delivery_labor,c2355,delivery_labor,33202,44.68,TRUE,456137305526.855,1077654211269.91,"Delivery, labor, DELIVERY, EVENT"
c2355_intrapartum,c2355,intrapartum,60016,0,FALSE,"","","Intrapartum, CLINICAL LAB (REPEATED FROM ABOVE)"
c2355_delivery_station,c2355,delivery_station,33202,44.68,TRUE,4315.2449,62296.526,"Delivery, station, DELIVERY, EVENT"
c2355_intrapartum_reactions:_persistent_increa,c2355,intrapartum_reactions:_persistent_increa,33202,44.68,TRUE,0.0374,0.56,"Intrapartum, reactions: persistent increased uterine tone, MOTHER, INTRAPARTUM"
c2355_intrapartum_significance_mother_intrapar,c2355,intrapartum_significance_mother_intrapar,33202,44.68,TRUE,0.0424,0.5641,"Intrapartum, significance, MOTHER, INTRAPARTUM"
c2355_conditions_of_cord_mother_intrapartum,c2355,conditions_of_cord_mother_intrapartum,33202,44.68,TRUE,0.0397,0.5619,"Conditions of cord, MOTHER, INTRAPARTUM"
c2355_intrapartum_reactions_mother_intrapartum,c2355,intrapartum_reactions_mother_intrapartum,33202,44.68,TRUE,0.0364,0.5592,"Intrapartum, reactions, MOTHER, INTRAPARTUM"
c2355_new_visual_impression_mother_intrapartum,c2355,new_visual_impression_mother_intrapartum,33202,44.68,TRUE,0.0591,0.5503,"New visual impression, MOTHER, INTRAPARTUM, DIAGNOSIS & CONDITIONS"
c2355_intrapartum_new_mother_intrapartum,c2355,intrapartum_new_mother_intrapartum,33202,44.68,TRUE,0.0597,0.5508,"Intrapartum, new, MOTHER, INTRAPARTUM"
c2355_delivery_intrapartum_observations,c2355,delivery_intrapartum_observations,33202,44.68,TRUE,64162961357.2853,606940906726.897,"Delivery, INTRAPARTUM, OBSERVATIONS (REPEATED FROM ABOVE)"
c2355_induction:_prolonged_membranes_mother_in,c2355,induction:_prolonged_membranes_mother_in,33202,44.68,TRUE,0.0408,0.5351,"Induction: prolonged membranes, MOTHER, INTRAPARTUM"
c2355_induction:_postdated_mother_intrapartum,c2355,induction:_postdated_mother_intrapartum,33202,44.68,TRUE,0.0317,0.5271,"Induction: postdated, MOTHER, INTRAPARTUM"
c2355_induction:_toxemia_mother_intrapartum_in,c2355,induction:_toxemia_mother_intrapartum_in,33202,44.68,TRUE,0.0362,0.5312,"Induction: toxemia, MOTHER, INTRAPARTUM, INTRAPARTUM"
c2355_induction:_cosmetic_mother_intrapartum,c2355,induction:_cosmetic_mother_intrapartum,33202,44.68,TRUE,0.0343,0.5295,"Induction: cosmetic, MOTHER, INTRAPARTUM"
c2355_induction:_abruptio_placenta_mother_intr,c2355,induction:_abruptio_placenta_mother_intr,33202,44.68,TRUE,0.0314,0.5269,"Induction: abruptio placenta, MOTHER, INTRAPARTUM"
c2355_induction:_placenta_previa_mother_intrap,c2355,induction:_placenta_previa_mother_intrap,33202,44.68,TRUE,0.0318,0.5272,"Induction: placenta previa, MOTHER, INTRAPARTUM"
c2355_induction:_fetal_distress_mother_intrapa,c2355,induction:_fetal_distress_mother_intrapa,33202,44.68,TRUE,0.0404,0.5347,"Induction: fetal distress, MOTHER, INTRAPARTUM"
c2355_induction:_dystocia_malposition_mother_i,c2355,induction:_dystocia_malposition_mother_i,33202,44.68,TRUE,0.1244,0.604,"Induction: dystocia/malposition, MOTHER, INTRAPARTUM, INTRAPARTUM"
c2355_induction:_elective_intrapartum,c2355,induction:_elective_intrapartum,33202,44.68,TRUE,0.0767,0.5716,"Induction: elective, INTRAPARTUM"
c2355_induction:_infection_mother_intrapartum,c2355,induction:_infection_mother_intrapartum,33202,44.68,TRUE,0.0412,0.5435,"Induction: infection, MOTHER, INTRAPARTUM, DIAGNOSIS & CONDITIONS"
c2355_induction:_other_mother_intrapartum,c2355,induction:_other_mother_intrapartum,33202,44.68,TRUE,0.0345,0.5378,"Induction: other, MOTHER, INTRAPARTUM"
c2355_augment:_registered_mother_intrapartum,c2355,augment:_registered_mother_intrapartum,33202,44.68,TRUE,0.0367,0.5396,"Augment: registered, MOTHER, INTRAPARTUM"
c2355_augment:_response_to_oxytocin_intrapartu,c2355,augment:_response_to_oxytocin_intrapartu,33202,44.68,TRUE,0.0344,0.5377,"Augment: response to oxytocin, INTRAPARTUM"
c2355_contractions_intrapartum_observations,c2355,contractions_intrapartum_observations,33202,44.68,TRUE,38044825497.1884,596973932629.675,"Contractions, INTRAPARTUM, OBSERVATIONS (REPEATED FROM ABOVE)"
c2355_augment:_response_to_amniotomy_mother_in,c2355,augment:_response_to_amniotomy_mother_in,33202,44.68,TRUE,0.0324,0.5359,"Augment: response to amniotomy, MOTHER, INTRAPARTUM"
c2355_conditions:_infection:_malposition_mothe,c2355,conditions:_infection:_malposition_mothe,33202,44.68,TRUE,0.0341,0.5375,"Conditions: infection: malposition, MOTHER, INTRAPARTUM"
c2355_intrapartum_diagnosis_indication_labor_a,c2355,intrapartum_diagnosis_indication_labor_a,33202,44.68,TRUE,0.0647,0.5625,"Intrapartum diagnosis indication labor, arrested prolonged, MOTHER, INTRAPARTUM, DIAGNOSIS & CONDITIONS"
c2355_intrapartum_diagnosis_indication_labor_m,c2355,intrapartum_diagnosis_indication_labor_m,33202,44.68,TRUE,5.5762,61.2011,"Intrapartum diagnosis indication labor, MOTHER, INTRAPARTUM, DIAGNOSIS & CONDITIONS"
c2355_precipitant_infection_onset_mother_intra,c2355,precipitant_infection_onset_mother_intra,33202,44.68,TRUE,0.0325,0.5299,"Precipitant infection, onset, MOTHER, INTRAPARTUM, DIAGNOSIS & CONDITIONS"
c2355_intrapartum_diagnosis_other_flukey_mothe,c2355,intrapartum_diagnosis_other_flukey_mothe,33202,44.68,TRUE,1393.2188,7539.6297,"Intrapartum diagnosis, other, flukey, MOTHER, INTRAPARTUM, DIAGNOSIS & CONDITIONS"
c2355_contractions_continued_intrapartum_obser,c2355,contractions_continued_intrapartum_obser,33197,44.69,TRUE,1281.2157,134437.0912,"Contractions, continued, INTRAPARTUM, OBSERVATIONS (REPEATED FROM ABOVE)"
c1355_administrative,c1355,administrative,33200,44.68,TRUE,0.0113,0.1078,"ADMINISTRATIVE, DELIVERY, EVENT"
c1355_delivery_2,c1355,delivery_2,33200,44.68,TRUE,7995382433.8347,11352224367.7446,"Delivery, DELIVERY, EVENT"
c1355_protection_labor_intrapartum,c1355,protection_labor_intrapartum,60016,0,FALSE,"","","Protection, labor, DELIVERY, INTRAPARTUM, PROCEDURE"
c1355_medications_mother_intrapartum_medicatio,c1355,medications_mother_intrapartum_medicatio,60016,0,FALSE,"","","Medications, DELIVERY, MOTHER, INTRAPARTUM, MEDICATIONS"
c1355_delivery_labor_and_delivery_summary,c1355,delivery_labor_and_delivery_summary,60016,0,FALSE,"","","Delivery, labor and delivery summary, DELIVERY, EVENT (REPEATED FROM ABOVE)"
c1355_medications_continued_intrapartum_medica,c1355,medications_continued_intrapartum_medica,33200,44.68,TRUE,33295330449032.3,27374961923057.8,"Medications, continued, DELIVERY, INTRAPARTUM, MEDICATIONS"
c1355_medications,c1355,medications,33200,44.68,TRUE,164811.2407,1092904.8801,"Medications, PROCEDURE"
c1355_medications_notes_intrapartum_observatio,c1355,medications_notes_intrapartum_observatio,33200,44.68,TRUE,6538644759313.26,1361263362576.42,"Medications, notes, INTRAPARTUM, OBSERVATIONS"
c1355_medications_continued_mother_intrapartum,c1355,medications_continued_mother_intrapartum,60016,0,FALSE,"","","Medications, continued, MOTHER, INTRAPARTUM, OBSERVATIONS"
c7355_f2_7355_fetus_number,c7355,f2_7355_fetus_number,33175,44.72,TRUE,0.0117,0.1139,F2_7355_Fetus number
c7355_f3a_other_proced_external_version,c7355,f3a_other_proced_external_version,33175,44.72,TRUE,0.0611,0.7224,F3a_Other proced_external version
c7355_f3b_other_proced_blood_admin,c7355,f3b_other_proced_blood_admin,33175,44.72,TRUE,0.0727,0.7293,F3b_Other proced_blood admin
c7355_f3c_other_proced_abdominal_amnio,c7355,f3c_other_proced_abdominal_amnio,33175,44.72,TRUE,0.0665,0.7256,F3c_Other proced_abdominal amnio
c7355_f3d_other_proced_attempt_inhibit_labor,c7355,f3d_other_proced_attempt_inhibit_labor,33175,44.72,TRUE,0.0723,0.7291,F3d_Other proced_attempt inhibit labor
c7355_f3e_other_proced_maternal_oxygen,c7355,f3e_other_proced_maternal_oxygen,33175,44.72,TRUE,0.1541,0.7712,F3e_Other proced_maternal oxygen
c7355_blood_transfusion,c7355,blood_transfusion,33175,44.72,TRUE,0.187,1.1098,""
c7355_f3g_other_proced_other_2nd,c7355,f3g_other_proced_other_2nd,33175,44.72,TRUE,0.0634,0.7397,F3g_Other proced_other_2nd
c7355_f3h_other_proced_other_further,c7355,f3h_other_proced_other_further,33175,44.72,TRUE,0.0582,0.7206,F3h_Other proced_other_further
c7355_f4a_other_complic_intrapartum_shock,c7355,f4a_other_complic_intrapartum_shock,33175,44.72,TRUE,0.0664,0.7448,F4a_Other complic_intrapartum shock
c7355_f4b_other_complic_shoulder_dystocia,c7355,f4b_other_complic_shoulder_dystocia,33175,44.72,TRUE,0.068,0.7457,F4b_Other complic_shoulder dystocia
c7355_f4c_other_complic_intrapartum_fever,c7355,f4c_other_complic_intrapartum_fever,33175,44.72,TRUE,0.0786,0.7517,F4c_Other complic_intrapartum fever
c7355_f4d_other_complic_coagulation_defect,c7355,f4d_other_complic_coagulation_defect,33175,44.72,TRUE,0.0623,0.7424,F4d_Other complic_coagulation defect
c7355_f4e_other_complic_polydramnics,c7355,f4e_other_complic_polydramnics,33175,44.72,TRUE,0.0861,0.7559,F4e_Other complic_polydramnics
c7355_f4g_other_complic_other_1st,c7355,f4g_other_complic_other_1st,33175,44.72,TRUE,0.3816,1.453,F4g_Other complic_other_1st
c7355_f4h_other_complic_other_2nd,c7355,f4h_other_complic_other_2nd,33175,44.72,TRUE,0.0692,0.7712,F4h_Other complic_other_2nd
c7355_f4i_other_complic_other_further,c7355,f4i_other_complic_other_further,33175,44.72,TRUE,0.0616,0.742,F4i_Other complic_Other_further
c7355_f5_wks_of_gestation,c7355,f5_wks_of_gestation,33175,44.72,TRUE,41.0892,10.5829,F5_Wks of gestation
c7355_f6_liveborn,c7355,f6_liveborn,33175,44.72,TRUE,1.0156,0.1367,F6_Liveborn
c7355_f7_place_term_of_preg,c7355,f7_place_term_of_preg,33175,44.72,TRUE,0.0298,0.2202,F7_Place term of preg
c6355_f2_6355_fetus_number,c6355,f2_6355_fetus_number,33174,44.72,TRUE,0.0119,0.1149,F2_6355_Fetus number
c6355_f3_delivery_of_placenta,c6355,f3_delivery_of_placenta,33174,44.72,TRUE,0.2322,0.7865,F3_Delivery of placenta
c6355_f4_condition_of_placenta,c6355,f4_condition_of_placenta,33174,44.72,TRUE,1.0887,0.721,F4_Condition of placenta
c6355_f5a_oxytocic_placenta_iv,c6355,f5a_oxytocic_placenta_iv,33174,44.72,TRUE,0.3664,0.9342,F5a_Oxytocic placenta_IV
c6355_f5a_oxytocic_placenta_im,c6355,f5a_oxytocic_placenta_im,33174,44.72,TRUE,0.15,0.8685,F5a_Oxytocic placenta_IM
c6355_f6_umbilical_cord,c6355,f6_umbilical_cord,33174,44.72,TRUE,1.2055,1.167,F6_Umbilical cord
c6355_f8_when_first_noted,c6355,f8_when_first_noted,33174,44.72,TRUE,0.0748,0.769,F8_When first noted
c6355_f9a_trt_prior_delivery_replacement,c6355,f9a_trt_prior_delivery_replacement,33174,44.72,TRUE,0.0483,0.6525,F9a_Trt prior delivery_replacement
c6355_f9b_trt_prior_delivery_displacement,c6355,f9b_trt_prior_delivery_displacement,33174,44.72,TRUE,0.0491,0.6531,F9b_Trt prior delivery_displacement
c6355_f9c_trt_prior_delivery_knee_chest,c6355,f9c_trt_prior_delivery_knee_chest,33174,44.72,TRUE,0.048,0.6523,F9c_Trt prior delivery_knee-chest
c6355_f9d_trt_prior_delivery_trendelenburg,c6355,f9d_trt_prior_delivery_trendelenburg,33174,44.72,TRUE,0.0492,0.6532,F9d_Trt prior delivery_trendelenburg
c6355_f9e_trt_prior_delivery_maternal_oxygen,c6355,f9e_trt_prior_delivery_maternal_oxygen,33174,44.72,TRUE,0.0503,0.6556,F9e_Trt prior delivery_maternal oxygen
c6355_f9f_trt_prior_delivery_other,c6355,f9f_trt_prior_delivery_other,33174,44.72,TRUE,0.0479,0.6539,F9f_Trt prior delivery_other
c6355_f10a_cord_pathology_around_neck_tight,c6355,f10a_cord_pathology_around_neck_tight,33174,44.72,TRUE,0.1945,1.0169,F10a_Cord pathology_around neck tight
c6355_f10b_cord_pathology_around_neck_loose,c6355,f10b_cord_pathology_around_neck_loose,33174,44.72,TRUE,0.3087,1.0496,F10b_Cord pathology_around neck loose
c6355_f10e_cord_pathology_velamentous_insert,c6355,f10e_cord_pathology_velamentous_insert,33174,44.72,TRUE,0.1063,0.9523,F10e_Cord pathology_velamentous insert
c6355_f10f_cord_pathology_varices,c6355,f10f_cord_pathology_varices,33174,44.72,TRUE,0.1018,0.9503,F10f_Cord pathology_varices
c6355_prolapsed_cord,c6355,prolapsed_cord,33174,44.72,TRUE,0.1026,0.9507,Prolapsed Cord
c6355_f10h_cord_pathology_other_pathology,c6355,f10h_cord_pathology_other_pathology,33174,44.72,TRUE,0.1045,0.9515,F10h_Cord pathology_other pathology
c6355_f11_episiotomy,c6355,f11_episiotomy,33174,44.72,TRUE,0.9614,0.9101,F11_Episiotomy
c6355_f14a_other_placenta_marginal_sinus_rup,c6355,f14a_other_placenta_marginal_sinus_rup,33174,44.72,TRUE,0.0694,0.7244,F14a_Other placenta_marginal sinus rup
c6355_f14b_other_placenta_retained_placenta,c6355,f14b_other_placenta_retained_placenta,33174,44.72,TRUE,0.0623,0.7201,F14b_Other placenta_retained placenta
c6355_f14c_other_placenta_other,c6355,f14c_other_placenta_other,33174,44.72,TRUE,0.1599,0.8442,F14c_ Other placenta_Other
c6355_f15_placental_weight,c6355,f15_placental_weight,33174,44.72,TRUE,917.5273,180.2647,F15_Placental weight
c6355_cord_pathology,c6355,cord_pathology,33174,44.72,TRUE,7.7242,2.8688,""
c6355_cord_pathology_,c6355,cord_pathology_,33174,44.72,TRUE,0.7938,2.5487,""
c6355_f16_estimated_bleeding_before_cord_clamp,c6355,f16_estimated_bleeding_before_cord_clamp,33174,44.72,TRUE,924.3882,2818.7149,F16_Estimated bleeding before cord clamp
c6355_cord_pathology_:_2,c6355,cord_pathology_:_2,33174,44.72,TRUE,1.1926,2.5549,Cord Pathology :
c6355_f17a_cause_bleeding_unknown,c6355,f17a_cause_bleeding_unknown,33174,44.72,TRUE,1.0036,2.8221,F17a_Cause bleeding_unknown
c6355_f17b_cause_bleeding_placenta_previa,c6355,f17b_cause_bleeding_placenta_previa,33174,44.72,TRUE,0.9991,2.8206,F17b_Cause bleeding_placenta previa
c6355_f17c_cause_bleeding_abruptio_placenta,c6355,f17c_cause_bleeding_abruptio_placenta,33174,44.72,TRUE,1.0086,2.8189,F17c_Cause bleeding_abruptio placenta
c6355_f17d_cause_bleeding_marginal_sinus_rup,c6355,f17d_cause_bleeding_marginal_sinus_rup,33174,44.72,TRUE,1.0055,2.8194,F17d_Cause bleeding_marginal sinus rup
c6355_f17e_cause_bleeding_episiotomy,c6355,f17e_cause_bleeding_episiotomy,33174,44.72,TRUE,1.5345,2.671,F17e_Cause bleeding_episiotomy
c6355_f17f_cause_bleeding_lacerations,c6355,f17f_cause_bleeding_lacerations,33174,44.72,TRUE,1.0531,2.8105,F17f_Cause bleeding_lacerations
c6355_f17g_cause_bleeding_other,c6355,f17g_cause_bleeding_other,33174,44.72,TRUE,1.0997,2.8179,F17g_Cause bleeding_other
c6355_f18_estimated_bleeding_after_cord_clamp,c6355,f18_estimated_bleeding_after_cord_clamp,33174,44.72,TRUE,570.5436,1888.8815,F18_Estimated bleeding after cord clamp
c6355_f19a_cause_bleeding_uterine_atomy,c6355,f19a_cause_bleeding_uterine_atomy,33174,44.72,TRUE,0.3431,1.6893,F19a_Cause bleeding_uterine atomy
c6355_f19b_cause_bleeding_episiotomy,c6355,f19b_cause_bleeding_episiotomy,33174,44.72,TRUE,0.336,1.6886,F19b_Cause bleeding_episiotomy
c6355_f19c_cause_bleeding_lacerations,c6355,f19c_cause_bleeding_lacerations,33174,44.72,TRUE,0.3341,1.6885,F19c_Cause bleeding_lacerations
c6355_f19d_cause_bleeding_retained_secund,c6355,f19d_cause_bleeding_retained_secund,33174,44.72,TRUE,0.3316,1.6882,F19d_Cause bleeding_retained secund
c6355_f19e_cause_bleeding_other,c6355,f19e_cause_bleeding_other,33174,44.72,TRUE,0.3474,1.6934,F19e_Cause bleeding_other
c6355_f20_chronic_hypertensive_disease,c6355,f20_chronic_hypertensive_disease,33174,44.72,TRUE,0.5405,1.8758,F20_Chronic hypertensive disease
c6355_f22_transient_intrapartum,c6355,f22_transient_intrapartum,33174,44.72,TRUE,0.2395,0.8802,F22_Transient intrapartum
c6355_f23a_fetal_cond_intrauterine_death,c6355,f23a_fetal_cond_intrauterine_death,33174,44.72,TRUE,0.0905,0.7976,F23a_Fetal cond_intrauterine death
c6355_f23b_fetal_cond_abnormal_heart_rate,c6355,f23b_fetal_cond_abnormal_heart_rate,33174,44.72,TRUE,0.2875,0.8696,F23b_Fetal cond_abnormal heart rate
c6355_f23c_fetal_cond_abnormal_heart_rhythm,c6355,f23c_fetal_cond_abnormal_heart_rhythm,33174,44.72,TRUE,0.1171,0.8078,F23c_Fetal cond_abnormal heart rhythm
c6355_f23d_fetal_cond_meconium,c6355,f23d_fetal_cond_meconium,33174,44.72,TRUE,0.2657,0.8526,F23d_Fetal cond_meconium
c6355_f23b_other_not_perineal,c6355,f23b_other_not_perineal,33174,44.72,TRUE,0.3302,1.148,F23b_Other_not perineal
c5345_f3a_month,c5345,f3a_month,32862,45.24,TRUE,91.3167,25.5355,F3a_Month
c5345_f3b_day,c5345,f3b_day,32862,45.24,TRUE,92.1077,23.0732,F3b_Day
c5345_f3c_year,c5345,f3c_year,32862,45.24,TRUE,95.9698,10.0752,F3c_Year
c5345_f4_method,c5345,f4_method,32862,45.24,TRUE,8.5275,1.8286,F4_Method
c5345_f5_caldwell_moley_classification,c5345,f5_caldwell_moley_classification,32862,45.24,TRUE,95.3856,16.2044,F5_Caldwell-Moley classification
c5345_f6a_measurement_inlet_ap,c5345,f6a_measurement_inlet_ap,32862,45.24,TRUE,925.5167,243.9599,F6a_Measurement_inlet AP
c5345_f6b_measurement_inlet_trans,c5345,f6b_measurement_inlet_trans,32862,45.24,TRUE,927.1185,240.2252,F6b_Measurement_inlet Trans
c5345_f7a_measurement_mid_pelvis_ap,c5345,f7a_measurement_mid_pelvis_ap,32862,45.24,TRUE,942.2079,215.75,F7a_Measurement_mid pelvis AP
c5345_f7b_measurement_mid_pelvis_trans,c5345,f7b_measurement_mid_pelvis_trans,32862,45.24,TRUE,930.935,237.3746,F7b_Measurement_mid pelvis Trans
c5345_f7c_measurement_mid_pelvis_post_sag,c5345,f7c_measurement_mid_pelvis_post_sag,32862,45.24,TRUE,946.778,216.3084,F7c_Measurement_mid pelvis post sag
c5345_f8a_measurement_outlet_ap,c5345,f8a_measurement_outlet_ap,32862,45.24,TRUE,972.4689,151.299,F8a_Measurement_outlet AP
c5345_f8a_measurement_outlet_trans,c5345,f8a_measurement_outlet_trans,32862,45.24,TRUE,966.6648,166.6096,F8a_Measurement_outlet Trans
c5345_condition_degree_to_grant_or_greater_cod,c5345,condition_degree_to_grant_or_greater_cod,32862,45.24,TRUE,8.5458,1.9622,"Condition, degree to grant or greater, code 0651, GENERAL"
c5345_condition_conditions_code_0721_diagnosis,c5345,condition_conditions_code_0721_diagnosis,32862,45.24,TRUE,952235154.0164,202361163.961,"Condition, conditions, code 0721, GENERAL, DIAGNOSIS &"
c5345_f10b_test_series_day,c5345,f10b_test_series_day,32862,45.24,TRUE,93.2233,21.2618,F10b_Test series_day
c5345_f10c_test_series_year,c5345,f10c_test_series_year,32862,45.24,TRUE,96.544,8.9892,F10c_Test series_year
c5345_f10d_test_series_type,c5345,f10d_test_series_type,32862,45.24,TRUE,8.6109,1.5688,F10d_Test series_type
c5345_f10e_test_series_number_of_days,c5345,f10e_test_series_number_of_days,32862,45.24,TRUE,8.671,1.3459,F10e_Test series_number of days
c4345_f03_4345,c4345,f03_4345,31955,46.76,TRUE,9e-04,0.0354,f03_4345
c4345_f04a4345,c4345,f04a4345,31955,46.76,TRUE,6.8178,7.0498,f04a4345
c4345_f04b4345,c4345,f04b4345,31955,46.76,TRUE,63.3385,2.0772,f04b4345
c4345_f04c4345,c4345,f04c4345,31955,46.76,TRUE,1.7962,1.7655,f04c4345
c4345_f04d4345,c4345,f04d4345,31955,46.76,TRUE,3.4868,3.0342,f04d4345
c4345_f04e4345,c4345,f04e4345,31955,46.76,TRUE,2.4769,3.9288,f04e4345
c4345_f04f4345,c4345,f04f4345,31955,46.76,TRUE,3.0444,3.9323,f04f4345
c4345_f04h4345,c4345,f04h4345,31955,46.76,TRUE,2.805,2.7562,f04h4345
c4345_f04i4345,c4345,f04i4345,31955,46.76,TRUE,3.1076,4.2481,f04i4345
c4345_f04j4345,c4345,f04j4345,31955,46.76,TRUE,3.9467,4.1099,f04j4345
c4345_f05a4345,c4345,f05a4345,19720,67.14,TRUE,7.1662,7.5958,f05a4345
c4345_f05b4345,c4345,f05b4345,19720,67.14,TRUE,63.7222,2.1129,f05b4345
c4345_f05c4345,c4345,f05c4345,19719,67.14,TRUE,2.3714,1.7508,f05c4345
c4345_f05d4345,c4345,f05d4345,19720,67.14,TRUE,2.6278,2.4112,f05d4345
c4345_f05e4345,c4345,f05e4345,19720,67.14,TRUE,1.4838,3.1736,f05e4345
c4345_f05f4345,c4345,f05f4345,19720,67.14,TRUE,2.3613,3.3271,f05f4345
c4345_f05g4345,c4345,f05g4345,19720,67.14,TRUE,5.1435,4.324,f05g4345
c4345_f05h4345,c4345,f05h4345,19718,67.15,TRUE,3.8086,3.2552,f05h4345
c4345_vaginal_bleeding,c4345,vaginal_bleeding,19717,67.15,TRUE,3.8593,4.3962,Vaginal Bleeding
c4345_f05j4345,c4345,f05j4345,19713,67.15,TRUE,4.5926,4.2192,f05j4345
c4345_f06a4345,c4345,f06a4345,8162,86.4,TRUE,7.2075,7.6581,f06a4345
c4345_f06b4345,c4345,f06b4345,8162,86.4,TRUE,63.7768,2.1502,f06b4345
c4345_f06c4345,c4345,f06c4345,8161,86.4,TRUE,2.4229,1.8483,f06c4345
c4345_f06d4345,c4345,f06d4345,8162,86.4,TRUE,2.6371,2.4837,f06d4345
c4345_f06e4345,c4345,f06e4345,8162,86.4,TRUE,1.8587,3.4284,f06e4345
c4345_f06f4345,c4345,f06f4345,8162,86.4,TRUE,2.2657,3.2549,f06f4345
c4345_f06g4345,c4345,f06g4345,8162,86.4,TRUE,5.4406,4.2898,f06g4345
c4345_f06h4345,c4345,f06h4345,8162,86.4,TRUE,4.0603,3.3493,f06h4345
c4345_f06i4345,c4345,f06i4345,8161,86.4,TRUE,4.2256,4.4379,f06i4345
c4345_f06j4345,c4345,f06j4345,8160,86.4,TRUE,4.8005,4.2266,f06j4345
c4345_f07a4345,c4345,f07a4345,3667,93.89,TRUE,7.3829,8.6138,f07a4345
c4345_f07b4345,c4345,f07b4345,3667,93.89,TRUE,63.8816,2.8547,f07b4345
c4345_f07c4345,c4345,f07c4345,3667,93.89,TRUE,2.5653,2.166,f07c4345
c4345_f07d4345,c4345,f07d4345,3667,93.89,TRUE,2.8623,2.7494,f07d4345
c4345_f07e4345,c4345,f07e4345,3666,93.89,TRUE,2.4255,3.7204,f07e4345
c4345_f07f4345,c4345,f07f4345,3665,93.89,TRUE,2.3787,3.2782,f07f4345
c4345_f07g4345,c4345,f07g4345,3667,93.89,TRUE,5.6946,4.2437,f07g4345
c4345_f07h4345,c4345,f07h4345,3667,93.89,TRUE,4.4974,3.5235,f07h4345
c4345_f07i4345,c4345,f07i4345,3666,93.89,TRUE,4.7335,4.4438,f07i4345
c4345_f07j4345,c4345,f07j4345,3665,93.89,TRUE,5.2568,4.2009,f07j4345
c4345_f08a4345,c4345,f08a4345,1897,96.84,TRUE,7.2699,7.8029,f08a4345
c4345_f08b4345,c4345,f08b4345,1897,96.84,TRUE,63.7939,2.1552,f08b4345
c4345_f08c4345,c4345,f08c4345,1897,96.84,TRUE,2.7443,2.4515,f08c4345
c4345_f08d4345,c4345,f08d4345,1897,96.84,TRUE,3.0253,2.93,f08d4345
c4345_f08e4345,c4345,f08e4345,1896,96.84,TRUE,3.0179,3.8866,f08e4345
c4345_f08f4345,c4345,f08f4345,1896,96.84,TRUE,2.5301,3.3567,f08f4345
c4345_f08g4345,c4345,f08g4345,1896,96.84,TRUE,5.9752,4.1745,f08g4345
c4345_f08h4345,c4345,f08h4345,1896,96.84,TRUE,4.8449,3.5974,f08h4345
c4345_f08i4345,c4345,f08i4345,1896,96.84,TRUE,5.1899,4.4036,f08i4345
c4345_f08j4345,c4345,f08j4345,1896,96.84,TRUE,5.5195,4.1583,f08j4345
c0342_collaborative_study,c0342,collaborative_study,31313,47.83,TRUE,0.2723,0.4654,"Collaborative study, REGISTRATION, MEDICAL HISTORY"
c0342_form_code_mother_intrapartum,c0342,form_code_mother_intrapartum,31313,47.83,TRUE,690.2345,372.3903,"Form code, MOTHER, INTRAPARTUM, PROCEDURE"
c0342_mother_drug_item_intrapartum_medications,c0342,mother_drug_item_intrapartum_medications,60016,0,FALSE,"","","Mother, drug item, INTRAPARTUM, MEDICATIONS (REPEATED FROM ABOVE)"
c0342_change_of_address_mother,c0342,change_of_address_mother,31313,47.83,TRUE,4185581.1392,2979305.1857,"Change of address, MOTHER, REGISTRATION, MEDICAL HISTORY"
c0342_procedure_mother_intrapartum_continued_m,c0342,procedure_mother_intrapartum_continued_m,60016,0,FALSE,"","","Procedure, mother, intrapartum continued, MOTHER, INTRAPARTUM, PROCEDURE"
c0342_childhood_diseases_mother,c0342,childhood_diseases_mother,31313,47.83,TRUE,57.3358,82.7946,"Childhood diseases, MOTHER, REGISTRATION, MEDICAL HISTORY"
c0342_chronic_diseases_mother,c0342,chronic_diseases_mother,31313,47.83,TRUE,0.4879,5.5077,"Chronic diseases, MOTHER, REGISTRATION, MEDICAL HISTORY"
c0342_blood_and_cardiovascular_mother,c0342,blood_and_cardiovascular_mother,31313,47.83,TRUE,67.7148,565.178,"Blood and cardiovascular, MOTHER, REGISTRATION, MEDICAL HISTORY"
c0342_chest_and_respiratory_mother,c0342,chest_and_respiratory_mother,31313,47.83,TRUE,0.8357,4.9334,"Chest and respiratory, MOTHER, REGISTRATION, MEDICAL HISTORY"
c0342_gi_tract_mother,c0342,gi_tract_mother,31313,47.83,TRUE,2.8305,9.1617,"GI tract, MOTHER, REGISTRATION, MEDICAL HISTORY"
c0342_genito_urinary_mother,c0342,genito_urinary_mother,31313,47.83,TRUE,0.5588,6.5281,"Genito-urinary, MOTHER, REGISTRATION, MEDICAL HISTORY"
c0342_neurological_mother,c0342,neurological_mother,31313,47.83,TRUE,5.3968,9.3089,"Neurological, MOTHER, REGISTRATION, MEDICAL HISTORY"
c0342_bone_and_joint_mother,c0342,bone_and_joint_mother,31313,47.83,TRUE,0.3341,4.589,"Bone and joint, MOTHER, REGISTRATION, MEDICAL HISTORY"
c0342_congenital_anomalies_mother,c0342,congenital_anomalies_mother,31313,47.83,TRUE,0.0393,0.43,"Congenital anomalies, MOTHER, REGISTRATION, MEDICAL HISTORY"
c0342_operations_mother,c0342,operations_mother,31313,47.83,TRUE,0.1091,0.4967,"Operations, MOTHER, REGISTRATION, MEDICAL HISTORY"
c0342_hospitalizations_mother,c0342,hospitalizations_mother,31313,47.83,TRUE,0.8951,1.133,"Hospitalizations, MOTHER, REGISTRATION, MEDICAL HISTORY"
c0342_injuries_mother,c0342,injuries_mother,31313,47.83,TRUE,1.9668,5.5641,"Injuries, MOTHER, REGISTRATION, MEDICAL HISTORY"
c0342_allergies_mother,c0342,allergies_mother,31313,47.83,TRUE,1.6698,5.6983,"Allergies, MOTHER, REGISTRATION, MEDICAL HISTORY"
c0342_transfusions_mother,c0342,transfusions_mother,31313,47.83,TRUE,0.0243,0.4216,"Transfusions, MOTHER, REGISTRATION, MEDICAL HISTORY"
c0342_radiation_exposure_mother,c0342,radiation_exposure_mother,31313,47.83,TRUE,0.1804,0.7138,"Radiation exposure, MOTHER, REGISTRATION, MEDICAL HISTORY"
c0342_x_ray_mother,c0342,x_ray_mother,31313,47.83,TRUE,0.0647,0.5495,"X-ray, MOTHER, REGISTRATION, MEDICAL HISTORY"
c0342_fluoroscopy_mother,c0342,fluoroscopy_mother,31313,47.83,TRUE,0.0489,0.5366,"Fluoroscopy, MOTHER, REGISTRATION, MEDICAL HISTORY"
c0342_other_radiation,c0342,other_radiation,31313,47.83,TRUE,2.8344,8.086,"Other radiation, REGISTRATION, MEDICAL HISTORY"
c0342_history_psychiatric:_neurological_disord,c0342,history_psychiatric:_neurological_disord,31313,47.83,TRUE,0.5501,5.3801,"History, psychiatric: neurological disorders, MOTHER, REGISTRATION, MEDICAL HISTORY"
c1343_f5a_1343_month_of_exam,c1343,f5a_1343_month_of_exam,31251,47.93,TRUE,6.7763,3.8945,F5a_1343_Month of exam
c1343_f5b_1343_day_of_exam,c1343,f5b_1343_day_of_exam,31251,47.93,TRUE,15.7049,8.9386,F5b_1343_Day of exam
c1343_f5c_1343_year_of_exam,c1343,f5c_1343_year_of_exam,31251,47.93,TRUE,63.7,1.2575,F5c_1343_Year of exam
c1343_prenatal_visits,c1343,prenatal_visits,31251,47.93,TRUE,75888635.2198,29235831.4824,""
c1343_f10b_skin_scars_operative,c1343,f10b_skin_scars_operative,31251,47.93,TRUE,0.1835,0.6547,F10b_Skin_Scars operative
c1343_pre_pregnancy_weight,c1343,pre_pregnancy_weight,31251,47.93,TRUE,18.8836,70.7004,Pre-pregnancy Weight
c1343_f10c_skin_abnormal_pigment,c1343,f10c_skin_abnormal_pigment,31251,47.93,TRUE,0.0495,0.5708,F10c_Skin_Abnormal pigment
c1343_f10d_skin_hirsutism,c1343,f10d_skin_hirsutism,31251,47.93,TRUE,0.0438,0.5643,F10d_Skin_Hirsutism
c1343_f10e_skin_rash,c1343,f10e_skin_rash,31251,47.93,TRUE,0.0796,0.5914,F10e_Skin_Rash
c1343_height_of_mother,c1343,height_of_mother,31251,47.93,TRUE,0.9173,6.4536,Height of Mother
c1343_f10f_skin_other,c1343,f10f_skin_other,31251,47.93,TRUE,0.1211,0.7589,F10f_Skin_Other
c1343_f11a_edema_face,c1343,f11a_edema_face,31251,47.93,TRUE,0.0508,0.6528,F11a_Edema_Face
c1343_f11b_edema_hands,c1343,f11b_edema_hands,31251,47.93,TRUE,0.06,0.659,F11b_Edema_Hands
c1343_f11c_edema_abdominal_wall,c1343,f11c_edema_abdominal_wall,31251,47.93,TRUE,0.0485,0.6512,F11c_Edema_Abdominal wall
c1343_f11d_edema_presacral,c1343,f11d_edema_presacral,31251,47.93,TRUE,0.0491,0.6516,F11d_Edema_Presacral
c1343_f11e_edema_pretibial,c1343,f11e_edema_pretibial,31251,47.93,TRUE,0.1158,0.693,F11e_Edema_Pretibial
c1343_f11f_edema_ankle_or_foot,c1343,f11f_edema_ankle_or_foot,31251,47.93,TRUE,0.1068,0.688,F11f_Edema_Ankle or foot
c1343_f12a_lymph_nodes_enlarged_locally,c1343,f12a_lymph_nodes_enlarged_locally,31251,47.93,TRUE,0.125,0.9701,F12a_Lymph nodes_Enlarged locally
c1343_f12b_lymph_nodes_enlarged_generally,c1343,f12b_lymph_nodes_enlarged_generally,31251,47.93,TRUE,0.1044,0.9619,F12b_Lymph nodes_Enlarged generally
c1343_f12c_lymph_nodes_tenderness,c1343,f12c_lymph_nodes_tenderness,31251,47.93,TRUE,0.1054,0.9623,F12c_Lymph nodes_Tenderness
c1343_f12d_lymph_nodes_other,c1343,f12d_lymph_nodes_other,31251,47.93,TRUE,0.1047,0.9608,F12d_Lymph nodes_Other
c1343_f13a_ent_&_mouth_pharynx_inflam,c1343,f13a_ent_&_mouth_pharynx_inflam,31251,47.93,TRUE,0.0835,0.7684,F13a_Ent & mouth_Pharynx inflam
c1343_f13b_ent_&_mouth_other_inflam,c1343,f13b_ent_&_mouth_other_inflam,31251,47.93,TRUE,0.0704,0.7611,F13b_Ent & mouth_Other inflam
c1343_f13c_ent_and_mouth_hearing_impairment,c1343,f13c_ent_and_mouth_hearing_impairment,31251,47.93,TRUE,0.0686,0.7601,F13c_Ent and mouth_Hearing impairment
c1343_f13d_ent_and_mouth_abnormal_gums,c1343,f13d_ent_and_mouth_abnormal_gums,31251,47.93,TRUE,0.0705,0.7611,F13d_Ent and mouth_Abnormal gums
c1343_f13e_ent_and_mouth_carious_teeth,c1343,f13e_ent_and_mouth_carious_teeth,31251,47.93,TRUE,0.4753,0.8736,F13e_Ent and mouth_Carious teeth
c1343_f13f_ent_and_mouth_other,c1343,f13f_ent_and_mouth_other,31251,47.93,TRUE,0.0872,0.7703,F13f_Ent and mouth_Other
c1343_f14a_eyes_abnormal_papillary_reflexes,c1343,f14a_eyes_abnormal_papillary_reflexes,31251,47.93,TRUE,0.1107,0.9869,F14a_Eyes_Abnormal papillary reflexes
c1343_f14b_eyes_inflam,c1343,f14b_eyes_inflam,31251,47.93,TRUE,0.1111,0.987,F14b_Eyes_Inflam
c1343_f14c_eyes_jaundice,c1343,f14c_eyes_jaundice,31251,47.93,TRUE,0.1098,0.9865,F14c_Eyes_Jaundice
c1343_f14d_eyes_severe_visual_impairment,c1343,f14d_eyes_severe_visual_impairment,31251,47.93,TRUE,0.1171,0.9894,F14d_Eyes_Severe visual impairment
c1343_f14e_eyes_other,c1343,f14e_eyes_other,31251,47.93,TRUE,0.1286,0.9938,F14e_Eyes_Other
c1343_f15a_thyroid_sign_thyroid_dysfunction,c1343,f15a_thyroid_sign_thyroid_dysfunction,31251,47.93,TRUE,0.056,0.6871,F15a_Thyroid_Sign thyroid dysfunction
c1343_f15b_thyroid_abnormal_to_palpation,c1343,f15b_thyroid_abnormal_to_palpation,31251,47.93,TRUE,0.0905,0.7067,F15b_Thyroid_Abnormal to palpation
c1343_f15c_thyroid_other,c1343,f15c_thyroid_other,31251,47.93,TRUE,0.0619,0.6916,F15c_Thyroid_Other
c1343_f16a_breasts_mass,c1343,f16a_breasts_mass,31251,47.93,TRUE,0.0717,0.7404,F16a_Breasts_Mass
c1343_f16b_breasts_inflam,c1343,f16b_breasts_inflam,31251,47.93,TRUE,0.0604,0.7305,F16b_Breasts_Inflam
c1343_f16c_breasts_inverted_nipples,c1343,f16c_breasts_inverted_nipples,31251,47.93,TRUE,0.0654,0.7335,F16c_Breasts_Inverted nipples
c1343_f16d_breasts_other,c1343,f16d_breasts_other,31251,47.93,TRUE,0.0788,0.7424,F16d_Breasts_Other
c1343_f17a_lungs_abnormal_to_auscultation,c1343,f17a_lungs_abnormal_to_auscultation,31251,47.93,TRUE,0.0641,0.6368,F17a_Lungs_Abnormal to auscultation
c1343_f17b_lungs_abnormal_to_percussion,c1343,f17b_lungs_abnormal_to_percussion,31251,47.93,TRUE,0.0446,0.6231,F17b_Lungs_Abnormal to percussion
c1343_f17c_lungs_dyspnea_at_rest,c1343,f17c_lungs_dyspnea_at_rest,31251,47.93,TRUE,0.0441,0.6245,F17c_Lungs_Dyspnea at rest
c1343_f17d_lungs_other,c1343,f17d_lungs_other,31251,47.93,TRUE,0.0467,0.6246,F17d_Lungs_Other
c1343_f18a_heart_murmer,c1343,f18a_heart_murmer,31251,47.93,TRUE,0.1863,0.6733,F18a_Heart_Murmer
c1343_f18b_heart_irregular_rhythm,c1343,f18b_heart_irregular_rhythm,31251,47.93,TRUE,0.0446,0.5849,F18b_Heart_Irregular rhythm
c1343_f18c_heart_organic_heart_disease,c1343,f18c_heart_organic_heart_disease,31251,47.93,TRUE,0.0479,0.5894,F18c_Heart_Organic heart disease
c1343_f18d_heart_other,c1343,f18d_heart_other,31251,47.93,TRUE,0.0504,0.5937,F18d_Heart_Other
c1343_f19a_extremities_moderate_varicosities,c1343,f19a_extremities_moderate_varicosities,31251,47.93,TRUE,0.1194,0.7896,F19a_Extremities_Moderate varicosities
c1343_f19b_extremities_severe_varicosities,c1343,f19b_extremities_severe_varicosities,31251,47.93,TRUE,0.077,0.7692,F19b_Extremities_Severe varicosities
c1343_f19c_extremities_ulcers,c1343,f19c_extremities_ulcers,31251,47.93,TRUE,0.0662,0.7632,F19c_Extremities_Ulcers
c1343_f19d_extremities_other,c1343,f19d_extremities_other,31251,47.93,TRUE,0.0796,0.7692,F19d_Extremities_Other
c2343_f2a_2343_month_of_exam,c2343,f2a_2343_month_of_exam,31226,47.97,TRUE,6.7797,3.9298,F2a_2343_Month of exam
c2343_f2b_2343_day_of_exam,c2343,f2b_2343_day_of_exam,31226,47.97,TRUE,15.7065,8.9512,F2b_2343_Day of exam
c2343_f2c_2343_year_of_exam,c2343,f2c_2343_year_of_exam,31226,47.97,TRUE,63.7009,1.274,F2c_2343_Year of exam
c2343_f3a_neuro_abnormal_reflexes,c2343,f3a_neuro_abnormal_reflexes,31226,47.97,TRUE,1.8063,3.589,F3a_Neuro_Abnormal reflexes
c2343_f3b_neuro_other_neuro_disorder,c2343,f3b_neuro_other_neuro_disorder,31226,47.97,TRUE,1.7973,3.5923,F3b_Neuro_Other neuro disorder
c2343_f4a_funduscopic_vessel_changes,c2343,f4a_funduscopic_vessel_changes,31226,47.97,TRUE,5.2615,4.4255,F4a_Funduscopic_Vessel changes
c2343_f4b_funduscopic_retinal_changes,c2343,f4b_funduscopic_retinal_changes,31226,47.97,TRUE,5.2535,4.4346,F4b_Funduscopic_Retinal changes
c2343_f4c_funduscopic_disc_changes,c2343,f4c_funduscopic_disc_changes,31226,47.97,TRUE,5.2541,4.4338,F4c_Funduscopic_Disc changes
c2343_f4d_funduscopic_hemorrhage,c2343,f4d_funduscopic_hemorrhage,31226,47.97,TRUE,5.2519,4.4363,F4d_Funduscopic_Hemorrhage
c2343_prenatal_visits,c2343,prenatal_visits,31226,47.97,TRUE,57850678.6181,48782406.1324,""
c2343_f7a_corpus_uteri_size_not_compatible,c2343,f7a_corpus_uteri_size_not_compatible,31226,47.97,TRUE,0.2519,1.0756,F7a_Corpus Uteri_Size not compatible
c2343_f7b_corpus_uteri_tumor,c2343,f7b_corpus_uteri_tumor,31226,47.97,TRUE,0.1254,1.0361,F7b_Corpus Uteri_Tumor
c2343_f7c_corpus_uteri_multiple_pregnancy,c2343,f7c_corpus_uteri_multiple_pregnancy,31226,47.97,TRUE,0.1205,1.0321,F7c_Corpus Uteri_Multiple pregnancy
c2343_f7d_corpus_uteri_uterine_tenderness,c2343,f7d_corpus_uteri_uterine_tenderness,31226,47.97,TRUE,0.1235,1.0354,F7d_Corpus Uteri_Uterine tenderness
c2343_f7e_corpus_uteri_polyhydramnics,c2343,f7e_corpus_uteri_polyhydramnics,31226,47.97,TRUE,0.1212,1.0346,F7e_Corpus Uteri_Polyhydramnics
c2343_f7f_corpus_uteri_other,c2343,f7f_corpus_uteri_other,31226,47.97,TRUE,0.1324,1.0386,F7f_Corpus Uteri_Other
c2343_f8a_external_genitalia_vulvar_varicos,c2343,f8a_external_genitalia_vulvar_varicos,31226,47.97,TRUE,0.1412,1.0636,F8a_External genitalia_Vulvar varicos
c2343_f8b_external_genitalia_other,c2343,f8b_external_genitalia_other,31226,47.97,TRUE,0.1485,1.0671,F8b_External genitalia_Other
c2343_f9a_introitus_urethrocele,c2343,f9a_introitus_urethrocele,31226,47.97,TRUE,0.199,1.214,F9a_Introitus_Urethrocele
c2343_f9b_introitus_cystocele,c2343,f9b_introitus_cystocele,31226,47.97,TRUE,0.2423,1.2239,F9b_Introitus_Cystocele
c2343_f9c_introitus_rectocele,c2343,f9c_introitus_rectocele,31226,47.97,TRUE,0.2077,1.2161,F9c_Introitus_Rectocele
c2343_f9d_introitus_other,c2343,f9d_introitus_other,31226,47.97,TRUE,0.1743,1.2085,F9d_Introitus_Other
c2343_f10a_vagina_vaginitis,c2343,f10a_vagina_vaginitis,31226,47.97,TRUE,0.3366,1.3349,F10a_Vagina_Vaginitis
c2343_f10b_vagina_bleeding_site,c2343,f10b_vagina_bleeding_site,31226,47.97,TRUE,0.1956,1.31,F10b_Vagina_Bleeding site
c2343_f11c_vagina_other,c2343,f11c_vagina_other,31226,47.97,TRUE,0.2112,1.3118,F11c_Vagina_Other
c2343_f11a_cervix_uteri_old_laceration,c2343,f11a_cervix_uteri_old_laceration,31226,47.97,TRUE,0.2603,1.3913,F11a_Cervix Uteri_Old laceration
c2343_f11b_cervix_uteri_bleeding_site,c2343,f11b_cervix_uteri_bleeding_site,31226,47.97,TRUE,0.2327,1.3871,F11b_Cervix Uteri_Bleeding site
c2343_f11c_cervix_uteri_bleeding_through_os,c2343,f11c_cervix_uteri_bleeding_through_os,31226,47.97,TRUE,0.2224,1.3851,F11c_Cervix Uteri_Bleeding through Os
c2343_f11d_cervix_uteri_cervicitis,c2343,f11d_cervix_uteri_cervicitis,31226,47.97,TRUE,0.4616,1.4105,F11d_Cervix Uteri_Cervicitis
c2343_f11e_cervix_uteri_dilated_or_effaced,c2343,f11e_cervix_uteri_dilated_or_effaced,31226,47.97,TRUE,0.2345,1.3866,F11e_Cervix Uteri_Dilated or effaced
c2343_f11f_cervix_uteri_other,c2343,f11f_cervix_uteri_other,31226,47.97,TRUE,0.2741,1.3945,F11f_Cervix Uteri_Other
c2343_f12a_adnexa_mass,c2343,f12a_adnexa_mass,31226,47.97,TRUE,1.3105,3.1694,F12a_Adnexa_mass
c2343_f12b_adnexa_tenderness,c2343,f12b_adnexa_tenderness,31226,47.97,TRUE,1.3141,3.1685,F12b_Adnexa_tenderness
c2343_f12c_adnexa_other,c2343,f12c_adnexa_other,31226,47.97,TRUE,1.3101,3.1681,F12c_Adnexa_Other
c2343_f13_x_ray_pelvimetry,c2343,f13_x_ray_pelvimetry,31226,47.97,TRUE,0.0201,0.1506,F13_X-ray pelvimetry
c2343_f14a_diagonal_conjugate_reached,c2343,f14a_diagonal_conjugate_reached,31226,47.97,TRUE,0.5458,1.7809,F14a_Diagonal conjugate reached
c2343_f14b_diagonal_conjugate_measurement,c2343,f14b_diagonal_conjugate_measurement,31226,47.97,TRUE,174.6898,205.7757,F14b_Diagonal conjugate_measurement
c2343_f15_spines,c2343,f15_spines,31226,47.97,TRUE,0.3556,1.5654,F15_Spines
c2343_f16_sacrum,c2343,f16_sacrum,31226,47.97,TRUE,0.3589,1.6038,F16_Sacrum
c2343_f17_sacrosciatic_notch,c2343,f17_sacrosciatic_notch,31226,47.97,TRUE,0.4417,1.7458,F17_Sacrosciatic notch
c2343_f18_sidewalls,c2343,f18_sidewalls,31226,47.97,TRUE,2.0983,1.5554,F18_Sidewalls
c2343_f19_sub_pubic_arch,c2343,f19_sub_pubic_arch,31226,47.97,TRUE,0.5532,1.8803,F19_Sub-pubic arch
c2343_f20_intertuberous,c2343,f20_intertuberous,31226,47.97,TRUE,275.2727,342.3016,F20_Intertuberous
c2343_f21_post_sag_outlet,c2343,f21_post_sag_outlet,31226,47.97,TRUE,681.1432,434.4281,F21_Post sag outlet
c2343_f22_other_pelvic_abnormality,c2343,f22_other_pelvic_abnormality,31226,47.97,TRUE,0.5508,2.1448,F22_Other pelvic abnormality
c2343_f23_inlet,c2343,f23_inlet,31226,47.97,TRUE,0.4029,1.7098,F23_Inlet
c2343_f24_mid_pelvis,c2343,f24_mid_pelvis,31226,47.97,TRUE,0.4252,1.6998,F24_Mid pelvis
c2343_f25_outlet,c2343,f25_outlet,31226,47.97,TRUE,0.4291,1.7118,F25_Outlet
c3355_amniotic_fluid,c3355,amniotic_fluid,30258,49.58,TRUE,25983.4169,14129.5274,"Amniotic fluid, DELIVERY"
c3355_complication_type_for_last_maternal,c3355,complication_type_for_last_maternal,30258,49.58,TRUE,0.9268,8.3619,"Complication type for last maternal, DELIVERY"
c3355_f7_difficulty_of_rotation,c3355,f7_difficulty_of_rotation,30258,49.58,TRUE,0.1327,0.888,F7_Difficulty of rotation
c3355_complication,c3355,complication,30258,49.58,TRUE,53.1378,719.4347,"Complication, DELIVERY, PROCEDURE"
c3355_cesarean_section,c3355,cesarean_section,30258,49.58,TRUE,53.9072,718.2322,"Cesarean section, DELIVERY, PROCEDURE"
c3355_f12_first_application_of_forceps,c3355,f12_first_application_of_forceps,30258,49.58,TRUE,0.8865,1.1526,F12_First application of forceps
c3355_f13_forceps_rotation_from,c3355,f13_forceps_rotation_from,30258,49.58,TRUE,12.9487,73.3901,F13_Forceps rotation from
c3355_f14_forceps_rotation_to,c3355,f14_forceps_rotation_to,30258,49.58,TRUE,5.2913,63.0031,F14_Forceps rotation to
c3355_f15_forceps_conversion_from,c3355,f15_forceps_conversion_from,30258,49.58,TRUE,3.1787,56.0131,F15_Forceps conversion from
c3355_f16_forceps_conversion_to,c3355,f16_forceps_conversion_to,30258,49.58,TRUE,3.1852,56.0992,F16_Forceps conversion to
c3355_f17a_type_forceps_used_1st_type,c3355,f17a_type_forceps_used_1st_type,30258,49.58,TRUE,7.5654,12.5327,F17a_Type forceps used_1st type
c3355_f17b_type_forceps_used_2nd_type,c3355,f17b_type_forceps_used_2nd_type,30258,49.58,TRUE,1.3674,10.7898,F17b_Type forceps used_2nd type
c3355_f18_axis_traction_attachment,c3355,f18_axis_traction_attachment,30258,49.58,TRUE,0.3229,1.1004,F18_Axis traction attachment
c3355_f19a_difficulty_forceps_application,c3355,f19a_difficulty_forceps_application,30258,49.58,TRUE,0.5839,1.0657,F19a_Difficulty forceps_application
c3355_f19b_difficulty_forceps_rotation,c3355,f19b_difficulty_forceps_rotation,30258,49.58,TRUE,0.129,0.7486,F19b_Difficulty forceps_rotation
c3355_f19c_difficulty_forceps_conversion,c3355,f19c_difficulty_forceps_conversion,30258,49.58,TRUE,0.0329,0.5381,F19c_Difficulty forceps_conversion
c3355_f19d_difficulty_forceps_traction,c3355,f19d_difficulty_forceps_traction,30258,49.58,TRUE,0.6544,1.3094,F19d_Difficulty forceps_traction
c3355_f20a_indication_of_forceps_1st,c3355,f20a_indication_of_forceps_1st,30258,49.58,TRUE,35.5839,42.0893,F20a_Indication of forceps_1st
c3355_f20b_indication_of_forceps_2nd,c3355,f20b_indication_of_forceps_2nd,30258,49.58,TRUE,34.194,42.7644,F20b_Indication of forceps_2nd
c3355_f20c_indication_of_forceps_further_indic,c3355,f20c_indication_of_forceps_further_indic,30258,49.58,TRUE,3.0852,3.8968,F20c_Indication of forceps_further indic
c3355_f21_dilatation,c3355,f21_dilatation,30258,49.58,TRUE,0.138,3.3444,F21_Dilatation
c3355_f22_position,c3355,f22_position,30258,49.58,TRUE,0.9944,26.8593,F22_Position
c3355_f23_station,c3355,f23_station,30258,49.58,TRUE,0.233,4.2687,F23_Station
c3355_f24_highest_vacuum_attained,c3355,f24_highest_vacuum_attained,30258,49.58,TRUE,0.1906,4.1085,F24_Highest vacuum attained
c3355_f25_delivery_with_vacuum_extractor,c3355,f25_delivery_with_vacuum_extractor,30258,49.58,TRUE,0.0099,0.2503,F25_Delivery with vacuum extractor
c3355_f26a_indications_for_vacuum_use_1st,c3355,f26a_indications_for_vacuum_use_1st,30258,49.58,TRUE,0.1725,3.7575,F26a_Indications for vacuum use_1st
c3355_f26b_indications_for_vacuum_use_2nd,c3355,f26b_indications_for_vacuum_use_2nd,30258,49.58,TRUE,0.1609,3.7633,F26b_Indications for vacuum use_2nd
c3355_f26c_indications_for_vacuum_use_further,c3355,f26c_indications_for_vacuum_use_further,30258,49.58,TRUE,0.0135,0.3349,F26c_Indications for vacuum use_further
c0407_date_of_birth,c0407,date_of_birth,26599,55.68,TRUE,68459.5987,35163.2622,Date of Birth
c0407_date_of_discharge,c0407,date_of_discharge,20505,65.83,TRUE,70018.7672,41728.0985,Date of Discharge
c0407_days_in_hospital,c0407,days_in_hospital,20505,65.83,TRUE,6.0508,6.8796,Days in Hospital
c0407_course_event,c0407,course_event,26599,55.68,TRUE,0.4056,0.6395,Course Event
c0407_apgar_score,c0407,apgar_score,20505,65.83,TRUE,0.2274,0.6044,Apgar Score
c0407_total_bilirubin_value,c0407,total_bilirubin_value,20505,65.83,TRUE,0.0951,0.5251,Total Bilirubin Value
c0407_neuromuscular_disturbance,c0407,neuromuscular_disturbance,20505,65.83,TRUE,0.1391,0.5562,Neuromuscular Disturbance
c0407_other_events,c0407,other_events,20505,65.83,TRUE,0.2053,0.594,Other Events
c0407_stage_of_dysmaturity,c0407,stage_of_dysmaturity,20505,65.83,TRUE,0.3015,1.1747,Stage of Dysmaturity
c0407_clinical_impression,c0407,clinical_impression,26599,55.68,TRUE,0.2265,0.4704,Clinical Impression
c0407_cns_defect_or_injury,c0407,cns_defect_or_injury,20505,65.83,TRUE,0.0767,0.3201,CNS Defect or Injury
c0407_congenital_malformations_other_than_cns,c0407,congenital_malformations_other_than_cns,20505,65.83,TRUE,0.0748,0.3175,Congenital Malformations other than CNS
c0407_other_impressions,c0407,other_impressions,20505,65.83,TRUE,0.1036,0.3528,Other Impressions
c1309_f5a1309_month,c1309,f5a1309_month,25619,57.31,TRUE,6.8226,9.3138,F5a1309_Month
c1309_f5b1309_day,c1309,f5b1309_day,25619,57.31,TRUE,16.355,11.6773,F5b1309_Day
c1309_f5c1309_year,c1309,f5c1309_year,25619,57.31,TRUE,60.8198,3.7078,F5c1309_Year
c1309_f6_age_at_onset,c1309,f6_age_at_onset,25619,57.31,TRUE,13.2787,6.9696,F6_Age at onset
c1309_f7_interval_lowest,c1309,f7_interval_lowest,25619,57.31,TRUE,30.8628,13.3505,F7_Interval_Lowest
c1309_f7a_interval_highest,c1309,f7a_interval_highest,25619,57.31,TRUE,31.8908,13.7571,F7a_Interval_Highest
c1309_f8a_duration_of_menses_lowest,c1309,f8a_duration_of_menses_lowest,25619,57.31,TRUE,4.6032,1.3346,F8a_Duration of menses_Lowest
c1309_f8b_duration_of_menses_highest,c1309,f8b_duration_of_menses_highest,25619,57.31,TRUE,4.9397,1.3403,F8b_Duration of menses_Highest
c1309_f9_dysmenorrhea,c1309,f9_dysmenorrhea,25619,57.31,TRUE,0.8094,1.1914,F9_Dysmenorrhea
c1309_f10_irregularities,c1309,f10_irregularities,25619,57.31,TRUE,0.5663,1.7706,F10_Irregularities
c1309_f11_sterility_workup,c1309,f11_sterility_workup,25619,57.31,TRUE,0.2328,1.383,F11_Sterility workup
c1309_f12a_first_day_lmp_month,c1309,f12a_first_day_lmp_month,25619,57.31,TRUE,7.9601,10.742,F12a_First day LMP_Month
c1309_f12b_first_day_lmp_day,c1309,f12b_first_day_lmp_day,25619,57.31,TRUE,18.0546,16.7462,F12b_First day LMP_Day
c1309_f12c_first_day_lmp_year,c1309,f12c_first_day_lmp_year,25619,57.31,TRUE,60.3128,3.3816,F12c_First day LMP_Year
c1309_f13a_first_day_pmp_month,c1309,f13a_first_day_pmp_month,25619,57.31,TRUE,18.6494,30.3194,F13a_First day PMP_Month
c1309_f13b_first_day_pmp_day,c1309,f13b_first_day_pmp_day,25619,57.31,TRUE,36.6439,36.7451,F13b_First day PMP_Day
c1309_f13c_first_day_pmp_year,c1309,f13c_first_day_pmp_year,25619,57.31,TRUE,64.5098,12.1636,F13c_First day PMP_Year
c1309_f14a_quickening_month,c1309,f14a_quickening_month,25619,57.31,TRUE,31.3483,39.0861,F14a_Quickening_Month
c1309_f14b_quickening_day,c1309,f14b_quickening_day,25619,57.31,TRUE,60.8578,40.7102,F14b_Quickening_Day
c1309_f14c_quickening_year,c1309,f14c_quickening_year,25619,57.31,TRUE,69.317,14.9192,F14c_Quickening_Year
c1309_f15a_edc_month,c1309,f15a_edc_month,25619,57.31,TRUE,7.7024,10.0132,F15a_EDC_Month
c1309_f15b_edc_day,c1309,f15b_edc_day,25619,57.31,TRUE,18.3549,16.5391,F15b_EDC_Day
c1309_f15c_edc_year,c1309,f15c_edc_year,25619,57.31,TRUE,61.0334,3.4328,F15c_EDC_Year
c1309_f16_total_number_of_preg,c1309,f16_total_number_of_preg,25619,57.31,TRUE,2.3328,3.3401,F16_Total number of preg
c1309_f17_abortions,c1309,f17_abortions,25619,57.31,TRUE,0.3093,0.7733,F17_Abortions
c1309_f18_immature,c1309,f18_immature,25619,57.31,TRUE,0.0688,0.4986,F18_Immature
c1309_f19_premature,c1309,f19_premature,25619,57.31,TRUE,0.1588,0.6777,F19_Premature
c1309_f20_full_term,c1309,f20_full_term,25619,57.31,TRUE,1.7799,1.9194,F20_Full term
c1309_f21_stillbirths,c1309,f21_stillbirths,25619,57.31,TRUE,0.0495,0.3988,F21_Stillbirths
c1309_f22_multiple_pregnancies,c1309,f22_multiple_pregnancies,25619,57.31,TRUE,0.0374,0.3803,F22_Multiple pregnancies
c1309_f23_number_of_living_children,c1309,f23_number_of_living_children,25619,57.31,TRUE,1.8408,1.9348,F23_Number of living children
c3309_f2a3309_month,c3309,f2a3309_month,25602,57.34,TRUE,6.9336,9.8154,F2a3309_Month
c3309_f2b3309_day,c3309,f2b3309_day,25602,57.34,TRUE,16.4642,12.031,F2b3309_Day
c3309_f4_sacrum,c3309,f4_sacrum,25602,57.34,TRUE,0.4816,1.8538,F4_Sacrum
c3309_f5_spines,c3309,f5_spines,25602,57.34,TRUE,0.3913,1.5896,F5_Spines
c3309_f6_arch,c3309,f6_arch,25602,57.34,TRUE,0.4795,1.621,F6_Arch
c3309_f7_bi_ischial,c3309,f7_bi_ischial,25602,57.34,TRUE,207.7618,296.4216,F7_Bi-Ischial
c3309_first_maternal_blood,c3309,first_maternal_blood,25602,57.34,TRUE,477888.3144,417549.1763,First Maternal Blood
c3309_f10_sidewalls,c3309,f10_sidewalls,25602,57.34,TRUE,1.567,2.9365,F10_Sidewalls
c3309_f11_sacrosciatic_notch,c3309,f11_sacrosciatic_notch,25602,57.34,TRUE,1.3298,3.0641,F11_Sacrosciatic notch
c3309_f14_inlet,c3309,f14_inlet,25602,57.34,TRUE,0.3852,1.7445,F14_Inlet
c3309_f15_midpelvis,c3309,f15_midpelvis,25602,57.34,TRUE,0.3948,1.746,F15_Midpelvis
c3309_f16_outlet,c3309,f16_outlet,25602,57.34,TRUE,0.3863,1.7272,F16_Outlet
c3309_f17_x_ray_pelvimetry,c3309,f17_x_ray_pelvimetry,25602,57.34,TRUE,0.0943,0.3387,F17_X-ray pelvimetry
c3309_f18_childhood_diseases,c3309,f18_childhood_diseases,25602,57.34,TRUE,1.0197,0.8416,F18_Childhood diseases
c3309_f19_tuberculosis,c3309,f19_tuberculosis,25602,57.34,TRUE,0.094,0.8373,F19_Tuberculosis
c3309_f20_other_chronic_pulmonary_disease,c3309,f20_other_chronic_pulmonary_disease,25602,57.34,TRUE,0.1187,0.8489,F20_Other chronic pulmonary disease
c3309_pre_pregnancy_weight,c3309,pre_pregnancy_weight,25602,57.34,TRUE,15.1028,92.3221,Pre-pregnancy Weight
c3309_hematocrit_gravida,c3309,hematocrit_gravida,25602,57.34,TRUE,15.1028,92.3221,""
c3309_f21_allergy,c3309,f21_allergy,25602,57.34,TRUE,0.2971,0.8894,F21_Allergy
c3309_f22_urinary_tract_disease,c3309,f22_urinary_tract_disease,25602,57.34,TRUE,0.2575,0.8874,F22_Urinary tract disease
c3309_f23_syphilis,c3309,f23_syphilis,25602,57.34,TRUE,0.1039,0.8503,F23_Syphilis
c3309_f24_hypertension,c3309,f24_hypertension,25602,57.34,TRUE,0.1769,0.8564,F24_Hypertension
c3309_f25_rheumatic_fever_or_rhd,c3309,f25_rheumatic_fever_or_rhd,25602,57.34,TRUE,0.1155,0.8307,F25_Rheumatic fever or RHD
c3309_f26_varicose_veins,c3309,f26_varicose_veins,25602,57.34,TRUE,0.1919,0.8471,F26_Varicose veins
c3309_height_of_mother,c3309,height_of_mother,25602,57.34,TRUE,2.2071,9.1648,Height of Mother
c3309_f27_anemia,c3309,f27_anemia,25602,57.34,TRUE,0.2885,0.9062,F27_Anemia
c3309_f28_cancer,c3309,f28_cancer,25602,57.34,TRUE,0.0775,0.8137,F28_Cancer
c3309_f29_thyroid_disease,c3309,f29_thyroid_disease,25602,57.34,TRUE,0.1088,0.8309,F29_Thyroid disease
c3309_f30_diabetes,c3309,f30_diabetes,25602,57.34,TRUE,0.0833,0.815,F30_Diabetes
c3309_f31_neuromuscular_disease,c3309,f31_neuromuscular_disease,25602,57.34,TRUE,0.1182,0.9079,F31_Neuromuscular disease
c3309_f32_congenital_anomaly,c3309,f32_congenital_anomaly,25602,57.34,TRUE,0.1211,0.9529,F32_Congenital anomaly
c3309_f33_other_significant_disease,c3309,f33_other_significant_disease,25602,57.34,TRUE,0.3224,1.3339,F33_Other significant disease
c3309_f34_diabetes,c3309,f34_diabetes,25602,57.34,TRUE,0.279,0.9671,F34_Diabetes
c3309_f35_tuberculosis,c3309,f35_tuberculosis,25602,57.34,TRUE,0.2109,0.9738,F35_Tuberculosis
c3309_f36_heart_disease,c3309,f36_heart_disease,25602,57.34,TRUE,0.3546,1.0275,F36_Heart disease
c3309_f37_cancer,c3309,f37_cancer,25602,57.34,TRUE,0.2737,1.0334,F37_Cancer
c3309_f38_neurological_condition,c3309,f38_neurological_condition,25602,57.34,TRUE,0.1708,1.0585,F38_Neurological condition
c3309_f39_psychiatric_disorder,c3309,f39_psychiatric_disorder,25602,57.34,TRUE,0.2034,1.0837,F39_Psychiatric disorder
c3309_f40_congenital_anomaly,c3309,f40_congenital_anomaly,25602,57.34,TRUE,0.1971,1.1427,F40_Congenital anomaly
c3309_f41_multiple_pregnancy,c3309,f41_multiple_pregnancy,25602,57.34,TRUE,0.4422,1.0955,F41_Multiple pregnancy
c3309_f42_other_significant_familial_hx,c3309,f42_other_significant_familial_hx,25602,57.34,TRUE,0.4042,1.6742,F42_Other significant familial hx
c2309_f2a2309_month,c2309,f2a2309_month,25595,57.35,TRUE,6.946,9.8663,F2a2309_Month
c2309_f2b2309_day,c2309,f2b2309_day,25595,57.35,TRUE,16.4759,12.0645,F2b2309_Day
c2309_f5_blood_pressure_systolic,c2309,f5_blood_pressure_systolic,25595,57.35,TRUE,139.8356,147.0803,F5_Blood pressure_Systolic
c2309_f5b_blood_pressure_diastolic,c2309,f5b_blood_pressure_diastolic,25595,57.35,TRUE,96.8371,156.817,F5b_Blood pressure_Diastolic
c2309_first_maternal_blood,c2309,first_maternal_blood,25595,57.35,TRUE,156271.7905,150561.7571,First Maternal Blood
c2309_f7_present_weight,c2309,f7_present_weight,25595,57.35,TRUE,154.7755,113.4814,F7_Present weight
c2309_f9a_external_genitalia_vulvar_varicos,c2309,f9a_external_genitalia_vulvar_varicos,25595,57.35,TRUE,0.1883,1.2295,F9a_External genitalia_Vulvar varicos
c2309_f9b_external_genitalia_other,c2309,f9b_external_genitalia_other,25595,57.35,TRUE,0.1837,1.2202,F9b_External genitalia_Other
c2309_f10a_introitus_urethrocele_cystocele,c2309,f10a_introitus_urethrocele_cystocele,25595,57.35,TRUE,0.5014,1.6302,F10a_Introitus_Urethrocele Cystocele
c2309_f10b_introitus_rectocele,c2309,f10b_introitus_rectocele,25595,57.35,TRUE,0.2291,1.266,F10b_Introitus_Rectocele
c2309_f10c_introitus_old_perineal_laceration,c2309,f10c_introitus_old_perineal_laceration,25595,57.35,TRUE,0.1911,1.2574,F10c_Introitus_Old perineal laceration
c2309_f10d_introitus_other,c2309,f10d_introitus_other,25595,57.35,TRUE,0.1907,1.2594,F10d_Introitus_Other
c2309_f11_vagina,c2309,f11_vagina,25595,57.35,TRUE,0.224,1.371,F11_Vagina
c2309_pre_pregnancy_weight,c2309,pre_pregnancy_weight,25595,57.35,TRUE,25.6643,149.2627,Pre-pregnancy Weight
c2309_hematocrit_gravida,c2309,hematocrit_gravida,25595,57.35,TRUE,25.6643,149.2627,""
c2309_f12a_vaginitis_trichomonas,c2309,f12a_vaginitis_trichomonas,25595,57.35,TRUE,0.2999,1.438,F12a_Vaginitis_Trichomonas
c2309_f12b_vaginitis_monilia,c2309,f12b_vaginitis_monilia,25595,57.35,TRUE,0.2667,1.4334,F12b_Vaginitis_Monilia
c2309_f12c_vaginitis_non_specific,c2309,f12c_vaginitis_non_specific,25595,57.35,TRUE,0.3133,1.4395,F12c_Vaginitis_Non-specific
c2309_f12d_vaginitis_other,c2309,f12d_vaginitis_other,25595,57.35,TRUE,0.2502,1.4453,F12d_Vaginitis_Other
c2309_f13a_bleeding_source_uterus,c2309,f13a_bleeding_source_uterus,25595,57.35,TRUE,0.1978,1.3072,F13a_Bleeding source_Uterus
c2309_f13b_bleeding_source_cervix_or_vagina,c2309,f13b_bleeding_source_cervix_or_vagina,25595,57.35,TRUE,0.2522,1.3562,F13b_Bleeding source_Cervix or vagina
c2309_height_of_mother,c2309,height_of_mother,25595,57.35,TRUE,2.7163,14.8143,Height of Mother
c2309_f13c_bleeding_source_other,c2309,f13c_bleeding_source_other,25595,57.35,TRUE,0.1947,1.3055,F13c_Bleeding source_Other
c2309_f14a_cervix_chronic_cystic_cervicitis,c2309,f14a_cervix_chronic_cystic_cervicitis,25595,57.35,TRUE,0.3194,1.4373,F14a_Cervix_Chronic cystic cervicitis
c2309_f14b_cervix_erosion,c2309,f14b_cervix_erosion,25595,57.35,TRUE,0.4284,1.447,F14b_Cervix_Erosion
c2309_f14c_cervix_eversion,c2309,f14c_cervix_eversion,25595,57.35,TRUE,0.2938,1.4339,F14c_Cervix_Eversion
c2309_f14d_cervix_polyp,c2309,f14d_cervix_polyp,25595,57.35,TRUE,0.2417,1.4256,F14d_Cervix_Polyp
c2309_f14e_cervix_old_laceration,c2309,f14e_cervix_old_laceration,25595,57.35,TRUE,0.2797,1.4317,F14e_Cervix_Old laceration
c2309_f14f_cervix_other,c2309,f14f_cervix_other,25595,57.35,TRUE,0.2687,1.4414,F14f_Cervix_Other
c2309_f15a_uterus_myoma,c2309,f15a_uterus_myoma,25595,57.35,TRUE,0.2612,1.4752,f15a_Uterus_Myoma
c2309_f15b_uterus_congenital_anomaly,c2309,f15b_uterus_congenital_anomaly,25595,57.35,TRUE,0.2483,1.4718,F15b_Uterus_Congenital anomaly
c2309_f15c_uterus_other,c2309,f15c_uterus_other,25595,57.35,TRUE,0.2706,1.4867,F15c_Uterus_Other
c2309_f16a_adnexa_mass,c2309,f16a_adnexa_mass,25595,57.35,TRUE,0.8665,2.6459,F16a_Adnexa_Mass
c2309_f16b_adnexa_excessive_tenderness,c2309,f16b_adnexa_excessive_tenderness,25595,57.35,TRUE,0.8659,2.6458,F16b_Adnexa_Excessive tenderness
c2309_f16c_adnexa_other,c2309,f16c_adnexa_other,25595,57.35,TRUE,0.863,2.6461,F16c_Adnexa_Other
c4309_f2a4309_month,c4309,f2a4309_month,25573,57.39,TRUE,6.8773,9.5463,F2a4309_Month
c4309_f2b4309_day,c4309,f2b4309_day,25573,57.39,TRUE,16.4165,11.8562,F2b4309_Day
c4309_f4c_mouth_many_teeth_missing,c4309,f4c_mouth_many_teeth_missing,25573,57.39,TRUE,0.3208,1.3152,F4c_Mouth_Many teeth missing
c4309_f4d_mouth_edentulous,c4309,f4d_mouth_edentulous,25573,57.39,TRUE,0.2072,1.2947,F4d_Mouth_Edentulous
c4309_f4e_mouth_other,c4309,f4e_mouth_other,25573,57.39,TRUE,0.2035,1.2963,F4e_Mouth_Other
c4309_f5a_upper_respir_inflam_of_pharynx,c4309,f5a_upper_respir_inflam_of_pharynx,25573,57.39,TRUE,0.1226,0.9361,F5a_Upper respir_Inflam of pharynx
c4309_f5b_upper_respir_abnormal_breath_sound,c4309,f5b_upper_respir_abnormal_breath_sound,25573,57.39,TRUE,0.1032,0.9297,F5b_Upper respir_Abnormal breath sound
c4309_f5c_upper_respir_rales,c4309,f5c_upper_respir_rales,25573,57.39,TRUE,0.1054,0.9306,F5c_Upper respir_Rales
c4309_f5d_upper_respir_groans_or_wheezes,c4309,f5d_upper_respir_groans_or_wheezes,25573,57.39,TRUE,0.1082,0.9317,F5d_Upper respir_Groans or wheezes
c4309_f5e_upper_respir_other,c4309,f5e_upper_respir_other,25573,57.39,TRUE,0.1182,0.9448,F5e_Upper respir_Other
c4309_first_maternal_blood,c4309,first_maternal_blood,25573,57.39,TRUE,19545.5011,130695.9161,First Maternal Blood
c4309_f7a_thyroid_generalized_enlargement,c4309,f7a_thyroid_generalized_enlargement,25573,57.39,TRUE,0.1568,0.9893,F7a_Thyroid_Generalized enlargement
c4309_f7b_thyroid_enlargement_of_one_lobe,c4309,f7b_thyroid_enlargement_of_one_lobe,25573,57.39,TRUE,0.1109,0.9714,F7b_Thyroid_Enlargement of one lobe
c4309_f7c_thyroid_solitary_nodule,c4309,f7c_thyroid_solitary_nodule,25573,57.39,TRUE,0.1075,0.9701,F7c_Thyroid_Solitary nodule
c4309_f8b_heart_irregular_rhythm,c4309,f8b_heart_irregular_rhythm,25573,57.39,TRUE,0.1137,0.9597,F8b_Heart_Irregular rhythm
c4309_f8c_heart_other,c4309,f8c_heart_other,25573,57.39,TRUE,0.133,0.97,F8c_Heart_Other
c4309_f9a_breasts_mass,c4309,f9a_breasts_mass,25573,57.39,TRUE,0.099,0.886,F9a_Breasts_Mass
c4309_f9b_breasts_other,c4309,f9b_breasts_other,25573,57.39,TRUE,0.0988,0.8877,F9b_Breasts_Other
c4309_f10a_nipples_inverted,c4309,f10a_nipples_inverted,25573,57.39,TRUE,0.1007,0.9039,F10a_Nipples_Inverted
c4309_f10b_nipples_fissured,c4309,f10b_nipples_fissured,25573,57.39,TRUE,0.0923,0.9001,F10b_Nipples_Fissured
c4309_f10c_nipples_other,c4309,f10c_nipples_other,25573,57.39,TRUE,0.0952,0.9014,F10c_Nipples_Other
c4309_pre_pregnancy_weight,c4309,pre_pregnancy_weight,25573,57.39,TRUE,10.8017,98.7322,Pre-pregnancy Weight
c4309_hematocrit_gravida,c4309,hematocrit_gravida,25573,57.39,TRUE,10.8017,98.7322,""
c4309_f11a_abdomen_palpable_organ_or_mass,c4309,f11a_abdomen_palpable_organ_or_mass,25573,57.39,TRUE,0.1094,0.9418,F11a_Abdomen_Palpable organ or mass
c4309_f11b_abdomen_operative_scar,c4309,f11b_abdomen_operative_scar,25573,57.39,TRUE,0.1897,0.9677,F11b_Abdomen_Operative scar
c4309_f11c_abdomen_hernia,c4309,f11c_abdomen_hernia,25573,57.39,TRUE,0.1071,0.9389,F11c_Abdomen_Hernia
c4309_f11d_abdomen_other,c4309,f11d_abdomen_other,25573,57.39,TRUE,0.1382,1.0015,F11d_Abdomen_Other
c4309_f12a_extremities_edema,c4309,f12a_extremities_edema,25573,57.39,TRUE,0.1482,0.9755,F12a_Extremities_Edema
c4309_f12b_extremities_varicosities,c4309,f12b_extremities_varicosities,25573,57.39,TRUE,0.1876,0.9887,F12b_Extremities_Varicosities
c4309_height_of_mother,c4309,height_of_mother,25573,57.39,TRUE,1.9872,10.8092,Height of Mother
c4309_f12c_extremities_other,c4309,f12c_extremities_other,25573,57.39,TRUE,0.1114,0.9616,F12c_Extremities_Other
c4309_f13_orthopedic_defects,c4309,f13_orthopedic_defects,25573,57.39,TRUE,0.192,1.2414,F13_Orthopedic defects
c4309_f14a_skin_jaundice,c4309,f14a_skin_jaundice,25573,57.39,TRUE,0.1421,1.1198,F14a_Skin_Jaundice
c4309_f14b_skin_rash,c4309,f14b_skin_rash,25573,57.39,TRUE,0.1787,1.1308,F14b_Skin_Rash
c4309_f14c_skin_lesion,c4309,f14c_skin_lesion,25573,57.39,TRUE,0.1536,1.1233,F14c_Skin_Lesion
c4309_f14d_skin_other,c4309,f14d_skin_other,25573,57.39,TRUE,0.2806,1.2638,F14d_Skin_Other
c4309_f15_other_system_not_evaluated_above,c4309,f15_other_system_not_evaluated_above,25573,57.39,TRUE,0.1305,0.8809,F15_Other system not evaluated above
c2110_f2a_age,c2110,f2a_age,25511,57.49,TRUE,2.0664,0.2574,F2a_Age
c2110_f2b_sex,c2110,f2b_sex,25511,57.49,TRUE,1.4921,0.4999,F2b_Sex
c2110_f2c_race,c2110,f2c_race,25511,57.49,TRUE,1.8023,0.9456,F2c_Race
c2110_f2d_examiner,c2110,f2d_examiner,25511,57.49,TRUE,5.0575,10.1848,F2d_Examiner
c2110_f2e_language_reception,c2110,f2e_language_reception,25511,57.49,TRUE,0.7863,1.9529,F2e_Language reception
c2110_f2f_language_expression,c2110,f2f_language_expression,25511,57.49,TRUE,0.7917,2.0843,F2f_Language expression
c2110_f2g_hearing,c2110,f2g_hearing,25511,57.49,TRUE,1.0133,2.5891,F2g_Hearing
c2110_f2h_speech_mechanism,c2110,f2h_speech_mechanism,25511,57.49,TRUE,1.2277,2.9196,F2h_Speech mechanism
c2110_f2i_speech_production,c2110,f2i_speech_production,25511,57.49,TRUE,0.8694,2.211,F2i_Speech production
c2110_global_probability_female_3_year_slr_exa,c2110,global_probability_female_3_year_slr_exa,25511,57.49,TRUE,1.1151,2.4792,"GLOBAL PROBABILITY, FEMALE, CHILD, 3 YEAR, SLR EXAM (REPEATED FROM ABOVE)"
c2110_auditory_memory_2_digits_mastery_female,c2110,auditory_memory_2_digits_mastery_female,25511,57.49,TRUE,1.6158,2.1212,"AUDITORY MEMORY, 2 DIGITS, MASTERY, FEMALE, CHILD, 3 YEAR, SLR EXAM (REPEATED FROM ABOVE)"
c2110_auditory_memory_2_digits_mastery_female_2,c2110,auditory_memory_2_digits_mastery_female_2,25511,57.49,TRUE,1.4931,2.2628,"AUDITORY MEMORY, 2 DIGITS, MASTERY, FEMALE, CHILD, 3 YEAR, SLR EXAM (REPEATED FROM ABOVE)"
c2110_auditory_memory_3_syllable_memory_female,c2110,auditory_memory_3_syllable_memory_female,25511,57.49,TRUE,18.2288,23.6031,"AUDITORY MEMORY, 3 SYLLABLE, MEMORY, FEMALE, CHILD, 3 YEAR, SLR EXAM (REPEATED FROM ABOVE)"
c2110_auditory_of_onset_3_year_slr_exam,c2110,auditory_of_onset_3_year_slr_exam,25511,57.49,TRUE,1241.9954,4819.7263,"AUDITORY, OF ONSET, CHILD, 3 YEAR, SLR EXAM (REPEATED FROM ABOVE)"
c2110_speech_repeated_from_above,c2110,speech_repeated_from_above,25511,57.49,TRUE,1.4587,1.7817,"SPEECH, REPEATED FROM ABOVE"
c2110_speech_3_year_slr_exam,c2110,speech_3_year_slr_exam,25511,57.49,TRUE,1.7113,1.966,"SPEECH, CHILD, 3 YEAR, SLR EXAM (REPEATED FROM ABOVE)"
c2110_3_year_speech,c2110,3_year_speech,25511,57.49,TRUE,78.0104,219.8895,"CHILD, 3 YEAR, SPEECH"
c2110_speech_3_year,c2110,speech_3_year,25511,57.49,TRUE,12.9473,31.4739,"SPEECH, CHILD, 3 YEAR"
c2110_speech_3_year_speech,c2110,speech_3_year_speech,25511,57.49,TRUE,270.6493,194.2298,"SPEECH, CHILD, 3 YEAR, SPEECH"
c2110_speech_3_year_speech_2,c2110,speech_3_year_speech_2,25511,57.49,TRUE,47.7534,44.5806,"SPEECH, CHILD, 3 YEAR, SPEECH"
c2110_3_year_speech_2,c2110,3_year_speech_2,25511,57.49,TRUE,4.3289,4.065,"CHILD, 3 YEAR, SPEECH"
c2110_3_year_speech_speech,c2110,3_year_speech_speech,25511,57.49,TRUE,4.352,4.043,"CHILD, 3 YEAR, SPEECH, SPEECH"
c2110_3_year_slr_exam,c2110,3_year_slr_exam,25511,57.49,TRUE,4.3279,4.0656,"CHILD, 3 YEAR, SLR EXAM"
c2110_3_year_slr_exam_2,c2110,3_year_slr_exam_2,25511,57.49,TRUE,4.7603,3.6096,"CHILD, 3 YEAR, SLR EXAM"
c2110_3_year_speech_4,c2110,3_year_speech_4,25511,57.49,TRUE,4.3621,4.032,"CHILD, 3 YEAR, SPEECH"
c2110_3_year_speech_5,c2110,3_year_speech_5,25511,57.49,TRUE,0.7224,2.0459,"CHILD, 3 YEAR, SPEECH"
c2110_3_year_speech_6,c2110,3_year_speech_6,25511,57.49,TRUE,7.1504,24.1934,"CHILD, 3 YEAR, SPEECH (REPEATED FROM ABOVE)"
c2110_3_year_speech_7,c2110,3_year_speech_7,25511,57.49,TRUE,6.1119,22.3547,"CHILD, 3 YEAR, SPEECH (REPEATED FROM ABOVE)"
c2110_3_year_speech_8,c2110,3_year_speech_8,25511,57.49,TRUE,0.2936,1.4911,"CHILD, 3 YEAR, SPEECH (REPEATED FROM ABOVE)"
c2110_3_year_slr_exam_3,c2110,3_year_slr_exam_3,25511,57.49,TRUE,0.1623,1.1623,"CHILD, 3 YEAR, SLR EXAM (REPEATED FROM ABOVE)"
c2110_3_year_slr_exam_4,c2110,3_year_slr_exam_4,25511,57.49,TRUE,0.3088,1.5218,"CHILD, 3 YEAR, SLR EXAM (REPEATED FROM ABOVE)"
c2110_3_year_speech_9,c2110,3_year_speech_9,25511,57.49,TRUE,0.6408,1.8736,"CHILD, 3 YEAR, SPEECH (REPEATED FROM ABOVE)"
c2110_3_year_speech_10,c2110,3_year_speech_10,25511,57.49,TRUE,0.2646,1.453,"CHILD, 3 YEAR, SPEECH (REPEATED FROM ABOVE)"
c2110_3_year_slr_exam_5,c2110,3_year_slr_exam_5,25511,57.49,TRUE,0.2964,1.5292,"CHILD, 3 YEAR, SLR EXAM (REPEATED FROM ABOVE)"
c2110_3_year_speech_11,c2110,3_year_speech_11,25511,57.49,TRUE,3.7024,7.4393,"CHILD, 3 YEAR, SPEECH (REPEATED FROM ABOVE)"
c2110_3_year_slr_exam_6,c2110,3_year_slr_exam_6,25511,57.49,TRUE,0.1521,0.6456,"CHILD, 3 YEAR, SLR EXAM (REPEATED FROM ABOVE)"
c2110_auditory_unusual_observation_2nd_trial_b,c2110,auditory_unusual_observation_2nd_trial_b,25511,57.49,TRUE,2.1198,7.1847,"AUDITORY (UNUSUAL) OBSERVATION, 2ND TRIAL, CHILD, BLR EXAM (REPEATED FROM ABOVE)"
c2110_3_year_slr_exam_7,c2110,3_year_slr_exam_7,25511,57.49,TRUE,0.5992,2.025,"CHILD, 3 YEAR, SLR EXAM (REPEATED FROM ABOVE)"
c2110_chip_number_sequence_form_type_form_numb,c2110,chip_number_sequence_form_type_form_numb,25511,57.49,TRUE,0.0844,0.6043,"CHIP NUMBER (SEQUENCE), FORM TYPE, FORM NUMBER, ROTATION NUMBER)"
c2110_auditory_unusual_observation_eye_trial_3,c2110,auditory_unusual_observation_eye_trial_3,25511,57.49,TRUE,1.027,6.675,"AUDITORY (UNUSUAL) OBSERVATION, EYE TRIAL, CHILD, 3 YEAR, SLR EXAM (REPEATED FROM ABOVE)"
c2110_auditory_unusual_observation_total_numbe,c2110,auditory_unusual_observation_total_numbe,25511,57.49,TRUE,10.3218,67.2979,"AUDITORY UNUSUAL OBSERVATION, TOTAL NUMBER, CHILD, 3 YEAR, SLR EXAM (REPEATED FROM ABOVE)"
c2110_child_2,c2110,child_2,25511,57.49,TRUE,0.0517,0.5804,"CHILD, PSYCH EXAM, CHILD, 4 YEAR, PATCH EXAM"
c2110_f31e_unusual_behavior_total,c2110,f31e_unusual_behavior_total,25511,57.49,TRUE,0.7095,1.1273,F31e_Unusual behavior_total
c1110_referral__test,c1110,referral__test,25508,57.5,TRUE,1.5585,2.2558,Referral - Test
c2403_f02a2403,c2403,f02a2403,25040,58.28,TRUE,6.5853,3.4727,f02a2403
c2403_f02b2403,c2403,f02b2403,25040,58.28,TRUE,15.6248,8.7677,f02b2403
c2403_f02c2403,c2403,f02c2403,25040,58.28,TRUE,62.5603,1.8018,f02c2403
c2403_f03_2403,c2403,f03_2403,25040,58.28,TRUE,862.7141,366.736,f03_2403
c2403_neonatal,c2403,neonatal,8384,86.03,TRUE,9.5276,6.5528,"CHILD, NEONATAL, ADMINISTRATIVE"
c2403_neonatal_hospitalizations,c2403,neonatal_hospitalizations,8384,86.03,TRUE,991.8633,653.4705,"CHILD, NEONATAL, HOSPITALIZATIONS"
c2403_neonatal_hospitalizations_2,c2403,neonatal_hospitalizations_2,60016,0,FALSE,"","","NEONATAL, HOSPITALIZATIONS"
c2403_neonatal_2,c2403,neonatal_2,60016,0,FALSE,"","","CHILD, NEONATAL, ADMINISTRATIVE, PROCEDURE"
c2403_neonatal_3,c2403,neonatal_3,8384,86.03,TRUE,39.1081,25.7742,"CHILD, NEONATAL, ADMINISTRATIVE, PROCEDURE"
c2403_neonatal_4,c2403,neonatal_4,2995,95.01,TRUE,11.2945,10.2749,"CHILD, NEONATAL, DIAGNOSIS & CONDITIONS"
c2403_neonatal_hospitalizations_3,c2403,neonatal_hospitalizations_3,2995,95.01,TRUE,1156.219,1028.8185,"CHILD, NEONATAL, HOSPITALIZATIONS"
c2403_neonatal_5,c2403,neonatal_5,2995,95.01,TRUE,26.7699,26.6219,"CHILD, NEONATAL, DIAGNOSIS & CONDITIONS"
c2403_neonatal_hospitalizations_4,c2403,neonatal_hospitalizations_4,1668,97.22,TRUE,13.3825,14.1005,"CHILD, NEONATAL, HOSPITALIZATIONS"
c2403_neonatal_hospitalizations_5,c2403,neonatal_hospitalizations_5,1668,97.22,TRUE,22.4508,25.5253,"CHILD, NEONATAL, HOSPITALIZATIONS"
c2403_neonatal_hospitalizations_6,c2403,neonatal_hospitalizations_6,921,98.47,TRUE,17.0174,19.5585,"CHILD, NEONATAL, HOSPITALIZATIONS"
c2403_general_5,c2403,general_5,921,98.47,TRUE,1722.9761,1958.1921,"CHILD, GENERAL, PROCEDURE"
c2403_neonatal_hospitalizations_7,c2403,neonatal_hospitalizations_7,921,98.47,TRUE,21.2389,24.8652,"CHILD, NEONATAL, HOSPITALIZATIONS"
c5140_f2a_age_years,c5140,f2a_age_years,24291,59.53,TRUE,7.5697,0.6034,F2a_Age years
c5140_f2a_age_months,c5140,f2a_age_months,24291,59.53,TRUE,5.1755,4.9474,F2a_Age months
c5140_f2c_examiner,c5140,f2c_examiner,24291,59.53,TRUE,8.5664,14.3802,F2c_Examiner
c5140_f3a_lips_retraction,c5140,f3a_lips_retraction,24291,59.53,TRUE,1.0387,0.4527,F3a_Lips retraction
c5140_articulation_speech,c5140,articulation_speech,24291,59.53,TRUE,11551419.7656,4892408.1568,"ARTICULATION, CHILD, 8 YEAR, SPEECH"
c5140_intelligibility_speech,c5140,intelligibility_speech,24291,59.53,TRUE,0.1067,0.85,"INTELLIGIBILITY, CHILD, 8 YEAR, SPEECH"
c5140_fluency_speech,c5140,fluency_speech,24291,59.53,TRUE,0.0701,0.6908,"FLUENCY, CHILD, 8 YEAR, SPEECH"
c5140_voice_speech,c5140,voice_speech,24291,59.53,TRUE,1.0664,0.5875,"VOICE, CHILD, 8 YEAR, SPEECH"
c5140_hearing_speech,c5140,hearing_speech,24291,59.53,TRUE,0.0702,0.5357,"HEARING, CHILD, 8 YEAR, SPEECH"
c5140_palatal_function_speech,c5140,palatal_function_speech,24291,59.53,TRUE,0.0406,0.528,"PALATAL FUNCTION, CHILD, 8 YEAR, SPEECH"
c5140_overall_speech,c5140,overall_speech,24291,59.53,TRUE,1.0656,0.5417,"OVERALL, CHILD, 8 YEAR, SPEECH"
c5140_dysarthria_speech,c5140,dysarthria_speech,24291,59.53,TRUE,11.8628,5.3032,"DYSARTHRIA, CHILD, 8 YEAR, SPEECH"
c5140_dyspraxia_speech,c5140,dyspraxia_speech,24291,59.53,TRUE,1.1633,0.6866,"DYSPRAXIA, CHILD, 8 YEAR, SPEECH"
c5140_word_finding_speech,c5140,word_finding_speech,24291,59.53,TRUE,1.0902,0.4864,"WORD FINDING, CHILD, 8 YEAR, SPEECH"
c5140_dysfluency_speech,c5140,dysfluency_speech,24291,59.53,TRUE,0.0456,0.5089,"DYSFLUENCY, CHILD, 8 YEAR, SPEECH"
c5140_jargon_speech,c5140,jargon_speech,24291,59.53,TRUE,0.0383,0.4909,"JARGON, CHILD, 8 YEAR, SPEECH"
c5140_echolalia_speech,c5140,echolalia_speech,24291,59.53,TRUE,0.3467,5.268,"ECHOLALIA, CHILD, 8 YEAR, SPEECH"
c5140_neologism_speech,c5140,neologism_speech,24291,59.53,TRUE,0.1742,0.5611,"NEOLOGISM, CHILD, 8 YEAR, SPEECH"
c5140_perseveration_speech,c5140,perseveration_speech,24291,59.53,TRUE,0.2862,0.615,"PERSEVERATION, CHILD, 8 YEAR, SPEECH"
c5140_paraphasia_speech,c5140,paraphasia_speech,24291,59.53,TRUE,0.0332,0.4738,"PARAPHASIA, CHILD, 8 YEAR, SPEECH"
c5140_disinhibition_speech,c5140,disinhibition_speech,24291,59.53,TRUE,0.0487,0.4975,"DISINHIBITION, CHILD, 8 YEAR, SPEECH"
c5140_other_speech,c5140,other_speech,24291,59.53,TRUE,45.7582,7.2911,"OTHER, CHILD, 8 YEAR, SPEECH"
c5140_impression_speech,c5140,impression_speech,24291,59.53,TRUE,2.3032,13.3441,"IMPRESSION, CHILD, 8 YEAR, SPEECH"
c5140_impression_speech_2,c5140,impression_speech_2,24291,59.53,TRUE,1.6966,10.1912,"IMPRESSION, CHILD, 8 YEAR, SPEECH"
c5140_impression_speech_3,c5140,impression_speech_3,24291,59.53,TRUE,0.0268,0.4864,"IMPRESSION, CHILD, 8 YEAR, SPEECH"
c5140_impression_speech_4,c5140,impression_speech_4,24291,59.53,TRUE,0.3693,5.3544,"IMPRESSION, CHILD, 8 YEAR, SPEECH"
c5140_examiner_competent_examiner_lateral_pref,c5140,examiner_competent_examiner_lateral_pref,24291,59.53,TRUE,0.033,0.5012,"EXAMINER, COMPETENT EXAMINER, LATERAL PREFERENCE, CHILD, 8 YEAR, SPEECH"
c5140_f21e_tongue_&_palate_short_ling_palate,c5140,f21e_tongue_&_palate_short_ling_palate,24291,59.53,TRUE,0.0381,0.5001,F21e_Tongue & palate_short ling palate
c5140_f21f_tongue_&_palate_cleft_lip,c5140,f21f_tongue_&_palate_cleft_lip,24291,59.53,TRUE,0.0255,0.4664,F21f_Tongue & palate_cleft lip
c5140_f22a_teeth_malocculsions,c5140,f22a_teeth_malocculsions,24291,59.53,TRUE,0.376,0.7123,F22a_Teeth_malocculsions
c5140_f22b_teeth_missing_teeth,c5140,f22b_teeth_missing_teeth,24291,59.53,TRUE,0.489,0.7063,F22b_Teeth_missing teeth
c5140_f22c_teeth_drooling,c5140,f22c_teeth_drooling,24291,59.53,TRUE,0.0496,0.6417,F22c_Teeth_drooling
c5140_f22d_teeth_mouth,c5140,f22d_teeth_mouth,24291,59.53,TRUE,0.0889,0.5088,F22d_Teeth_mouth
c5140_f22e_teeth_other,c5140,f22e_teeth_other,24291,59.53,TRUE,0.095,0.5658,F22e_Teeth_other
c5140_f23_hands_and_arms,c5140,f23_hands_and_arms,24291,59.53,TRUE,0.173,1.1236,F23_Hands and arms
c5140_f24_legs,c5140,f24_legs,24291,59.53,TRUE,0.1574,1.1112,F24_Legs
c5140_f25_general_awkwardness,c5140,f25_general_awkwardness,24291,59.53,TRUE,0.0343,0.4395,F25_General awkwardness
c5140_f26_purposeless_hand_motions,c5140,f26_purposeless_hand_motions,24291,59.53,TRUE,0.0276,0.3613,F26_Purposeless hand motions
c5140_f27_unusual_posturing,c5140,f27_unusual_posturing,24291,59.53,TRUE,0.0203,0.3516,F27_Unusual posturing
c5140_f28_excessive_crying,c5140,f28_excessive_crying,24291,59.53,TRUE,0.0168,0.3382,F28_Excessive crying
c5140_f29_excessive_laughing,c5140,f29_excessive_laughing,24291,59.53,TRUE,0.0154,0.3317,F29_Excessive laughing
c5140_f30_hyperactivity,c5140,f30_hyperactivity,24291,59.53,TRUE,0.0344,0.3579,F30_Hyperactivity
c5140_f31_hypoactivity,c5140,f31_hypoactivity,24291,59.53,TRUE,0.0242,0.3399,F31_Hypoactivity
c5140_f32_lack_of_spontaneous_communication,c5140,f32_lack_of_spontaneous_communication,24291,59.53,TRUE,0.0921,0.4189,F32_Lack of spontaneous communication
c5140_f33_withdrawal,c5140,f33_withdrawal,24291,59.53,TRUE,0.0248,0.345,F33_Withdrawal
c5140_f34_distractibility,c5140,f34_distractibility,24291,59.53,TRUE,0.0407,0.374,F34_Distractibility
c5140_f35_negativism,c5140,f35_negativism,24291,59.53,TRUE,0.0247,0.3575,F35_Negativism
c6140_f2a_age_years,c6140,f2a_age_years,24291,59.53,TRUE,7.5688,0.6092,F2a_Age years
c6140_f2a_age_months,c6140,f2a_age_months,24291,59.53,TRUE,5.1753,4.9475,F2a_Age months
c6140_f2c_examiner,c6140,f2c_examiner,24291,59.53,TRUE,8.5782,14.4154,F2c_Examiner
c6140_f3_perseveration,c6140,f3_perseveration,24291,59.53,TRUE,0.0185,0.3449,F3_Perseveration
c6140_f4_echolalia,c6140,f4_echolalia,24291,59.53,TRUE,0.0171,0.3472,F4_Echolalia
c6140_f5_impulsivity,c6140,f5_impulsivity,24291,59.53,TRUE,0.0261,0.3593,F5_Impulsivity
c6140_f6_echopraxia,c6140,f6_echopraxia,24291,59.53,TRUE,0.0139,0.3427,F6_Echopraxia
c6140_f7_motor_disinhibition,c6140,f7_motor_disinhibition,24291,59.53,TRUE,0.016,0.3456,F7_Motor disinhibition
c6140_f8_short_attention_span,c6140,f8_short_attention_span,24291,59.53,TRUE,0.0454,0.3757,F8_Short attention span
c6140_f9_tics,c6140,f9_tics,24291,59.53,TRUE,0.0148,0.3397,F9_Tics
c6140_f10_tremors,c6140,f10_tremors,24291,59.53,TRUE,0.0143,0.3346,F10_Tremors
c6140_f11_other,c6140,f11_other,24291,59.53,TRUE,0.107,0.4563,F11_Other
c6140_f12_referral,c6140,f12_referral,24291,59.53,TRUE,3.5758,4.3161,F12_Referral
c6140_communication_language,c6140,communication_language,24291,59.53,TRUE,45.7175,39.7952,"COMMUNICATION, CHILD, 8 YEAR, LANGUAGE"
c6140_communication_language_2,c6140,communication_language_2,24291,59.53,TRUE,50.165,35.1084,"COMMUNICATION, CHILD, 8 YEAR, LANGUAGE"
c6140_communication_language_3,c6140,communication_language_3,24291,59.53,TRUE,2.6923,3.911,"COMMUNICATION, CHILD, 8 YEAR, LANGUAGE"
c3140_f2a_age_years,c3140,f2a_age_years,24290,59.53,TRUE,7.5702,0.6014,F2a_Age years
c3140_f2b_age_months,c3140,f2b_age_months,24290,59.53,TRUE,5.1732,4.9472,F2b_Age months
c3140_f2c_examiner,c3140,f2c_examiner,24290,59.53,TRUE,8.5738,14.4036,F2c_Examiner
c3140_f3a_word_id_errors,c3140,f3a_word_id_errors,24290,59.53,TRUE,12.1615,6.29,F3a_Word id_errors
c3140_f3b_word_id_raw_score,c3140,f3b_word_id_raw_score,24290,59.53,TRUE,65.7117,58.1201,F3b_Word id_raw score
c3140_f3c_word_id_vocab_age,c3140,f3c_word_id_vocab_age,24290,59.53,TRUE,732.9765,622.5281,F3c_Word id_vocab age
c3140_f3d_word_id_adequacy_of_exam,c3140,f3d_word_id_adequacy_of_exam,24290,59.53,TRUE,1.0442,0.5565,F3d_Word id_adequacy of exam
c3140_communication_language,c3140,communication_language,24290,59.53,TRUE,14.1696,6.2761,"COMMUNICATION, CHILD, 8 YEAR, LANGUAGE"
c3140_communication_language_2,c3140,communication_language_2,24290,59.53,TRUE,12.1365,4.8618,"COMMUNICATION, CHILD, 8 YEAR, LANGUAGE"
c3140_communication_language_3,c3140,communication_language_3,24290,59.53,TRUE,17.9572,6.5315,"COMMUNICATION, CHILD, 8 YEAR, LANGUAGE"
c3140_communication_language_4,c3140,communication_language_4,24290,59.53,TRUE,11.8266,5.0007,"COMMUNICATION, CHILD, 8 YEAR, LANGUAGE"
c3140_communication_language_5,c3140,communication_language_5,24290,59.53,TRUE,13.8884,6.4708,"COMMUNICATION, CHILD, 8 YEAR, LANGUAGE"
c3140_communication_language_6,c3140,communication_language_6,24290,59.53,TRUE,16.9313,7.053,"COMMUNICATION, CHILD, 8 YEAR, LANGUAGE"
c3140_communication_language_7,c3140,communication_language_7,24290,59.53,TRUE,8.1993,5.1965,"COMMUNICATION, CHILD, 8 YEAR, LANGUAGE"
c3140_communication_language_8,c3140,communication_language_8,24290,59.53,TRUE,1.0217,0.4052,"COMMUNICATION, CHILD, 8 YEAR, LANGUAGE"
c3140_communication_language_9,c3140,communication_language_9,24290,59.53,TRUE,14.0178,7.2,"COMMUNICATION, CHILD, 8 YEAR, LANGUAGE"
c3140_morphology_language,c3140,morphology_language,24290,59.53,TRUE,14.3984,7.4126,"MORPHOLOGY, CHILD, 8 YEAR, LANGUAGE"
c3140_connected_discourse_language,c3140,connected_discourse_language,24290,59.53,TRUE,17.27,7.1624,"CONNECTED DISCOURSE, CHILD, 8 YEAR, LANGUAGE"
c3140_comprehension_understanding_a_story_non,c3140,comprehension_understanding_a_story_non,24290,59.53,TRUE,22.8875,14.5228,"COMPREHENSION, UNDERSTANDING A STORY, NON-EQUIVALENT, CHILD, 8 YEAR, LANGUAGE"
c3140_comprehension_oral_number_of_concept_lan,c3140,comprehension_oral_number_of_concept_lan,24290,59.53,TRUE,7.0714,0.3711,"COMPREHENSION, ORAL, NUMBER OF CONCEPT, CHILD, 8 YEAR, LANGUAGE"
c3140_word_identification_language,c3140,word_identification_language,24290,59.53,TRUE,25.6786,18.2698,"WORD IDENTIFICATION, CHILD, 8 YEAR, LANGUAGE"
c3140_morphology_language_2,c3140,morphology_language_2,24290,59.53,TRUE,20.8017,19.3108,"MORPHOLOGY, CHILD, 8 YEAR, LANGUAGE"
c3140_connected_discourse_language_2,c3140,connected_discourse_language_2,24290,59.53,TRUE,33.892,25.8476,"CONNECTED DISCOURSE, CHILD, 8 YEAR, LANGUAGE"
c3140_writing_language,c3140,writing_language,24290,59.53,TRUE,41.9128,29.3707,"WRITING, CHILD, 8 YEAR, LANGUAGE"
c3140_writing_directionality_language,c3140,writing_directionality_language,24290,59.53,TRUE,51.8662,30.9287,"WRITING DIRECTIONALITY, CHILD, 8 YEAR, LANGUAGE"
c3140_writing_directionality_language_2,c3140,writing_directionality_language_2,24290,59.53,TRUE,68.1824,25.4929,"WRITING DIRECTIONALITY, CHILD, 8 YEAR, LANGUAGE"
c3140_language_use_language,c3140,language_use_language,24290,59.53,TRUE,76.4721,21.4472,"LANGUAGE USE, CHILD, 8 YEAR, LANGUAGE"
c3140_language_use_language_2,c3140,language_use_language_2,24290,59.53,TRUE,16.7965,12.2691,"LANGUAGE USE, CHILD, 8 YEAR, LANGUAGE"
c3140_language_total_language,c3140,language_total_language,24290,59.53,TRUE,20.6945,9.3856,"LANGUAGE TOTAL, CHILD, 8 YEAR, LANGUAGE"
c4140_f2a_age_years,c4140,f2a_age_years,24288,59.53,TRUE,7.5695,0.6053,F2a_Age years
c4140_f2a_age_months,c4140,f2a_age_months,24288,59.53,TRUE,5.174,4.9471,F2a_Age months
c4140_f2c_examiner,c4140,f2c_examiner,24288,59.53,TRUE,8.5763,14.405,F2c_Examiner
c4140_f3a_errors_aid,c4140,f3a_errors_aid,24288,59.53,TRUE,7.0683,13.4274,F3a_Errors_aid
c4140_f3b_errors_gross_mispronunciation,c4140,f3b_errors_gross_mispronunciation,24288,59.53,TRUE,2.2456,12.9057,F3b_Errors_gross mispronunciation
c4140_f3c_errors_partial_mispronunciation,c4140,f3c_errors_partial_mispronunciation,24288,59.53,TRUE,3.3065,12.8341,F3c_Errors_partial mispronunciation
c4140_f3d_errors_omission,c4140,f3d_errors_omission,24288,59.53,TRUE,2.5588,12.8367,F3d_Errors_omission
c4140_f3e_errors_insertion,c4140,f3e_errors_insertion,24288,59.53,TRUE,2.6571,12.7169,F3e_Errors_insertion
c4140_communication_language,c4140,communication_language,24288,59.53,TRUE,8.1776,13.0475,"COMMUNICATION, CHILD, 8 YEAR, LANGUAGE"
c4140_communication_language_2,c4140,communication_language_2,24288,59.53,TRUE,5.6294,12.7208,"COMMUNICATION, CHILD, 8 YEAR, LANGUAGE"
c4140_communication_language_3,c4140,communication_language_3,24288,59.53,TRUE,1.9497,12.8543,"COMMUNICATION, CHILD, 8 YEAR, LANGUAGE"
c4140_communication_language_4,c4140,communication_language_4,24288,59.53,TRUE,12.8062,6.4969,"COMMUNICATION, CHILD, 8 YEAR, LANGUAGE"
c4140_communication_language_5,c4140,communication_language_5,24288,59.53,TRUE,27.7141,28.5744,"COMMUNICATION, CHILD, 8 YEAR, LANGUAGE"
c4140_communication_language_6,c4140,communication_language_6,24288,59.53,TRUE,13.3717,8.1469,"COMMUNICATION, CHILD, 8 YEAR, LANGUAGE"
c4140_communication_language_7,c4140,communication_language_7,24288,59.53,TRUE,30.265,29.1332,"COMMUNICATION, CHILD, 8 YEAR, LANGUAGE"
c4140_communication_language_8,c4140,communication_language_8,24288,59.53,TRUE,2.7472,2.656,"COMMUNICATION, CHILD, 8 YEAR, LANGUAGE"
c4140_communication_language_9,c4140,communication_language_9,24288,59.53,TRUE,30.916,24.969,"COMMUNICATION, CHILD, 8 YEAR, LANGUAGE"
c4140_morphology_language,c4140,morphology_language,24288,59.53,TRUE,42.6182,33.6454,"MORPHOLOGY, CHILD, 8 YEAR, LANGUAGE"
c4140_connected_discourse_language,c4140,connected_discourse_language,24288,59.53,TRUE,81.0877,10.4918,"CONNECTED DISCOURSE, CHILD, 8 YEAR, LANGUAGE"
c4140_comprehension_understanding_a_story_non,c4140,comprehension_understanding_a_story_non,24288,59.53,TRUE,11.9046,7.9845,"COMPREHENSION, UNDERSTANDING A STORY, NON-EQUIVALENT, CHILD, 8 YEAR, LANGUAGE"
c4140_comprehension_oral_number_of_concept_lan,c4140,comprehension_oral_number_of_concept_lan,24288,59.53,TRUE,4.7927,2.9373,"COMPREHENSION, ORAL, NUMBER OF CONCEPT, CHILD, 8 YEAR, LANGUAGE"
c4140_word_identification_language,c4140,word_identification_language,24288,59.53,TRUE,66.5194,18.1791,"WORD IDENTIFICATION, CHILD, 8 YEAR, LANGUAGE"
c4140_morphology_language_2,c4140,morphology_language_2,24288,59.53,TRUE,41.4152,32.1584,"MORPHOLOGY, CHILD, 8 YEAR, LANGUAGE"
c4140_connected_discourse_language_2,c4140,connected_discourse_language_2,24288,59.53,TRUE,12.0306,8.5332,"CONNECTED DISCOURSE, CHILD, 8 YEAR, LANGUAGE"
c4140_writing_language,c4140,writing_language,24288,59.53,TRUE,9.8263,12.2014,"WRITING, CHILD, 8 YEAR, LANGUAGE"
c4140_writing_directionality_language,c4140,writing_directionality_language,24288,59.53,TRUE,8.9954,12.0261,"WRITING DIRECTIONALITY, CHILD, 8 YEAR, LANGUAGE"
c4140_writing_directionality_language_2,c4140,writing_directionality_language_2,24288,59.53,TRUE,2.6871,8.6776,"WRITING DIRECTIONALITY, CHILD, 8 YEAR, LANGUAGE"
c4140_language_use_language,c4140,language_use_language,24288,59.53,TRUE,79.4315,11.7943,"LANGUAGE USE, CHILD, 8 YEAR, LANGUAGE"
c4140_language_use_language_2,c4140,language_use_language_2,24288,59.53,TRUE,16.6993,15.9445,"LANGUAGE USE, CHILD, 8 YEAR, LANGUAGE"
c4140_language_total_language,c4140,language_total_language,24288,59.53,TRUE,37.3211,22.7654,"LANGUAGE TOTAL, CHILD, 8 YEAR, LANGUAGE"
c4140_language_stuttering_language,c4140,language_stuttering_language,24288,59.53,TRUE,8.561,16.3267,"LANGUAGE, STUTTERING, CHILD, 8 YEAR, LANGUAGE"
c4140_language_total_language_2,c4140,language_total_language_2,24288,59.53,TRUE,4.1576,11.2169,"LANGUAGE TOTAL, CHILD, 8 YEAR, LANGUAGE"
c4140_language_for_directory_language,c4140,language_for_directory_language,24288,59.53,TRUE,0.5871,1.3003,"LANGUAGE FOR DIRECTORY, CHILD, 8 YEAR, LANGUAGE"
c4140_language_language,c4140,language_language,24288,59.53,TRUE,11.6285,6.1185,"LANGUAGE, CHILD, 8 YEAR, LANGUAGE"
c3345_clinical_lab,c3345,clinical_lab,60016,0,FALSE,"","","Clinical lab, PRENATAL, CLINICAL LAB (REPEATED FROM ABOVE)"
c3501_unit_father_husband_or_father_of_baby,c3501,unit_father_husband_or_father_of_baby,24163,59.74,TRUE,0,0,"UNIT, FATHER, HUSBAND OR FATHER OF BABY"
c3501_status_father,c3501,status_father,24163,59.74,TRUE,58.5388,26.4113,"STATUS, FATHER"
c3501_finding_diagnostic_father_of_baby_husban,c3501,finding_diagnostic_father_of_baby_husban,24163,59.74,TRUE,23.2581,36.1977,"FINDING, DIAGNOSTIC, FATHER OF BABY, HUSBAND OR FATHER OF BABY"
c3501_finding_diagnostic_origin_incl_husband_o,c3501,finding_diagnostic_origin_incl_husband_o,24163,59.74,TRUE,19.7216,37.7861,"FINDING, DIAGNOSTIC, ORIGIN, (INCL), HUSBAND OR FATHER OF BABY"
c3501_finding_diagnostic_income_incl_husband_o,c3501,finding_diagnostic_income_incl_husband_o,24163,59.74,TRUE,1.716,3.4715,"FINDING, DIAGNOSTIC, INCOME, (INCL), HUSBAND OR FATHER OF BABY"
c3501_finding_diagnostic_incl_father_of_baby,c3501,finding_diagnostic_incl_father_of_baby,24163,59.74,TRUE,23.1965,36.2125,"FINDING, DIAGNOSTIC, (INCL), FATHER OF BABY"
c3501_finding_diagnostic_mo_husband_or_father,c3501,finding_diagnostic_mo_husband_or_father,24163,59.74,TRUE,2401022.1653,3631839.6221,"FINDING, DIAGNOSTIC, (MO), HUSBAND OR FATHER OF BABY"
c3501_finding_diagnostic_date_started_yr_husba,c3501,finding_diagnostic_date_started_yr_husba,24163,59.74,TRUE,813.3735,283.1435,"FINDING, DIAGNOSTIC, DATE STARTED (YR), HUSBAND OR FATHER OF BABY"
c3501_finding_diagnostic_date_started_yr_husba_2,c3501,finding_diagnostic_date_started_yr_husba_2,24163,59.74,TRUE,2.9248,4.0597,"FINDING, DIAGNOSTIC, DATE STARTED (YR), HUSBAND OR FATHER OF BABY"
c3501_finding_amount_pregnancy_1_mo_info,c3501,finding_amount_pregnancy_1_mo_info,24163,59.74,TRUE,63.3653,33.7037,"FINDING, AMOUNT, PREGNANCY, 1 MO., PRENATAL, FAMILY, PRENATAL, PRENATAL INFO"
c3501_finding_history_hospital_info,c3501,finding_history_hospital_info,24163,59.74,TRUE,483.5636,260.7469,"FINDING, HISTORY, HOSPITAL, FAMILY, PRENATAL, PRENATAL INFO"
c3501_hospitalization_info,c3501,hospitalization_info,24163,59.74,TRUE,1135380243.5216,2886834851.1537,"HOSPITALIZATION, REGISTRATION, FAMILY, PRENATAL, PRENATAL INFO"
c1140_v0_f5a_age_years,c1140_v0,f5a_age_years,23991,60.03,TRUE,7.5703,0.5888,F5a_Age years
c1140_v0_f5b_age_months,c1140_v0,f5b_age_months,23991,60.03,TRUE,5.1879,4.9504,F5b_Age months
c1140_v0_f6_examiner,c1140_v0,f6_examiner,23991,60.03,TRUE,8.4926,14.2331,F6_Examiner
c1140_v0_f7a_air_conduction_rt_ear_250cps,c1140_v0,f7a_air_conduction_rt_ear_250cps,23991,60.03,TRUE,12.3482,10.1918,F7a_Air conduction rt ear_250cps
c1140_v0_f7b_air_conduction_rt_ear_500cps,c1140_v0,f7b_air_conduction_rt_ear_500cps,23991,60.03,TRUE,10.1249,10.1816,F7b_Air conduction rt ear_500cps
c1140_v0_f7c_air_conduction_rt_ear_1000cps,c1140_v0,f7c_air_conduction_rt_ear_1000cps,23991,60.03,TRUE,7.3796,10.15,F7c_Air conduction rt ear_1000cps
c1140_v0_f7d_air_conduction_rt_ear_2000cps,c1140_v0,f7d_air_conduction_rt_ear_2000cps,23991,60.03,TRUE,6.9823,10.2431,F7d_Air conduction rt ear_2000cps
c1140_v0_f7e_air_conduction_rt_ear_4000cps,c1140_v0,f7e_air_conduction_rt_ear_4000cps,23991,60.03,TRUE,8.5743,11.1883,F7e_Air conduction rt ear_4000cps
c1140_v0_communication_language,c1140_v0,communication_language,23991,60.03,TRUE,10.6881,12.2407,"COMMUNICATION, CHILD, 8 YEAR, LANGUAGE"
c1140_v0_communication_language_2,c1140_v0,communication_language_2,23991,60.03,TRUE,12.4559,10.3003,"COMMUNICATION, CHILD, 8 YEAR, LANGUAGE"
c1140_v0_communication_language_3,c1140_v0,communication_language_3,23991,60.03,TRUE,10.1344,10.2792,"COMMUNICATION, CHILD, 8 YEAR, LANGUAGE"
c1140_v0_communication_language_4,c1140_v0,communication_language_4,23991,60.03,TRUE,7.3896,10.162,"COMMUNICATION, CHILD, 8 YEAR, LANGUAGE"
c1140_v0_communication_language_5,c1140_v0,communication_language_5,23991,60.03,TRUE,7.2859,10.226,"COMMUNICATION, CHILD, 8 YEAR, LANGUAGE"
c1140_v0_communication_language_6,c1140_v0,communication_language_6,23991,60.03,TRUE,8.7793,11.1276,"COMMUNICATION, CHILD, 8 YEAR, LANGUAGE"
c1140_v0_communication_language_7,c1140_v0,communication_language_7,23991,60.03,TRUE,10.8791,12.2463,"COMMUNICATION, CHILD, 8 YEAR, LANGUAGE"
c1140_v0_communication_language_8,c1140_v0,communication_language_8,23991,60.03,TRUE,1.059,0.6656,"COMMUNICATION, CHILD, 8 YEAR, LANGUAGE"
c1140_v0_communication_language_9,c1140_v0,communication_language_9,23991,60.03,TRUE,10.7025,7.2574,"COMMUNICATION, CHILD, 8 YEAR, LANGUAGE"
c1140_v0_morphology_language,c1140_v0,morphology_language,23991,60.03,TRUE,0.696,8.141,"MORPHOLOGY, CHILD, 8 YEAR, LANGUAGE"
c1140_v0_connected_discourse_language,c1140_v0,connected_discourse_language,23991,60.03,TRUE,0.6979,8.1214,"CONNECTED DISCOURSE, CHILD, 8 YEAR, LANGUAGE"
c1140_v0_comprehension_understanding_a_story_non,c1140_v0,comprehension_understanding_a_story_non,23991,60.03,TRUE,0.7192,8.2124,"COMPREHENSION, UNDERSTANDING A STORY, NON-EQUIVALENT, CHILD, 8 YEAR, LANGUAGE"
c1140_v0_comprehension_oral_number_of_concept_lan,c1140_v0,comprehension_oral_number_of_concept_lan,23991,60.03,TRUE,0.0634,0.7434,"COMPREHENSION, ORAL, NUMBER OF CONCEPT, CHILD, 8 YEAR, LANGUAGE"
c1140_v0_word_identification_language,c1140_v0,word_identification_language,23991,60.03,TRUE,0.8954,9.0459,"WORD IDENTIFICATION, CHILD, 8 YEAR, LANGUAGE"
c1140_v0_morphology_language_2,c1140_v0,morphology_language_2,23991,60.03,TRUE,0.9544,9.3281,"MORPHOLOGY, CHILD, 8 YEAR, LANGUAGE"
c1140_v0_connected_discourse_language_2,c1140_v0,connected_discourse_language_2,23991,60.03,TRUE,0.8267,8.7316,"CONNECTED DISCOURSE, CHILD, 8 YEAR, LANGUAGE"
c1140_v0_writing_language,c1140_v0,writing_language,23991,60.03,TRUE,0.8273,8.7073,"WRITING, CHILD, 8 YEAR, LANGUAGE"
c1140_v0_writing_directionality_language,c1140_v0,writing_directionality_language,23991,60.03,TRUE,0.8226,8.6809,"WRITING DIRECTIONALITY, CHILD, 8 YEAR, LANGUAGE"
c1140_v0_writing_directionality_language_2,c1140_v0,writing_directionality_language_2,23991,60.03,TRUE,0.8479,8.8041,"WRITING DIRECTIONALITY, CHILD, 8 YEAR, LANGUAGE"
c1140_v0_language_use_language,c1140_v0,language_use_language,23991,60.03,TRUE,0.8874,8.9777,"LANGUAGE USE, CHILD, 8 YEAR, LANGUAGE"
c1140_v0_language_use_language_2,c1140_v0,language_use_language_2,23991,60.03,TRUE,0.9225,9.1561,"LANGUAGE USE, CHILD, 8 YEAR, LANGUAGE"
c1140_v0_language_total_language,c1140_v0,language_total_language,23991,60.03,TRUE,12.2538,12.7505,"LANGUAGE TOTAL, CHILD, 8 YEAR, LANGUAGE"
c1140_v0_language_stuttering_language,c1140_v0,language_stuttering_language,23991,60.03,TRUE,12.0724,12.4641,"LANGUAGE, STUTTERING, CHILD, 8 YEAR, LANGUAGE"
c1140_v0_language_total_language_2,c1140_v0,language_total_language_2,23991,60.03,TRUE,1.1123,0.9088,"LANGUAGE TOTAL, CHILD, 8 YEAR, LANGUAGE"
c2140_v0_f2a_age_years,c2140_v0,f2a_age_years,23988,60.03,TRUE,7.5701,0.5924,F2a_Age years
c2140_v0_f2b_age_months,c2140_v0,f2b_age_months,23988,60.03,TRUE,5.187,4.9505,F2b_Age months
c2140_v0_f2c_examiner,c2140_v0,f2c_examiner,23988,60.03,TRUE,8.4939,14.2315,F2c_Examiner
c2140_v0_f3a_bone_conduction_rt_ear_500cps,c2140_v0,f3a_bone_conduction_rt_ear_500cps,23988,60.03,TRUE,1.9461,11.1238,F3a_Bone conduction rt ear_500cps
c2140_v0_f3b_bone_conduction_rt_ear_1000cps,c2140_v0,f3b_bone_conduction_rt_ear_1000cps,23988,60.03,TRUE,2.0103,11.311,F3b_Bone conduction rt ear_1000cps
c2140_v0_f3c_bone_conduction_rt_ear_2000cps,c2140_v0,f3c_bone_conduction_rt_ear_2000cps,23988,60.03,TRUE,1.9624,11.3404,F3c_Bone conduction rt ear_2000cps
c2140_v0_f3d_bone_conduction_rt_ear_4000cps,c2140_v0,f3d_bone_conduction_rt_ear_4000cps,23988,60.03,TRUE,2.1416,11.5385,F3d_Bone conduction rt ear_4000cps
c2140_v0_f4a_bone_conduction_lt_ear_500cps,c2140_v0,f4a_bone_conduction_lt_ear_500cps,23988,60.03,TRUE,2.0655,11.4223,F4a_Bone conduction lt ear_500cps
c2140_v0_communication_language,c2140_v0,communication_language,23988,60.03,TRUE,2.1641,11.6736,"COMMUNICATION, CHILD, 8 YEAR, LANGUAGE"
c2140_v0_communication_language_2,c2140_v0,communication_language_2,23988,60.03,TRUE,2.0906,11.6602,"COMMUNICATION, CHILD, 8 YEAR, LANGUAGE"
c2140_v0_communication_language_3,c2140_v0,communication_language_3,23988,60.03,TRUE,2.2512,11.8159,"COMMUNICATION, CHILD, 8 YEAR, LANGUAGE"
c2140_v0_communication_language_4,c2140_v0,communication_language_4,23988,60.03,TRUE,2.7974,12.342,"COMMUNICATION, CHILD, 8 YEAR, LANGUAGE"
c2140_v0_communication_language_5,c2140_v0,communication_language_5,23988,60.03,TRUE,6.6506,21.1428,"COMMUNICATION, CHILD, 8 YEAR, LANGUAGE"
c2140_v0_communication_language_6,c2140_v0,communication_language_6,23988,60.03,TRUE,6.6613,21.1963,"COMMUNICATION, CHILD, 8 YEAR, LANGUAGE"
c2140_v0_communication_language_7,c2140_v0,communication_language_7,23988,60.03,TRUE,6.671,21.2133,"COMMUNICATION, CHILD, 8 YEAR, LANGUAGE"
c2140_v0_communication_language_8,c2140_v0,communication_language_8,23988,60.03,TRUE,0.6411,2.0343,"COMMUNICATION, CHILD, 8 YEAR, LANGUAGE"
c2140_v0_communication_language_9,c2140_v0,communication_language_9,23988,60.03,TRUE,3.132,14.0886,"COMMUNICATION, CHILD, 8 YEAR, LANGUAGE"
c2140_v0_morphology_language,c2140_v0,morphology_language,23988,60.03,TRUE,2.9764,14.0631,"MORPHOLOGY, CHILD, 8 YEAR, LANGUAGE"
c2140_v0_connected_discourse_language,c2140_v0,connected_discourse_language,23988,60.03,TRUE,3.0512,14.2623,"CONNECTED DISCOURSE, CHILD, 8 YEAR, LANGUAGE"
c2140_v0_comprehension_understanding_a_story_non,c2140_v0,comprehension_understanding_a_story_non,23988,60.03,TRUE,3.0246,14.232,"COMPREHENSION, UNDERSTANDING A STORY, NON-EQUIVALENT, CHILD, 8 YEAR, LANGUAGE"
c2140_v0_comprehension_oral_number_of_concept_lan,c2140_v0,comprehension_oral_number_of_concept_lan,23988,60.03,TRUE,0.2451,1.2907,"COMPREHENSION, ORAL, NUMBER OF CONCEPT, CHILD, 8 YEAR, LANGUAGE"
c2140_v0_word_identification_language,c2140_v0,word_identification_language,23988,60.03,TRUE,37.8939,11.7859,"WORD IDENTIFICATION, CHILD, 8 YEAR, LANGUAGE"
c2140_v0_morphology_language_2,c2140_v0,morphology_language_2,23988,60.03,TRUE,92.6452,7.4874,"MORPHOLOGY, CHILD, 8 YEAR, LANGUAGE"
c2140_v0_connected_discourse_language_2,c2140_v0,connected_discourse_language_2,23988,60.03,TRUE,20.6457,13.5484,"CONNECTED DISCOURSE, CHILD, 8 YEAR, LANGUAGE"
c2140_v0_writing_language,c2140_v0,writing_language,23988,60.03,TRUE,32.2342,26.7119,"WRITING, CHILD, 8 YEAR, LANGUAGE"
c2140_v0_writing_directionality_language,c2140_v0,writing_directionality_language,23988,60.03,TRUE,57.6683,22.8223,"WRITING DIRECTIONALITY, CHILD, 8 YEAR, LANGUAGE"
c2140_v0_writing_directionality_language_2,c2140_v0,writing_directionality_language_2,23988,60.03,TRUE,11.8068,11.6962,"WRITING DIRECTIONALITY, CHILD, 8 YEAR, LANGUAGE"
c2140_v0_language_use_language,c2140_v0,language_use_language,23988,60.03,TRUE,53.3842,10.3158,"LANGUAGE USE, CHILD, 8 YEAR, LANGUAGE"
c2140_v0_language_use_language_2,c2140_v0,language_use_language_2,23988,60.03,TRUE,13.7029,4.329,"LANGUAGE USE, CHILD, 8 YEAR, LANGUAGE"
c2140_v0_language_total_language,c2140_v0,language_total_language,23988,60.03,TRUE,22.8449,25.0471,"LANGUAGE TOTAL, CHILD, 8 YEAR, LANGUAGE"
c0126_mother_date_of_birth_month,c0126,mother_date_of_birth_month,22215,62.98,TRUE,6.5624,4.1068,Mother Date of Birth Month
c0126_mother_date_of_birth_day,c0126,mother_date_of_birth_day,22215,62.98,TRUE,15.7774,9.053,Mother Date of Birth Day
c0126_mother_date_of_birth_year,c0126,mother_date_of_birth_year,22215,62.98,TRUE,37.6015,7.1386,Mother Date of Birth Year
c0126_mother_age,c0126,mother_age,22215,62.98,TRUE,29.9957,7.4127,Mother Age
c0126_race,c0126,race,22215,62.98,TRUE,1.6387,0.8748,Race
c0126_date_of_exam_month,c0126,date_of_exam_month,22215,62.98,TRUE,6.694,6.4971,Date of Exam Month
c0126_date_of_exam_day,c0126,date_of_exam_day,22215,62.98,TRUE,15.8921,9.8746,Date of Exam Day
c0126_date_of_exam_year,c0126,date_of_exam_year,22215,62.98,TRUE,67.8808,2.7891,Date of Exam Year
c0126_total_raw_score,c0126,total_raw_score,22215,62.98,TRUE,37.5603,9.8176,Total Raw Score
c0126_rank_percentile,c0126,rank_percentile,22215,62.98,TRUE,37.7259,71.5975,Rank Percentile
c0126_rank_quotient,c0126,rank_quotient,22215,62.98,TRUE,93.2768,63.1496,Rank Quotient
c0126_rank_stanine,c0126,rank_stanine,22215,62.98,TRUE,3.7414,2.3198,Rank Stanine
c0126_relationship_to_child,c0126,relationship_to_child,22215,62.98,TRUE,1.1552,0.9757,Relationship to Child
c1334_heart_mother,c1334,heart_mother,21108,64.83,TRUE,0.0015,0.0779,"Heart, MOTHER, PRENATAL, PHYSICAL EXAM"
c1334_lungs_mother,c1334,lungs_mother,21108,64.83,TRUE,42284.1915,45176.8657,"Lungs, MOTHER, PRENATAL, PHYSICAL EXAM"
c1334_breasts_mother,c1334,breasts_mother,60016,0,FALSE,"","","Breasts, MOTHER, PRENATAL, PHYSICAL EXAM"
c1334_abdomen_mother,c1334,abdomen_mother,20904,65.17,TRUE,5946198.0333,877678.9457,"Abdomen, MOTHER, PRENATAL, PHYSICAL EXAM"
c1334_extremities_mother,c1334,extremities_mother,60016,0,FALSE,"","","Extremities, MOTHER, PRENATAL, PHYSICAL EXAM"
c1334_varicosities_mother,c1334,varicosities_mother,20771,65.39,TRUE,0.4037,1.5382,"Varicosities, MOTHER, PRENATAL, PHYSICAL EXAM"
c1334_skin_mother,c1334,skin_mother,20771,65.39,TRUE,20.2741,19.3839,"Skin, MOTHER, PRENATAL, PHYSICAL EXAM"
c1334_neurological_mother,c1334,neurological_mother,60016,0,FALSE,"","","Neurological, MOTHER, PRENATAL, PHYSICAL EXAM"
c1334_reflexes_mother,c1334,reflexes_mother,21108,64.83,TRUE,2814.8621,46261.7563,"Reflexes, MOTHER, PRENATAL, PHYSICAL EXAM"
c1334_uterus_mother,c1334,uterus_mother,21108,64.83,TRUE,3397.7199,2763.5546,"Uterus, MOTHER, PRENATAL, PHYSICAL EXAM"
c1334_uterus_cervix_mother,c1334,uterus_cervix_mother,21108,64.83,TRUE,3.5078,156.5583,"Uterus, cervix, MOTHER, PRENATAL, PHYSICAL EXAM"
c1334_uterus_ovaries_mother,c1334,uterus_ovaries_mother,60016,0,FALSE,"","","Uterus, ovaries, MOTHER, PRENATAL, PHYSICAL EXAM"
c1334_pelvimetry_mother,c1334,pelvimetry_mother,13096,78.18,TRUE,3.3297,8.0668,"Pelvimetry, MOTHER, PRENATAL, PHYSICAL EXAM"
c1334_prenatal_visit_continued_mother,c1334,prenatal_visit_continued_mother,60016,0,FALSE,"","","Prenatal visit continued, MOTHER, PRENATAL, PHYSICAL EXAM"
c1334_fundal_height_and_measurements_mother,c1334,fundal_height_and_measurements_mother,60016,0,FALSE,"","","Fundal height and measurements, MOTHER, PRENATAL, PHYSICAL EXAM"
c2334_card_number,c2334,card_number,21091,64.86,TRUE,0.0015,0.0779,"Card number, PRENATAL, PHYSICAL EXAM"
c2334_complete_neurological_mother,c2334,complete_neurological_mother,60016,0,FALSE,"","","Complete neurological, MOTHER, PRENATAL, PHYSICAL EXAM"
c2334_peripheral_mother,c2334,peripheral_mother,60016,0,FALSE,"","","Peripheral, MOTHER, PRENATAL, PHYSICAL EXAM"
c2334_reflexes_mother,c2334,reflexes_mother,21091,64.86,TRUE,0.3595,2.355,"Reflexes, MOTHER, PRENATAL, PHYSICAL EXAM"
c3310_number_sequence_form_type_serology,c3310,number_sequence_form_type_serology,20202,66.34,TRUE,1.0777,0.3864,"Number (sequence), form type, PRENATAL, SEROLOGY"
c3310_date_serology,c3310,date_serology,20202,66.34,TRUE,1182.1767,430.9965,"Date, PRENATAL, SEROLOGY"
c3310_serology_mother_serology,c3310,serology_mother_serology,20202,66.34,TRUE,0.0529,0.5185,"Serology, MOTHER, PRENATAL, SEROLOGY"
c3310_sts_test_serology,c3310,sts_test_serology,20202,66.34,TRUE,7.8038,1.229,"STS test, PRENATAL, SEROLOGY"
c3310_prenatal_serology,c3310,prenatal_serology,20202,66.34,TRUE,78.9229,9.3544,"PRENATAL, SEROLOGY"
c3310_prenatal_serology_2,c3310,prenatal_serology_2,20202,66.34,TRUE,4.5742,16.3479,"PRENATAL, SEROLOGY"
c3310_ifi_result_serology,c3310,ifi_result_serology,20202,66.34,TRUE,0.5731,2.7774,"IFI result, PRENATAL, SEROLOGY"
c3310_serology_for_eventful_2nd_result_test_21,c3310,serology_for_eventful_2nd_result_test_21,20202,66.34,TRUE,0.8364,2.4473,"Serology, for eventful 2nd result test 21, MOTHER, PRENATAL, SEROLOGY"
c3310_serology_for_eventful_2nd_result_test_22,c3310,serology_for_eventful_2nd_result_test_22,20202,66.34,TRUE,3.1259,52.0523,"Serology, for eventful 2nd result test 22, PRENATAL, SEROLOGY"
c3310_serology_for_eventful_3rd_result_test_31,c3310,serology_for_eventful_3rd_result_test_31,20202,66.34,TRUE,0.0024,0.0774,"Serology, for eventful 3rd result test 31, MOTHER, PRENATAL, SEROLOGY"
c3310_serology_for_eventful_1st_result_test_31,c3310,serology_for_eventful_1st_result_test_31,20202,66.34,TRUE,26.3984,405.0993,"Serology, for eventful 1st result test 31, PRENATAL, SEROLOGY"
c3310_other,c3310,other,20202,66.34,TRUE,2.7814,3.0041,"OTHER, PRENATAL, CLINICAL LAB"
c3310_1st_result,c3310,1st_result,20202,66.34,TRUE,9806.207,20091.1399,"1st result, CLINICAL LAB (REPEATED FROM ABOVE)"
c3310_2nd_result_test,c3310,2nd_result_test,20202,66.34,TRUE,3.1033,3.3599,"2nd result test, PRENATAL, CLINICAL LAB (REPEATED FROM ABOVE)"
c3310_prenatal,c3310,prenatal,20202,66.34,TRUE,24141.8529,39732.5892,"PRENATAL, ADMINISTRATIVE"
c3310_3rd_result_test,c3310,3rd_result_test,20202,66.34,TRUE,0.3705,1.7725,"3rd result test, PRENATAL, CLINICAL LAB (REPEATED FROM ABOVE)"
c3310_prenatal_2,c3310,prenatal_2,20202,66.34,TRUE,4173.8523,17442.7619,"PRENATAL, CLINICAL LAB (REPEATED FROM ABOVE)"
c3310_inc_result,c3310,inc_result,20202,66.34,TRUE,0.0939,0.7294,"INC result, PRENATAL, CLINICAL LAB (REPEATED FROM ABOVE)"
c3310_mother,c3310,mother,20202,66.34,TRUE,413.8545,3286.5443,"MOTHER, REGISTRATION, MEDICAL HISTORY"
c3310_prenatal_3,c3310,prenatal_3,20202,66.34,TRUE,0.0974,0.7693,"PRENATAL, CLINICAL LAB (REPEATED FROM ABOVE)"
c3310_prenatal_gynecological_history,c3310,prenatal_gynecological_history,20202,66.34,TRUE,1315.9115,10589.5463,"PRENATAL, CLINICAL LAB, GYNECOLOGICAL, HISTORY"
c3310_registration_hospitalizations,c3310,registration_hospitalizations,20202,66.34,TRUE,3.964,5.7815,"REGISTRATION, HOSPITALIZATIONS"
c3310_diagnostic_hospitalizations,c3310,diagnostic_hospitalizations,20202,66.34,TRUE,1821.6535,2608.306,"Diagnostic, REGISTRATION, HOSPITALIZATIONS"
c3310_number_hospitalizations,c3310,number_hospitalizations,20202,66.34,TRUE,97.8237,9.763,"Number, REGISTRATION, HOSPITALIZATIONS"
c3310_prenatal_4,c3310,prenatal_4,20202,66.34,TRUE,3.6286,3.9971,"PRENATAL, MEDICAL HISTORY, CLINICAL LAB"
c1310_f7a_1st_rh_titer_month,c1310,f7a_1st_rh_titer_month,20190,66.36,TRUE,0.6257,3.63,F7a_1st RH titer_Month
c1310_f7b_1st_rh_titer_year,c1310,f7b_1st_rh_titer_year,20190,66.36,TRUE,0.2113,1.2318,F7b_1st RH titer_Year
c1310_f7c_1st_rh_titer,c1310,f7c_1st_rh_titer,20190,66.36,TRUE,0.2425,4.5516,F7c_1st RH titer
c1310_f8a_last_rh_titer_month,c1310,f8a_last_rh_titer_month,20190,66.36,TRUE,0.3072,2.0507,F8a_Last RH titer_Month
c1310_f8b_last_rh_titer_year,c1310,f8b_last_rh_titer_year,20190,66.36,TRUE,0.0996,0.8229,F8b_Last RH titer_Year
c1310_f8c_last_rh_titer,c1310,f8c_last_rh_titer,20190,66.36,TRUE,0.172,3.7839,F8c_Last RH titer
c1310_f9_total_hemoglobin_and_hematocrit,c1310,f9_total_hemoglobin_and_hematocrit,20190,66.36,TRUE,2.0851,1.0115,F9_Total hemoglobin and hematocrit
c1310_f10a_1st_hemoglobin_month,c1310,f10a_1st_hemoglobin_month,20190,66.36,TRUE,5.5525,4.8232,F10a_1st hemoglobin_Month
c1310_blood_type_gravida,c1310,blood_type_gravida,20190,66.36,TRUE,3.5619,2.9923,"Blood Type, Gravida"
c1310_rh_factor_gravida,c1310,rh_factor_gravida,20190,66.36,TRUE,0.9829,0.9406,RH Factor- Gravida
c1310_f10b_1st_hemoglobin_day,c1310,f10b_1st_hemoglobin_day,20190,66.36,TRUE,13.7956,10.0241,F10b_1st hemoglobin_Day
c1310_f10c_1st_hemoglobin_last_digit_of_year,c1310,f10c_1st_hemoglobin_last_digit_of_year,20190,66.36,TRUE,2.3112,3.5513,F10c_1st hemoglobin_Last digit of year
c1310_f11a_2nd_hemoglobin_month,c1310,f11a_2nd_hemoglobin_month,20190,66.36,TRUE,4.0197,4.887,F11a_2nd hemoglobin_Month
c1310_f11b_2nd_hemoglobin_day,c1310,f11b_2nd_hemoglobin_day,20190,66.36,TRUE,9.2964,10.4045,F11b_2nd hemoglobin_Day
c1310_f11c_2nd_hemoglobin_last_digit_of_year,c1310,f11c_2nd_hemoglobin_last_digit_of_year,20190,66.36,TRUE,1.1171,2.5227,F11c_2nd hemoglobin_Last digit of year
c1310_f11d_2nd_hemoglobin_value,c1310,f11d_2nd_hemoglobin_value,20190,66.36,TRUE,69.6395,72.1673,F11d_2nd hemoglobin_Value
c1310_f12a_3rd_hemoglobin_month,c1310,f12a_3rd_hemoglobin_month,20190,66.36,TRUE,1.3389,3.4584,F12a_3rd hemoglobin_Month
c1310_f12b_3rd_hemoglobin_day,c1310,f12b_3rd_hemoglobin_day,20190,66.36,TRUE,2.9434,7.2863,F12b_3rd hemoglobin_Day
c1310_hematocrit_gravida,c1310,hematocrit_gravida,20190,66.36,TRUE,92.9552,227.9068,""
c1310_hemoglobin_gravida,c1310,hemoglobin_gravida,20190,66.36,TRUE,92.9552,227.9068,""
c1310_f12c_3rd_hemoglobin_last_digit_of_year,c1310,f12c_3rd_hemoglobin_last_digit_of_year,20190,66.36,TRUE,0.3592,1.4389,F12c_3rd hemoglobin_Last digit of year
c1310_f12d_3rd_hemoglobin_value,c1310,f12d_3rd_hemoglobin_value,20190,66.36,TRUE,22.608,51.8577,F12d_3rd hemoglobin_Value
c1310_f13a_1st_hematocrit_month,c1310,f13a_1st_hematocrit_month,20190,66.36,TRUE,5.1103,4.5133,F13a_1st hematocrit_Month
c1310_f13b_1st_hematocrit_day,c1310,f13b_1st_hematocrit_day,20190,66.36,TRUE,12.6569,10.1272,F13b_1st hematocrit_Day
c1310_f13c_1st_hematocrit_last_digit_of_year,c1310,f13c_1st_hematocrit_last_digit_of_year,20190,66.36,TRUE,1.9408,3.2413,F13c_1st hematocrit_Last digit of year
c1310_f13d_1st_hematocrit_value,c1310,f13d_1st_hematocrit_value,20190,66.36,TRUE,285.3945,149.9058,F13d_1st hematocrit_Value
c1310_f14a_2nd_hematocrit_month,c1310,f14a_2nd_hematocrit_month,20190,66.36,TRUE,3.6077,4.7906,F14a_2nd hematocrit_Month
c1310_f14b_2nd_hematocrit_day,c1310,f14b_2nd_hematocrit_day,20190,66.36,TRUE,8.3988,10.205,F14b_2nd hematocrit_Day
c1310_f14c_2nd_hematocrit_last_digit_of_year,c1310,f14c_2nd_hematocrit_last_digit_of_year,20190,66.36,TRUE,0.8697,2.089,F14c_2nd hematocrit_Last digit of year
c1310_f14c_2nd_hematocrit_value,c1310,f14c_2nd_hematocrit_value,20190,66.36,TRUE,190.5423,178.9124,F14c_2nd hematocrit_Value
c1310_f15a_3rd_hematocrit_month,c1310,f15a_3rd_hematocrit_month,20190,66.36,TRUE,1.3319,3.3071,F15a_3rd hematocrit_Month
c1310_f15b_3rd_hematocrit_day,c1310,f15b_3rd_hematocrit_day,20190,66.36,TRUE,3.0527,7.3124,F15b_3rd hematocrit_Day
c1310_f15c_3rd_hematocrit_last_digit_of_year,c1310,f15c_3rd_hematocrit_last_digit_of_year,20190,66.36,TRUE,0.3391,1.3246,F15c_3rd hematocrit_Last digit of year
c1310_f15d_3rd_hematocrit_value,c1310,f15d_3rd_hematocrit_value,20190,66.36,TRUE,69.8423,141.8662,F15d_3rd hematocrit_Value
c1357_course_agent_anesthesia,c1357,course_agent_anesthesia,19322,67.81,TRUE,113899.1628,59079.8488,"Course agent, DELIVERY, ANESTHESIA"
c1357_course_agent_vial_time_stopped,c1357,course_agent_vial_time_stopped,19322,67.81,TRUE,0.4685,1.4076,"Course agent, vial, time stopped, DELIVERY"
c1357_f03d1357,c1357,f03d1357,19322,67.81,TRUE,12.1354,22.4912,f03d1357
c1357_f03e1357,c1357,f03e1357,19322,67.81,TRUE,22.4047,26.6884,f03e1357
c1357_f03f1357,c1357,f03f1357,19322,67.81,TRUE,30.2493,34.2172,f03f1357
c1357_f03g1357,c1357,f03g1357,19322,67.81,TRUE,42.8023,30.7484,f03g1357
c1357_f04a1357,c1357,f04a1357,19322,67.81,TRUE,3.2973,6.9037,f04a1357
c1357_f04b1357,c1357,f04b1357,19322,67.81,TRUE,1.1922,8.5777,f04b1357
c1357_routed_agent_intermittent_continuous_mot,c1357,routed_agent_intermittent_continuous_mot,19322,67.81,TRUE,30.0728,133.0165,"Routed, agent, intermittent, continuous, MOTHER, DELIVERY"
c1357_routed_anesthesia,c1357,routed_anesthesia,19322,67.81,TRUE,8.1273,20.9949,"Routed, DELIVERY, ANESTHESIA"
c1357_f04f1357,c1357,f04f1357,19322,67.81,TRUE,10.5098,26.5807,f04f1357
c1357_routed_agent_intermittent_mother,c1357,routed_agent_intermittent_mother,19322,67.81,TRUE,1.3499,2.8353,"Routed, agent, intermittent, MOTHER, DELIVERY"
c1357_f05a1357,c1357,f05a1357,19322,67.81,TRUE,0.4283,3.9429,f05a1357
c1357_f05b1357,c1357,f05b1357,19322,67.81,TRUE,0.2073,3.783,f05b1357
c1357_f05c1357,c1357,f05c1357,19322,67.81,TRUE,0.3054,4.4115,f05c1357
c1357_f05d1357,c1357,f05d1357,19322,67.81,TRUE,0.4388,5.3202,f05d1357
c1357_f05e1357,c1357,f05e1357,19322,67.81,TRUE,0.7246,6.6327,f05e1357
c1357_f05f1357,c1357,f05f1357,19322,67.81,TRUE,1.0226,8.96,f05f1357
c1357_f05g1357,c1357,f05g1357,19322,67.81,TRUE,1.2918,9.7203,f05g1357
c1357_f06a1357,c1357,f06a1357,19322,67.81,TRUE,2.2401,8.8556,f06a1357
c1357_f06b1357,c1357,f06b1357,19322,67.81,TRUE,2.3252,13.3182,f06b1357
c1357_f06c1357,c1357,f06c1357,19322,67.81,TRUE,3.1503,14.8098,f06c1357
c1357_f06d1357,c1357,f06d1357,19322,67.81,TRUE,219.6796,1430.4458,f06d1357
c1357_f07a1357,c1357,f07a1357,19322,67.81,TRUE,0.1613,3.52,f07a1357
c1357_f07b1357,c1357,f07b1357,19322,67.81,TRUE,0.163,3.8032,f07b1357
c1357_f07c1357,c1357,f07c1357,19322,67.81,TRUE,0.1791,3.9243,f07c1357
c1357_total_degree_before_cord_clamping_anesth,c1357,total_degree_before_cord_clamping_anesth,19322,67.81,TRUE,0.152,3.8347,"Total degree before cord clamping, ANESTHESIA, MOTHER"
c1357_total_degree_before_cord_clamping_of_cor,c1357,total_degree_before_cord_clamping_of_cor,19322,67.81,TRUE,3.3729,3.418,"Total degree before cord clamping of cord, MOTHER, DELIVERY, ANESTHESIA (REPEATED)"
c6345_f3a_first_culture_month,c6345,f3a_first_culture_month,12870,78.56,TRUE,14.0154,25.2612,F3a_First culture_month
c6345_f3b_first_culture_day,c6345,f3b_first_culture_day,12870,78.56,TRUE,66.5089,9.5345,F3b_First culture_day
c6345_f3c_first_culture_type,c6345,f3c_first_culture_type,12870,78.56,TRUE,29.5191,23.6031,F3c_First culture_type
c6345_f3d_first_culture_result,c6345,f3d_first_culture_result,12870,78.56,TRUE,1.1312,2.3481,F3d_First-culture_result
c6345_f4a_second_culture_month,c6345,f4a_second_culture_month,12870,78.56,TRUE,74.4331,40.8695,F4a_Second culture_month
c6345_f4b_second_culture_day,c6345,f4b_second_culture_day,12870,78.56,TRUE,89.6684,15.4935,F4b_Second culture_day
c6345_f4c_second_culture_type,c6345,f4c_second_culture_type,12870,78.56,TRUE,78.6965,34.808,F4c_Second culture_type
c6345_f4d_second_culture_result,c6345,f4d_second_culture_result,12870,78.56,TRUE,6.7513,3.7365,F4d_Second culture_result
c6345_f5a_third_culture_month,c6345,f5a_third_culture_month,12870,78.56,TRUE,89.5464,28.011,F5a_Third culture_month
c6345_f5b_third_culture_day,c6345,f5b_third_culture_day,12870,78.56,TRUE,95.404,10.6262,F5b_Third culture_day
c6345_f5c_third_culture_type,c6345,f5c_third_culture_type,12870,78.56,TRUE,91.2811,23.5571,F5c_Third culture_type
c6345_f5d_third_culture_result,c6345,f5d_third_culture_result,12870,78.56,TRUE,8.1327,2.5651,F5d_Third culture_result
c6345_f6a_fourth_culture_month,c6345,f6a_fourth_culture_month,12870,78.56,TRUE,94.5888,19.7071,F6a_Fourth culture_month
c6345_f6b_fourth_culture_day,c6345,f6b_fourth_culture_day,12870,78.56,TRUE,97.3309,7.4485,F6b_Fourth culture_day
c6345_f6c_fourth_culture_type,c6345,f6c_fourth_culture_type,12870,78.56,TRUE,95.4378,16.3434,F6c_Fourth culture_type
c6345_f6d_fourth_culture_result,c6345,f6d_fourth_culture_result,12870,78.56,TRUE,8.5946,1.8055,F6d_Fourth culture_result
c6345_f7a_month_glucose_tolerance,c6345,f7a_month_glucose_tolerance,12870,78.56,TRUE,86.7834,31.341,F7a_Month glucose tolerance
c6345_condition_degree_to_grant_or_greater_cod,c6345,condition_degree_to_grant_or_greater_cod,12870,78.56,TRUE,7.9596,2.6864,"Condition, degree to grant or greater, code 0651, GENERAL"
c6345_condition_conditions_code_0721_diagnosis,c6345,condition_conditions_code_0721_diagnosis,12870,78.56,TRUE,889550253.1221,284900864.568,"Condition, conditions, code 0721, GENERAL, DIAGNOSIS &"
c6345_f11_1_hour_blood,c6345,f11_1_hour_blood,12870,78.56,TRUE,895.258,283.557,F11_1 hour blood
c6345_f12_2_hour_blood,c6345,f12_2_hour_blood,12870,78.56,TRUE,892.3567,289.5496,F12_2 hour blood
c6345_f13_3_hour_blood,c6345,f13_3_hour_blood,12870,78.56,TRUE,918.5274,258.5778,F13_3 hour blood
c6345_f14_fasting_urine,c6345,f14_fasting_urine,12870,78.56,TRUE,8.42,2.1885,F14_Fasting urine
c6345_f15_half_hour_urine,c6345,f15_half_hour_urine,12870,78.56,TRUE,8.4682,2.0397,F15_Half hour urine
c6345_f16_1_hour_urine,c6345,f16_1_hour_urine,12870,78.56,TRUE,8.526,1.8666,F16_1 hour urine
c6345_f17_2_hour_urine,c6345,f17_2_hour_urine,12870,78.56,TRUE,8.461,1.9925,F17_2 hour urine
c6345_f18_3_hour_urine,c6345,f18_3_hour_urine,12870,78.56,TRUE,8.5134,1.9387,F18_3 hour urine
c2140_v2_age_years_speech_hearing_language,c2140_v2,age_years_speech_hearing_language,9564,84.06,TRUE,6.3343,1.297,"AGE, YEARS, CHILD, 8 YEAR, SPEECH HEARING LANGUAGE"
c2140_v2_age_months_speech_hearing_language,c2140_v2,age_months_speech_hearing_language,9564,84.06,TRUE,6.268,4.439,"AGE, MONTHS, CHILD, 8 YEAR, SPEECH HEARING LANGUAGE"
c2140_v2_examiner_8_year_speech_hearing_language,c2140_v2,examiner_8_year_speech_hearing_language,9564,84.06,TRUE,11.8823,14.5741,"EXAMINER, 8 YEAR, SPEECH HEARING LANGUAGE"
c2140_v2_bone_conduction_right_ear_500_cps_8_year,c2140_v2,bone_conduction_right_ear_500_cps_8_year,9564,84.06,TRUE,10.0425,27.5595,"BONE CONDUCTION, RIGHT EAR, 500 CPS, 8 YEAR, HEARING"
c2140_v2_bone_conduction_right_ear_1000_cps_8_yea,c2140_v2,bone_conduction_right_ear_1000_cps_8_yea,9564,84.06,TRUE,10.0802,27.5815,"BONE CONDUCTION, RIGHT EAR, 1000 CPS, 8 YEAR, HEARING"
c2140_v2_bone_conduction_right_ear_2000_cps_8_yea,c2140_v2,bone_conduction_right_ear_2000_cps_8_yea,9564,84.06,TRUE,10.1348,27.5916,"BONE CONDUCTION, RIGHT EAR, 2000 CPS, 8 YEAR, HEARING"
c2140_v2_bone_conduction_right_ear_4000_cps_8_yea,c2140_v2,bone_conduction_right_ear_4000_cps_8_yea,9564,84.06,TRUE,10.2708,27.6053,"BONE CONDUCTION, RIGHT EAR, 4000 CPS, 8 YEAR, HEARING"
c2140_v2_bone_conduction_left_ear_500_cps_8_year,c2140_v2,bone_conduction_left_ear_500_cps_8_year,9564,84.06,TRUE,10.0615,27.6158,"BONE CONDUCTION, LEFT EAR, 500 CPS, 8 YEAR, HEARING"
c2140_v2_bone_conduction_left_ear_1000_cps_8_year,c2140_v2,bone_conduction_left_ear_1000_cps_8_year,9564,84.06,TRUE,10.1062,27.6365,"BONE CONDUCTION, LEFT EAR, 1000 CPS, 8 YEAR, HEARING"
c2140_v2_bone_conduction_left_ear_2000_cps_8_year,c2140_v2,bone_conduction_left_ear_2000_cps_8_year,9564,84.06,TRUE,10.1326,27.6244,"BONE CONDUCTION, LEFT EAR, 2000 CPS, 8 YEAR, HEARING"
c2140_v2_bone_conduction_left_ear_4000_cps_8_year,c2140_v2,bone_conduction_left_ear_4000_cps_8_year,9564,84.06,TRUE,10.2749,27.6832,"BONE CONDUCTION, LEFT EAR, 4000 CPS, 8 YEAR, HEARING"
c2140_v2_bone_conduction_method_8_year_hearing,c2140_v2,bone_conduction_method_8_year_hearing,9564,84.06,TRUE,1.4118,3.208,"BONE CONDUCTION METHOD, 8 YEAR, HEARING"
c2140_v2_adequacy_of_exam_bone_conduction_8_year,c2140_v2,adequacy_of_exam_bone_conduction_8_year,9564,84.06,TRUE,1.4175,3.2045,"ADEQUACY OF EXAM, BONE CONDUCTION, 8 YEAR, HEARING"
c2140_v2_bone_conduction_masked_right_ear_500_cps,c2140_v2,bone_conduction_masked_right_ear_500_cps,9564,84.06,TRUE,12.071,29.6805,"BONE CONDUCTION MASKED, RIGHT EAR, 500 CPS, 8 YEAR, HEARING"
c2140_v2_bone_conduction_masked_right_ear_1000_cp,c2140_v2,bone_conduction_masked_right_ear_1000_cp,9564,84.06,TRUE,12.0732,29.6862,"BONE CONDUCTION MASKED, RIGHT EAR, 1000 CPS, 8 YEAR, HEARING"
c2140_v2_bone_conduction_masked_right_ear_2000_cp,c2140_v2,bone_conduction_masked_right_ear_2000_cp,9564,84.06,TRUE,12.071,29.6808,"BONE CONDUCTION MASKED, RIGHT EAR, 2000 CPS, 8 YEAR, HEARING"
c2140_v2_bone_conduction_masked_right_ear_4000_cp,c2140_v2,bone_conduction_masked_right_ear_4000_cp,9564,84.06,TRUE,12.0653,29.6689,"BONE CONDUCTION MASKED, RIGHT EAR, 4000 CPS, 8 YEAR, HEARING"
c2140_v2_bone_conduction_masked_left_ear_500_cps,c2140_v2,bone_conduction_masked_left_ear_500_cps,9564,84.06,TRUE,12.2918,29.8067,"BONE CONDUCTION MASKED, LEFT EAR, 500 CPS, 8 YEAR, HEARING"
c2140_v2_bone_conduction_masked_left_ear_1000_cps,c2140_v2,bone_conduction_masked_left_ear_1000_cps,9564,84.06,TRUE,12.3025,29.8296,"BONE CONDUCTION MASKED, LEFT EAR, 1000 CPS, 8 YEAR, HEARING"
c2140_v2_bone_conduction_masked_left_ear_2000_cps,c2140_v2,bone_conduction_masked_left_ear_2000_cps,9564,84.06,TRUE,12.3014,29.8275,"BONE CONDUCTION MASKED, LEFT EAR, 2000 CPS, 8 YEAR, HEARING"
c2140_v2_bone_conduction_masked_left_ear_4000_cps,c2140_v2,bone_conduction_masked_left_ear_4000_cps,9564,84.06,TRUE,12.2919,29.8065,"BONE CONDUCTION MASKED, LEFT EAR, 4000 CPS, 8 YEAR, HEARING"
c1140_v2_age_years_speech_hearing_language,c1140_v2,age_years_speech_hearing_language,9556,84.08,TRUE,6.3376,1.2906,"AGE, YEARS, CHILD, 8 YEAR, SPEECH HEARING LANGUAGE"
c1140_v2_age_months_speech_hearing_language,c1140_v2,age_months_speech_hearing_language,9556,84.08,TRUE,6.2672,4.4382,"AGE, MONTHS, CHILD, 8 YEAR, SPEECH HEARING LANGUAGE"
c1140_v2_examiner_8_year_speech_hearing_language,c1140_v2,examiner_8_year_speech_hearing_language,9556,84.08,TRUE,11.8777,14.5517,"EXAMINER, 8 YEAR, SPEECH HEARING LANGUAGE"
c1140_v2_air_conduction_right_ear_250_cps_8_year,c1140_v2,air_conduction_right_ear_250_cps_8_year,9556,84.08,TRUE,14.2085,9.9774,"AIR CONDUCTION, RIGHT EAR, 250 CPS, 8 YEAR, HEARING"
c1140_v2_air_conduction_right_ear_500_cps_8_year,c1140_v2,air_conduction_right_ear_500_cps_8_year,9556,84.08,TRUE,11.1373,9.6782,"AIR CONDUCTION, RIGHT EAR, 500 CPS, 8 YEAR, HEARING"
c1140_v2_air_conduction_right_ear_1000_cps_8_year,c1140_v2,air_conduction_right_ear_1000_cps_8_year,9556,84.08,TRUE,8.2613,9.2715,"AIR CONDUCTION, RIGHT EAR, 1000 CPS, 8 YEAR, HEARING"
c1140_v2_air_conduction_right_ear_2000_cps_8_year,c1140_v2,air_conduction_right_ear_2000_cps_8_year,9556,84.08,TRUE,8.1581,9.2557,"AIR CONDUCTION, RIGHT EAR, 2000 CPS, 8 YEAR, HEARING"
c1140_v2_air_conduction_right_ear_4000_cps_8_year,c1140_v2,air_conduction_right_ear_4000_cps_8_year,9556,84.08,TRUE,9.711,10.018,"AIR CONDUCTION, RIGHT EAR, 4000 CPS, 8 YEAR, HEARING"
c1140_v2_air_conduction_right_ear_8000_cps_8_year,c1140_v2,air_conduction_right_ear_8000_cps_8_year,9556,84.08,TRUE,10.6502,10.8571,"AIR CONDUCTION, RIGHT EAR, 8000 CPS, 8 YEAR, HEARING"
c1140_v2_air_conduction_left_ear_250_cps_8_year_h,c1140_v2,air_conduction_left_ear_250_cps_8_year_h,9556,84.08,TRUE,14.329,10.082,"AIR CONDUCTION, LEFT EAR, 250 CPS, 8 YEAR, HEARING"
c1140_v2_air_conduction_left_ear_500_cps_8_year_h,c1140_v2,air_conduction_left_ear_500_cps_8_year_h,9556,84.08,TRUE,11.1324,10.0154,"AIR CONDUCTION, LEFT EAR, 500 CPS, 8 YEAR, HEARING"
c1140_v2_air_conduction_left_ear_1000_cps_8_year,c1140_v2,air_conduction_left_ear_1000_cps_8_year,9556,84.08,TRUE,8.1641,9.3332,"AIR CONDUCTION, LEFT EAR, 1000 CPS, 8 YEAR, HEARING"
c1140_v2_air_conduction_left_ear_2000_cps_8_year,c1140_v2,air_conduction_left_ear_2000_cps_8_year,9556,84.08,TRUE,8.2153,9.4253,"AIR CONDUCTION, LEFT EAR, 2000 CPS, 8 YEAR, HEARING"
c1140_v2_air_conduction_left_ear_4000_cps_8_year,c1140_v2,air_conduction_left_ear_4000_cps_8_year,9556,84.08,TRUE,9.7703,10.2747,"AIR CONDUCTION, LEFT EAR, 4000 CPS, 8 YEAR, HEARING"
c1140_v2_air_conduction_left_ear_8000_cps_8_year,c1140_v2,air_conduction_left_ear_8000_cps_8_year,9556,84.08,TRUE,10.7941,11.0562,"AIR CONDUCTION, LEFT EAR, 8000 CPS, 8 YEAR, HEARING"
c1140_v2_air_conduction_method_8_year_hearing,c1140_v2,air_conduction_method_8_year_hearing,9556,84.08,TRUE,1.0431,0.4265,"AIR CONDUCTION METHOD, 8 YEAR, HEARING"
c1140_v2_adequacy_of_exam_air_conduction_8_year_h,c1140_v2,adequacy_of_exam_air_conduction_8_year_h,9556,84.08,TRUE,1.0331,0.3863,"ADEQUACY OF EXAM, AIR CONDUCTION, 8 YEAR, HEARING"
c1140_v2_air_conduction_masked_right_ear_250_cps,c1140_v2,air_conduction_masked_right_ear_250_cps,9556,84.08,TRUE,0.5066,6.884,"AIR CONDUCTION MASKED, RIGHT EAR, 250 CPS, 8 YEAR, HEARING"
c1140_v2_air_conduction_masked_right_ear_500_cps,c1140_v2,air_conduction_masked_right_ear_500_cps,9556,84.08,TRUE,0.4762,6.6746,"AIR CONDUCTION MASKED, RIGHT EAR, 500 CPS, 8 YEAR, HEARING"
c1140_v2_air_conduction_masked_right_ear_1000_cps,c1140_v2,air_conduction_masked_right_ear_1000_cps,9556,84.08,TRUE,0.5098,6.8739,"AIR CONDUCTION MASKED, RIGHT EAR, 1000 CPS, 8 YEAR, HEARING"
c1140_v2_air_conduction_masked_right_ear_2000_cps,c1140_v2,air_conduction_masked_right_ear_2000_cps,9556,84.08,TRUE,0.4454,6.4528,"AIR CONDUCTION MASKED, RIGHT EAR, 2000 CPS, 8 YEAR, HEARING"
c1140_v2_air_conduction_masked_right_ear_4000_cps,c1140_v2,air_conduction_masked_right_ear_4000_cps,9556,84.08,TRUE,0.5473,7.0666,"AIR CONDUCTION MASKED, RIGHT EAR, 4000 CPS, 8 YEAR, HEARING"
c1140_v2_air_conduction_masked_right_ear_8000_cps,c1140_v2,air_conduction_masked_right_ear_8000_cps,9556,84.08,TRUE,0.6351,7.6117,"AIR CONDUCTION MASKED, RIGHT EAR, 8000 CPS, 8 YEAR, HEARING"
c1140_v2_air_conduction_masked_left_ear_250_cps_8,c1140_v2,air_conduction_masked_left_ear_250_cps_8,9556,84.08,TRUE,0.4411,6.4494,"AIR CONDUCTION MASKED, LEFT EAR, 250 CPS, 8 YEAR, HEARING"
c1140_v2_air_conduction_masked_left_ear_500_cps_8,c1140_v2,air_conduction_masked_left_ear_500_cps_8,9556,84.08,TRUE,0.4862,6.7002,"AIR CONDUCTION MASKED, LEFT EAR, 500 CPS, 8 YEAR, HEARING"
c1140_v2_air_conduction_masked_left_ear_1000_cps,c1140_v2,air_conduction_masked_left_ear_1000_cps,9556,84.08,TRUE,0.4986,6.7494,"AIR CONDUCTION MASKED, LEFT EAR, 1000 CPS, 8 YEAR, HEARING"
c1140_v2_air_conduction_masked_left_ear_2000_cps,c1140_v2,air_conduction_masked_left_ear_2000_cps,9556,84.08,TRUE,0.4612,6.5471,"AIR CONDUCTION MASKED, LEFT EAR, 2000 CPS, 8 YEAR, HEARING"
c1140_v2_air_conduction_masked_left_ear_4000_cps,c1140_v2,air_conduction_masked_left_ear_4000_cps,9556,84.08,TRUE,0.52,6.8984,"AIR CONDUCTION MASKED, LEFT EAR, 4000 CPS, 8 YEAR, HEARING"
c1140_v2_air_conduction_masked_left_ear_8000_cps,c1140_v2,air_conduction_masked_left_ear_8000_cps,9556,84.08,TRUE,0.6312,7.5331,"AIR CONDUCTION MASKED, LEFT EAR, 8000 CPS, 8 YEAR, HEARING"
c1140_v2_right_ear_4000_cps_8_year_hearing,c1140_v2,right_ear_4000_cps_8_year_hearing,9556,84.08,TRUE,9e-04,0.0921,"RIGHT EAR 4000 CPS, 8 YEAR, HEARING"
c1140_v2_right_ear_500_cps_8_year_hearing,c1140_v2,right_ear_500_cps_8_year_hearing,9556,84.08,TRUE,9e-04,0.0921,"RIGHT EAR 500 CPS, 8 YEAR, HEARING"
c1140_v2_left_ear_4000_cps_8_year_hearing,c1140_v2,left_ear_4000_cps_8_year_hearing,9556,84.08,TRUE,9e-04,0.0921,"LEFT EAR 4000 CPS, 8 YEAR, HEARING"
c1140_v2_left_ear_500_cps_8_year_hearing,c1140_v2,left_ear_500_cps_8_year_hearing,9556,84.08,TRUE,9e-04,0.0921,"LEFT EAR 500 CPS, 8 YEAR, HEARING"
c1140_v2_adequacy_of_exam_8_year_hearing,c1140_v2,adequacy_of_exam_8_year_hearing,9556,84.08,TRUE,0.001,0.0926,"ADEQUACY OF EXAM, 8 YEAR, HEARING"
c2302_f5_total_number_products_of_conception,c2302,f5_total_number_products_of_conception,9040,84.94,TRUE,6.6805,1.9932,F5_Total number products of conception
c2302_f7h_9th_prod_birthweight_ounces,c2302,f7h_9th_prod_birthweight_ounces,9040,84.94,TRUE,30.106,40.7127,F7h_9th prod_Birthweight ounces
c2302_number_of_prior,c2302,number_of_prior,9040,84.94,TRUE,51.2958,36.717,Number of Prior
c2302_trimester_at,c2302,trimester_at,9040,84.94,TRUE,327021237156.697,385318401925.659,Trimester at
c2302_last_prior_outcome,c2302,last_prior_outcome,9040,84.94,TRUE,327021237156.697,385318401925.659,""
c2302_f7j_9th_prod_place_of_birth,c2302,f7j_9th_prod_place_of_birth,9040,84.94,TRUE,0.7465,1.1862,F7j_9th prod_Place of birth
c2302_parity_prior,c2302,parity_prior,9040,84.94,TRUE,601.9098,1065.5906,Parity (Prior
c2302_f8a_10th_prod_month_term_of_preg,c2302,f8a_10th_prod_month_term_of_preg,5784,90.36,TRUE,12.4353,23.0048,F8a_10th prod_Month term of preg
c2302_f8b_10th_prod_year_term_of_preg,c2302,f8b_10th_prod_year_term_of_preg,5782,90.37,TRUE,57.9767,5.0267,F8b_10th prod_Year term of preg
c2302_f8c_10th_prod_weeks_of_gestation,c2302,f8c_10th_prod_weeks_of_gestation,5782,90.37,TRUE,34.4929,12.9338,F8c_10th prod_Weeks of gestation
c2302_f8d_10th_prod_liveborn,c2302,f8d_10th_prod_liveborn,5782,90.37,TRUE,0.8615,0.6081,F8d_10th prod_Liveborn
c2302_f8e_10th_prod_sex,c2302,f8e_10th_prod_sex,5782,90.37,TRUE,2.579,2.4488,F8e_10th prod_Sex
c2302_f8f_10th_prod_type_of_delivery,c2302,f8f_10th_prod_type_of_delivery,5782,90.37,TRUE,1.0247,0.2635,F8f_10th prod_Type of delivery
c2302_f8g_10th_prod_birthweight_pounds,c2302,f8g_10th_prod_birthweight_pounds,5782,90.37,TRUE,26.9671,38.3807,F8g_10th prod_Birthweight pounds
c2302_f8h_10th_prod_birthweight_ounces,c2302,f8h_10th_prod_birthweight_ounces,5782,90.37,TRUE,31.5771,41.5855,F8h_10th prod_Birthweight ounces
c2302_prior_perinatal_loss,c2302,prior_perinatal_loss,5782,90.37,TRUE,4.9341,3.5093,Prior Perinatal Loss
c2302_f8i_10th_prod_childs_age_at_death,c2302,f8i_10th_prod_childs_age_at_death,5782,90.37,TRUE,2.0365,3.6948,F8i_10th prod_Childs age at death
c2302_f8j_10th_prod_place_of_birth,c2302,f8j_10th_prod_place_of_birth,5782,90.37,TRUE,0.696,1.0877,F8j_10th prod_Place of birth
c2302_f9a_11th_prod_month_term_of_preg,c2302,f9a_11th_prod_month_term_of_preg,3720,93.8,TRUE,12.8661,23.4105,F9a_11th prod_Month term of preg
c2302_f9b_11th_prod_year_term_of_preg,c2302,f9b_11th_prod_year_term_of_preg,3720,93.8,TRUE,58.3804,5.0617,F9b_11th prod_Year term of preg
c2302_f9c_11th_prod_weeks_of_gestation,c2302,f9c_11th_prod_weeks_of_gestation,3720,93.8,TRUE,34.9051,13.0867,F9c_11th prod_Weeks of gestation
c2302_f9d_11th_prod_liveborn,c2302,f9d_11th_prod_liveborn,3720,93.8,TRUE,0.8605,0.5705,F9d_11th prod_Liveborn
c2302_f9e_11th_prod_sex,c2302,f9e_11th_prod_sex,3720,93.8,TRUE,2.5255,2.376,F9e_11th prod_Sex
c2302_f9f_11th_prod_type_of_delivery,c2302,f9f_11th_prod_type_of_delivery,3720,93.8,TRUE,1.025,0.2447,F9f_11th prod_Type of delivery
c2302_f9g_11th_prod_birthweight_pounds,c2302,f9g_11th_prod_birthweight_pounds,3720,93.8,TRUE,26.1745,37.8463,F9g_11th prod_Birthweight pounds
c2302_f9h_11th_prod_birthweight_ounces,c2302,f9h_11th_prod_birthweight_ounces,3720,93.8,TRUE,31.0575,41.3153,F9h_11th prod_Birthweight ounces
c2302_f9i_11th_prod_childs_age_at_death,c2302,f9i_11th_prod_childs_age_at_death,3720,93.8,TRUE,1.9839,3.6457,F9i_11th prod_Childs age at death
c2302_f9j_11th_prod_place_of_birth,c2302,f9j_11th_prod_place_of_birth,3720,93.8,TRUE,0.7059,1.2212,F9j_11th prod_Place of birth
c2302_f10c_12th_prod_weeks_of_gestation,c2302,f10c_12th_prod_weeks_of_gestation,2308,96.15,TRUE,34.4736,13.3459,F10c_12th prod_Weeks of gestation
c2302_f10d_12th_prod_liveborn,c2302,f10d_12th_prod_liveborn,2308,96.15,TRUE,0.8445,0.5878,F10d_12th prod_Liveborn
c2302_f10e_12th_prod_sex,c2302,f10e_12th_prod_sex,2308,96.15,TRUE,2.6473,2.4661,F10e_12th prod_Sex
c2302_f10f_12th_prod_type_of_delivery,c2302,f10f_12th_prod_type_of_delivery,2308,96.15,TRUE,1.0221,0.1664,F10f_12th prod_Type of delivery
c2302_f10g_12th_prod_birthweight_pounds,c2302,f10g_12th_prod_birthweight_pounds,2308,96.15,TRUE,28.0442,39.0101,F10g_12th prod_Birthweight pounds
c2302_f10h_12th_prod_birthweight_ounces,c2302,f10h_12th_prod_birthweight_ounces,2308,96.15,TRUE,33.1343,42.4665,F10h_12th prod_Birthweight ounces
c2302_f10i_12th_prod_childs_age_at_death,c2302,f10i_12th_prod_childs_age_at_death,2308,96.15,TRUE,2.1148,3.7469,F10i_12th prod_Childs age at death
c2302_f10j_12th_prod_place_of_birth,c2302,f10j_12th_prod_place_of_birth,2308,96.15,TRUE,0.7049,1.2321,F10j_12th prod_Place of birth
c1302_f5_total_number_products_of_conception,c1302,f5_total_number_products_of_conception,9020,84.97,TRUE,6.6718,1.9959,F5_Total number products of conception
c1302_f7h_5th_prod_birthweight_ounces,c1302,f7h_5th_prod_birthweight_ounces,9018,84.97,TRUE,22.7741,35.6634,F7h_5th prod_Birthweight ounces
c1302_number_of_prior,c1302,number_of_prior,9018,84.97,TRUE,46.8346,35.2275,Number of Prior
c1302_trimester_at,c1302,trimester_at,9018,84.97,TRUE,469270524857.629,352549976101.845,Trimester at
c1302_last_prior_outcome,c1302,last_prior_outcome,9018,84.97,TRUE,469270524857.629,352549976101.845,""
c1302_f7j_5th_prod_place_of_birth,c1302,f7j_5th_prod_place_of_birth,9018,84.97,TRUE,1.0172,1.1967,F7j_5th prod_Place of birth
c1302_parity_prior,c1302,parity_prior,9018,84.97,TRUE,1145.1586,1234.253,Parity (Prior
c1302_f8a_6th_prod_month_term_of_preg,c1302,f8a_6th_prod_month_term_of_preg,9013,84.98,TRUE,12.3392,22.6588,F8a_6th prod_Month term of preg
c1302_f8b_6th_prod_year_term_of_preg,c1302,f8b_6th_prod_year_term_of_preg,9013,84.98,TRUE,52.3026,5.7242,F8b_6th prod_Year term of preg
c1302_f8c_6th_prod_weeks_of_gestation,c1302,f8c_6th_prod_weeks_of_gestation,9013,84.98,TRUE,35.7079,11.013,F8c_6th prod_Weeks of gestation
c1302_f8d_6th_prod_liveborn,c1302,f8d_6th_prod_liveborn,9013,84.98,TRUE,0.9052,0.5226,F8d_6th prod_Liveborn
c1302_f8e_6th_prod_sex,c1302,f8e_6th_prod_sex,9013,84.98,TRUE,2.2644,2.146,F8e_6th prod_Sex
c1302_f8f_6th_prod_type_of_delivery,c1302,f8f_6th_prod_type_of_delivery,9013,84.98,TRUE,1.0116,0.2111,F8f_6th prod_Type of delivery
c1302_f8g_6th_prod_birthweight_lbs,c1302,f8g_6th_prod_birthweight_lbs,9013,84.98,TRUE,21.8819,34.4334,F8g_6th prod_Birthweight lbs
c1302_f8h_6th_prod_birthweight_ounces,c1302,f8h_6th_prod_birthweight_ounces,9013,84.98,TRUE,26.5987,38.7346,F8h_6th prod_Birthweight ounces
c1302_prior_perinatal_loss,c1302,prior_perinatal_loss,9013,84.98,TRUE,4.6837,3.4644,Prior Perinatal Loss
c1302_f8i_6th_prod_childs_age_at_death,c1302,f8i_6th_prod_childs_age_at_death,9013,84.98,TRUE,1.5718,3.3104,F8i_6th prod_Childs age at death
c1302_f8j_6th_prod_place_of_birth,c1302,f8j_6th_prod_place_of_birth,9013,84.98,TRUE,0.9797,1.1597,F8j_6th prod_Place of birth
c1302_f9a_7th_prod_month_term_of_preg,c1302,f9a_7th_prod_month_term_of_preg,9013,84.98,TRUE,12.7481,23.3761,F9a_7th prod_Month term of preg
c1302_f9b_7th_prod_year_termof_preg,c1302,f9b_7th_prod_year_termof_preg,9013,84.98,TRUE,54.1437,5.6917,F9b_7th prod_Year termof preg
c1302_f9c_7th_prod_weeks_of_gestation,c1302,f9c_7th_prod_weeks_of_gestation,9013,84.98,TRUE,35.2998,11.3426,F9c_7th prod_Weeks of gestation
c1302_f9d_7th_prod_liveborn,c1302,f9d_7th_prod_liveborn,9013,84.98,TRUE,0.8937,0.5214,F9d_7th prod_Liveborn
c1302_f9e_7th_prod_sex,c1302,f9e_7th_prod_sex,9013,84.98,TRUE,2.37,2.25,F9e_7th prod_Sex
c1302_f9f_7th_prod_type_of_delivery,c1302,f9f_7th_prod_type_of_delivery,9013,84.98,TRUE,1.0139,0.2188,F9f_7th prod_Type of delivery
c1302_f9g_7th_prod_birthweight_lbs,c1302,f9g_7th_prod_birthweight_lbs,9013,84.98,TRUE,23.1693,35.5384,F9g_7th prod_Birthweight lbs
c1302_f9h_7th_prod_birthweight_ozs,c1302,f9h_7th_prod_birthweight_ozs,9013,84.98,TRUE,27.783,39.475,F9h_7th prod_Birthweight ozs
c1302_f9i_7th_prod_childs_age_at_death,c1302,f9i_7th_prod_childs_age_at_death,9013,84.98,TRUE,1.6782,3.3973,F9i_7th prod_Childs age at death
c1302_f9j_7th_prod_place_of_birth,c1302,f9j_7th_prod_place_of_birth,9013,84.98,TRUE,0.9203,1.1743,F9j_7th prod_Place of birth
c1302_f10c_8th_prod_weeks_of_gestation,c1302,f10c_8th_prod_weeks_of_gestation,9013,84.98,TRUE,35.0713,11.9542,F10c_8th prod_Weeks of gestation
c1302_f10d_8th_prod_liveborn,c1302,f10d_8th_prod_liveborn,9013,84.98,TRUE,0.8957,0.5869,F10d_8th prod_Liveborn
c1302_f10e_8th_prod_sex,c1302,f10e_8th_prod_sex,9013,84.98,TRUE,2.4419,2.3172,F10e_8th prod_Sex
c1302_f10f_8th_prod_type_of_delivery,c1302,f10f_8th_prod_type_of_delivery,9013,84.98,TRUE,1.0179,0.2159,F10f_8th prod_Type of delivery
c1302_f10g_8th_prod_birthweight_lbs,c1302,f10g_8th_prod_birthweight_lbs,9013,84.98,TRUE,24.1578,36.3344,F10g_8th prod_Birthweight lbs
c1302_f10h_8th_prod_birthweight_ounces,c1302,f10h_8th_prod_birthweight_ounces,9013,84.98,TRUE,28.966,40.274,F10h_8th prod_Birthweight ounces
c1302_f10i_8th_prod_childs_age_at_death,c1302,f10i_8th_prod_childs_age_at_death,9013,84.98,TRUE,1.7812,3.4892,F10i_8th prod_Childs age at death
c1302_f10j_8th_prod_place_of_birth,c1302,f10j_8th_prod_place_of_birth,9013,84.98,TRUE,0.8116,1.1156,F10j_8th prod_Place of birth
c2477_coding_completed_nurse,c2477,coding_completed_nurse,7114,88.15,TRUE,2.016,0.8653,Coding Completed Nurse
c2477_coding_completed_physician,c2477,coding_completed_physician,7114,88.15,TRUE,1.5565,0.7276,Coding Completed Physician
c2477_total_number_of_conditions,c2477,total_number_of_conditions,7114,88.15,TRUE,11.9765,3.6475,Total Number of Conditions
c2477_forms_reviewed_ps_10_17,c2477,forms_reviewed_ps_10_17,7114,88.15,TRUE,0,0,Forms Reviewed PS-10-17
c2477_forms_reviewed_slh_es,c2477,forms_reviewed_slh_es,7114,88.15,TRUE,1e-04,0.0119,Forms Reviewed SLH-ES
c2477_forms_reviewed_ps_20_25,c2477,forms_reviewed_ps_20_25,7114,88.15,TRUE,1e-04,0.0119,Forms Reviewed PS-20-25
c2477_forms_reviewed_ps_320_25,c2477,forms_reviewed_ps_320_25,7114,88.15,TRUE,1e-04,0.0119,Forms Reviewed PS-320-25
c2477_forms_reviewed_ps_30_35,c2477,forms_reviewed_ps_30_35,7114,88.15,TRUE,3e-04,0.0168,Forms Reviewed PS-30-35
c2477_forms_reviewed_ped_76,c2477,forms_reviewed_ped_76,7114,88.15,TRUE,0.9895,0.1021,Forms Reviewed PED-76
c2477_forms_reviewed_ped_75,c2477,forms_reviewed_ped_75,7114,88.15,TRUE,0.9789,0.1437,Forms Reviewed PED-75
c2477_forms_reviewed_ped_74,c2477,forms_reviewed_ped_74,7114,88.15,TRUE,0.3092,0.4622,Forms Reviewed PED-74
c2477_forms_reviewed_ped_20,c2477,forms_reviewed_ped_20,7114,88.15,TRUE,0.9888,0.1055,Forms Reviewed PED-20
c2477_forms_reviewed_ped_29,c2477,forms_reviewed_ped_29,7114,88.15,TRUE,0.8322,0.3737,Forms Reviewed PED-29
c2477_forms_reviewed_fhh_9,c2477,forms_reviewed_fhh_9,7114,88.15,TRUE,0.0077,0.0876,Forms Reviewed FHH-9
c2477_forms_reviewed_ped_4,c2477,forms_reviewed_ped_4,7114,88.15,TRUE,0.001,0.0314,Forms Reviewed PED-4
c2477_forms_reviewed_autopsy,c2477,forms_reviewed_autopsy,7114,88.15,TRUE,3e-04,0.0168,Forms Reviewed Autopsy
c2477_condition_1_code,c2477,condition_1_code,7114,88.15,TRUE,2541.4616,537.7672,Condition 1 Code
c2477_condition_1_diagnosis,c2477,condition_1_diagnosis,7114,88.15,TRUE,1.9234,0.266,Condition 1 Diagnosis
c2477_condition_1_source,c2477,condition_1_source,7114,88.15,TRUE,1.992,1.1584,Condition 1 Source
c2477_condition_2_code,c2477,condition_2_code,5287,91.19,TRUE,2576.9837,508.2646,Condition 2 Code
c2477_condition_2_diagnosis,c2477,condition_2_diagnosis,5287,91.19,TRUE,1.9283,0.258,Condition 2 Diagnosis
c2477_condition_2_source,c2477,condition_2_source,5287,91.19,TRUE,1.9243,1.1174,Condition 2 Source
c2477_condition_3_code,c2477,condition_3_code,3900,93.5,TRUE,2597.421,489.2159,Condition 3 Code
c2477_condition_3_diagnosis,c2477,condition_3_diagnosis,3900,93.5,TRUE,1.9241,0.2649,Condition 3 Diagnosis
c2477_condition_3_source,c2477,condition_3_source,3900,93.5,TRUE,1.8615,1.0776,Condition 3 Source
c2477_condition_4_code,c2477,condition_4_code,2907,95.16,TRUE,2620.5755,472.3539,Condition 4 Code
c2477_condition_4_diagnosis,c2477,condition_4_diagnosis,2907,95.16,TRUE,1.9271,0.2601,Condition 4 Diagnosis
c2477_condition_4_source,c2477,condition_4_source,2907,95.16,TRUE,1.8445,1.0581,Condition 4 Source
c2477_condition_5_code,c2477,condition_5_code,2160,96.4,TRUE,2637.1468,461.37,Condition 5 Code
c2477_condition_5_diagnosis,c2477,condition_5_diagnosis,2160,96.4,TRUE,1.9361,0.2446,Condition 5 Diagnosis
c2477_condition_5_source,c2477,condition_5_source,2160,96.4,TRUE,1.8125,1.0435,Condition 5 Source
c2477_condition_6_code,c2477,condition_6_code,1609,97.32,TRUE,2658.3779,436.6124,Condition 6 Code
c2477_condition_6_diagnosis,c2477,condition_6_diagnosis,1609,97.32,TRUE,1.9422,0.2334,Condition 6 Diagnosis
c2477_condition_6_source,c2477,condition_6_source,1609,97.32,TRUE,1.7017,0.9466,Condition 6 Source
c2477_condition_7_code,c2477,condition_7_code,1214,97.98,TRUE,2675.3081,414.6685,Condition 7 Code
c2477_condition_7_diagnosis,c2477,condition_7_diagnosis,1214,97.98,TRUE,1.9415,0.2348,Condition 7 Diagnosis
c2477_condition_7_source,c2477,condition_7_source,1214,97.98,TRUE,1.6499,0.9017,Condition 7 Source
c2477_condition_8_code,c2477,condition_8_code,925,98.46,TRUE,2688.8346,398.4122,Condition 8 Code
c2477_condition_8_diagnosis,c2477,condition_8_diagnosis,925,98.46,TRUE,1.9438,0.2305,Condition 8 Diagnosis
c2477_condition_8_source,c2477,condition_8_source,925,98.46,TRUE,1.6314,0.8761,Condition 8 Source
c3406_f05a3406,c3406,f05a3406,7041,88.27,TRUE,6.5029,3.4357,f05a3406
c3406_f05b3406,c3406,f05b3406,7041,88.27,TRUE,15.5822,8.8177,f05b3406
c3406_f05c3406,c3406,f05c3406,7041,88.27,TRUE,62.4586,1.7865,f05c3406
c3406_f06_3406,c3406,f06_3406,7041,88.27,TRUE,170.652,137.828,f06_3406
c3406_f07_3406,c3406,f07_3406,7041,88.27,TRUE,29.47,44.1313,f07_3406
c3406_f08_3406,c3406,f08_3406,7041,88.27,TRUE,2.7461,1.4384,f08_3406
c3406_f14_3406,c3406,f14_3406,7041,88.27,TRUE,0.0314,0.3662,f14_3406
c3406_f15_3406,c3406,f15_3406,7041,88.27,TRUE,2.0851,3.7914,f15_3406
c3406_f16_3406,c3406,f16_3406,7041,88.27,TRUE,0.008,0.2632,f16_3406
c3406_f17_3406,c3406,f17_3406,7041,88.27,TRUE,0.0082,0.2637,f17_3406
c3406_f18_3406,c3406,f18_3406,7041,88.27,TRUE,0.073,0.4235,f18_3406
c3406_f19_3406,c3406,f19_3406,7041,88.27,TRUE,0.1152,0.675,f19_3406
c3406_f20_3406,c3406,f20_3406,7041,88.27,TRUE,1.5361,3.2476,f20_3406
c3406_f21_3406,c3406,f21_3406,7041,88.27,TRUE,0.0831,0.6704,f21_3406
c3406_f22_3406,c3406,f22_3406,7041,88.27,TRUE,0.0626,0.629,f22_3406
c3406_gestation_at_delivery,c3406,gestation_at_delivery,7041,88.27,TRUE,8792.8584,65909.5593,Gestation at Delivery
c3406_f23_3406,c3406,f23_3406,7041,88.27,TRUE,0.2372,1.2113,f23_3406
c3406_f24_3406,c3406,f24_3406,7041,88.27,TRUE,0.1386,0.5979,f24_3406
c3406_f25_3406,c3406,f25_3406,7041,88.27,TRUE,0.1728,0.7926,f25_3406
c3406_f26_3406,c3406,f26_3406,7041,88.27,TRUE,0.1525,0.7256,f26_3406
c3406_f27_3406,c3406,f27_3406,7041,88.27,TRUE,0.2948,1.2036,f27_3406
c3406_f28_3406,c3406,f28_3406,7041,88.27,TRUE,0.228,1.1379,f28_3406
c3406_f29_3406,c3406,f29_3406,7041,88.27,TRUE,1.885,3.4408,f29_3406
c3406_f30_3406,c3406,f30_3406,7041,88.27,TRUE,0.2069,1.2037,f30_3406
c3406_f31_3406,c3406,f31_3406,7041,88.27,TRUE,0.2422,1.1452,f31_3406
c3406_f32_3406,c3406,f32_3406,7041,88.27,TRUE,0.6167,1.7838,f32_3406
c3406_f33_3406,c3406,f33_3406,7041,88.27,TRUE,0.4633,1.6959,f33_3406
c3406_f34_3406,c3406,f34_3406,7041,88.27,TRUE,1.1679,0.8707,f34_3406
c3406_f35_3406,c3406,f35_3406,7041,88.27,TRUE,0.7351,2.1271,f35_3406
c3406_f36_3406,c3406,f36_3406,7041,88.27,TRUE,0.3677,1.6732,f36_3406
c3406_f37_3406,c3406,f37_3406,1624,97.29,TRUE,3.1638,4.1793,f37_3406
c3406_f38_3406,c3406,f38_3406,1624,97.29,TRUE,2.9988,4.222,f38_3406
c3406_f39_3406,c3406,f39_3406,1624,97.29,TRUE,3.4563,4.3074,f39_3406
c3406_f40a3406,c3406,f40a3406,1624,97.29,TRUE,6.726,3.322,f40a3406
c3406_f40b3406,c3406,f40b3406,1624,97.29,TRUE,6.4446,3.9023,f40b3406
c3406_f40c3406,c3406,f40c3406,1624,97.29,TRUE,6.5523,3.6743,f40c3406
c3406_f40d3406,c3406,f40d3406,1624,97.29,TRUE,6.5105,3.7477,f40d3406
c3406_f40e3406,c3406,f40e3406,1624,97.29,TRUE,6.4569,3.7063,f40e3406
c3406_f40f3406,c3406,f40f3406,1624,97.29,TRUE,6.4914,3.8337,f40f3406
c3406_f40g3406,c3406,f40g3406,1624,97.29,TRUE,6.7543,3.3745,f40g3406
c3406_f40h3406,c3406,f40h3406,1624,97.29,TRUE,6.4729,3.8158,f40h3406
c3406_f41a3406,c3406,f41a3406,1624,97.29,TRUE,4.0739,3.6808,f41a3406
c3406_f41b3406,c3406,f41b3406,1624,97.29,TRUE,4.9397,3.6109,f41b3406
c3406_f41c3406,c3406,f41c3406,1624,97.29,TRUE,4.2488,3.5491,f41c3406
c3406_f41d3406,c3406,f41d3406,1624,97.29,TRUE,4.8344,3.705,f41d3406
c4406_f02a4406,c4406,f02a4406,7039,88.27,TRUE,6.5038,3.435,f02a4406
c4406_f02b4406,c4406,f02b4406,7039,88.27,TRUE,15.5835,8.8188,f02b4406
c4406_f02c4406,c4406,f02c4406,7039,88.27,TRUE,62.4589,1.7864,f02c4406
c4406_f02d4406,c4406,f02d4406,7039,88.27,TRUE,170.3086,137.7991,f02d4406
c4406_f02e4406,c4406,f02e4406,7039,88.27,TRUE,29.453,44.1205,f02e4406
c4406_f03_4406,c4406,f03_4406,7039,88.27,TRUE,0.3138,1.5522,f03_4406
c4406_f09a4406,c4406,f09a4406,7039,88.27,TRUE,2.0993,3.7953,f09a4406
c4406_f09b4406,c4406,f09b4406,7039,88.27,TRUE,4.3564,2.5882,f09b4406
c4406_f10a4406,c4406,f10a4406,7039,88.27,TRUE,2.0874,3.7945,f10a4406
c4406_f10b4406,c4406,f10b4406,7039,88.27,TRUE,4.2625,2.6453,f10b4406
c4406_f11a4406,c4406,f11a4406,7039,88.27,TRUE,2.0875,3.7946,f11a4406
c4406_f11b4406,c4406,f11b4406,7039,88.27,TRUE,4.289,2.6297,f11b4406
c4406_f12a4406,c4406,f12a4406,7039,88.27,TRUE,2.0882,3.7954,f12a4406
c4406_f12b4406,c4406,f12b4406,7039,88.27,TRUE,4.3155,2.6076,f12b4406
c4406_f13_4406,c4406,f13_4406,7039,88.27,TRUE,2.7267,3.9726,f13_4406
c4406_gestation_at_delivery,c4406,gestation_at_delivery,7039,88.27,TRUE,344063.4374,395804.496,Gestation at Delivery
c4406_f14a4406,c4406,f14a4406,7039,88.27,TRUE,6.4509,3.8124,f14a4406
c4406_f14b4406,c4406,f14b4406,7039,88.27,TRUE,5.9724,3.1962,f14b4406
c4406_f15_4406,c4406,f15_4406,7039,88.27,TRUE,8.2449,2.2868,f15_4406
c4406_f16_4406,c4406,f16_4406,7039,88.27,TRUE,8.2532,2.2087,f16_4406
c4406_f17_4406,c4406,f17_4406,7039,88.27,TRUE,8.2392,2.321,f17_4406
c4406_f18_4406,c4406,f18_4406,7039,88.27,TRUE,8.2503,2.2903,f18_4406
c4406_f19_4406,c4406,f19_4406,7039,88.27,TRUE,8.2426,2.2918,f19_4406
c4406_f20_4406,c4406,f20_4406,7039,88.27,TRUE,8.2482,2.2187,f20_4406
c4406_f21_4406,c4406,f21_4406,7039,88.27,TRUE,8.2405,2.317,f21_4406
c4406_f22_4406,c4406,f22_4406,7039,88.27,TRUE,8.2523,2.2843,f22_4406
c4406_f23_4406,c4406,f23_4406,7039,88.27,TRUE,2.2936,3.7409,f23_4406
c4406_f24_4406,c4406,f24_4406,7039,88.27,TRUE,1.6363,3.206,f24_4406
c4406_f25_4406,c4406,f25_4406,7039,88.27,TRUE,1.7044,3.2467,f25_4406
c4406_f26_4406,c4406,f26_4406,7039,88.27,TRUE,0.1432,0.708,f26_4406
c4406_f27_4406,c4406,f27_4406,1623,97.3,TRUE,3.1885,4.1162,f27_4406
c4406_f28_4406,c4406,f28_4406,1623,97.3,TRUE,2.8361,1.0453,f28_4406
c4406_f29_4406,c4406,f29_4406,1623,97.3,TRUE,2.9495,0.9183,f29_4406
c4406_f30_4406,c4406,f30_4406,1623,97.3,TRUE,2.9908,0.9307,f30_4406
c4406_f31_4406,c4406,f31_4406,1623,97.3,TRUE,3.0142,0.9834,f31_4406
c4406_f32a4406,c4406,f32a4406,1623,97.3,TRUE,2.4535,4.0022,f32a4406
c4406_f32b4406,c4406,f32b4406,1623,97.3,TRUE,2.4621,4.0038,f32b4406
c4406_f33a4406,c4406,f33a4406,1623,97.3,TRUE,7.5059,3.3399,f33a4406
c4406_f33b4406,c4406,f33b4406,1623,97.3,TRUE,7.5071,3.3436,f33b4406
c4406_f34a4406,c4406,f34a4406,1623,97.3,TRUE,7.5712,3.282,f34a4406
c4406_f34b4406,c4406,f34b4406,1623,97.3,TRUE,7.5736,3.2771,f34b4406
c4406_f35a4406,c4406,f35a4406,1623,97.3,TRUE,2.6408,4.094,f35a4406
c4406_f35b4406,c4406,f35b4406,1623,97.3,TRUE,2.6451,4.0971,f35b4406
c4406_f36a4406,c4406,f36a4406,1623,97.3,TRUE,3.512,4.3786,f36a4406
c4406_f36b4406,c4406,f36b4406,1623,97.3,TRUE,3.5299,4.3857,f36b4406
c4406_f37a4406,c4406,f37a4406,1623,97.3,TRUE,3.536,4.3779,f37a4406
c4406_f37b4406,c4406,f37b4406,1623,97.3,TRUE,3.5539,4.3811,f37b4406
c4406_f38a4406,c4406,f38a4406,1623,97.3,TRUE,3.5157,4.3762,f38a4406
c4406_f38b4406,c4406,f38b4406,1623,97.3,TRUE,3.5225,4.3807,f38b4406
c4406_f39a4406,c4406,f39a4406,1623,97.3,TRUE,4.9575,4.3905,f39a4406
c4406_f39b4406,c4406,f39b4406,1623,97.3,TRUE,4.9538,4.398,f39b4406
c5402_f02a5402,c5402,f02a5402,6129,89.79,TRUE,6.2872,3.3453,f02a5402
c5402_f02b5402,c5402,f02b5402,6129,89.79,TRUE,15.8117,8.7876,f02b5402
c5402_f02c5402,c5402,f02c5402,6129,89.79,TRUE,59.4701,0.4991,f02c5402
c5402_f02d5402,c5402,f02d5402,6129,89.79,TRUE,11.4262,9.8745,f02d5402
c5402_f02e5402,c5402,f02e5402,6129,89.79,TRUE,39.21,16.5319,f02e5402
c5402_neonatal_neurological_examination_2,c5402,neonatal_neurological_examination_2,6129,89.79,TRUE,15.9724,28.4409,"CHILD, NEONATAL, NEUROLOGICAL EXAMINATION"
c5402_neurological_examination_2,c5402,neurological_examination_2,6129,89.79,TRUE,16531828044587620,28590515557972596,"CHILD, NEUROLOGICAL EXAMINATION"
c5402_neurological_examination_3,c5402,neurological_examination_3,60016,0,FALSE,"","","CHILD, NEUROLOGICAL EXAMINATION"
c5402_neurological_examination_4,c5402,neurological_examination_4,6129,89.79,TRUE,5.0731,3.0872,"CHILD, NEUROLOGICAL EXAMINATION"
c5402_neonatal_neurological_examination_3,c5402,neonatal_neurological_examination_3,6129,89.79,TRUE,55.1883,31.7768,"NEONATAL, NEUROLOGICAL EXAMINATION"
c5402_neurological_examination_6,c5402,neurological_examination_6,6129,89.79,TRUE,4.4573,4.2632,"CHILD, NEUROLOGICAL EXAMINATION"
c5402_neonatal_neurological_examination_5,c5402,neonatal_neurological_examination_5,6129,89.79,TRUE,75.0739,33.6157,"NEONATAL, NEUROLOGICAL EXAMINATION"
c5402_neonatal_neurological_examination_7,c5402,neonatal_neurological_examination_7,6129,89.79,TRUE,11.1788,13.6887,"NEONATAL, NEUROLOGICAL EXAMINATION"
c5402_compute_heading,c5402,compute_heading,6129,89.79,TRUE,11630817.0132,13708641.3551,COMPUTE HEADING
c5402_neonatal_neurological_examination_10,c5402,neonatal_neurological_examination_10,6129,89.79,TRUE,45.108,28.7812,"CHILD, NEONATAL, NEUROLOGICAL EXAMINATION"
c5402_neonatal_neurological_examination_11,c5402,neonatal_neurological_examination_11,6129,89.79,TRUE,9.0992,17.5672,"NEONATAL, NEUROLOGICAL EXAMINATION"
c5402_neonatal_neurological_examination_13,c5402,neonatal_neurological_examination_13,6129,89.79,TRUE,4.9884,14.8783,"NEONATAL, NEUROLOGICAL EXAMINATION"
c5402_neonatal_neurological_examination_15,c5402,neonatal_neurological_examination_15,6129,89.79,TRUE,0.8926,6.2435,"NEONATAL, NEUROLOGICAL EXAMINATION"
c5402_procedure,c5402,procedure,60016,0,FALSE,"","",PROCEDURE
c5402_neonatal_neurological_examination_17,c5402,neonatal_neurological_examination_17,6129,89.79,TRUE,0.7799,5.7898,"NEONATAL, NEUROLOGICAL EXAMINATION"
c5402_neurological_examination_14,c5402,neurological_examination_14,6129,89.79,TRUE,0.1,2.567,"CHILD, NEUROLOGICAL EXAMINATION"
c5402_neonatal_neurological_examination_19,c5402,neonatal_neurological_examination_19,6129,89.79,TRUE,0.3539,3.9695,"NEONATAL, NEUROLOGICAL EXAMINATION"
c5402_neurological_examination_16,c5402,neurological_examination_16,6129,89.79,TRUE,0.0928,2.5644,"CHILD, NEUROLOGICAL EXAMINATION"
c5402_neonatal_neurological_examination_21,c5402,neonatal_neurological_examination_21,6129,89.79,TRUE,0.3035,3.8403,"NEONATAL, NEUROLOGICAL EXAMINATION"
c5402_neurological_examination_18,c5402,neurological_examination_18,6129,89.79,TRUE,0.2348,2.7769,"CHILD, NEUROLOGICAL EXAMINATION"
c5402_neonatal_neurological_examination_23,c5402,neonatal_neurological_examination_23,6129,89.79,TRUE,1.2141,7.4022,"NEONATAL, NEUROLOGICAL EXAMINATION"
c5402_neurological_examination_20,c5402,neurological_examination_20,6129,89.79,TRUE,0.2185,2.6956,"CHILD, NEUROLOGICAL EXAMINATION"
c5402_neonatal_neurological_examination_25,c5402,neonatal_neurological_examination_25,6129,89.79,TRUE,2.3505,7.3483,"NEONATAL, NEUROLOGICAL EXAMINATION"
c5402_neurological_examination_22,c5402,neurological_examination_22,6129,89.79,TRUE,12.9985,4.582,"CHILD, NEUROLOGICAL EXAMINATION"
c5402_neonatal_neurological_examination_27,c5402,neonatal_neurological_examination_27,6129,89.79,TRUE,33.5874,17.6473,"NEONATAL, NEUROLOGICAL EXAMINATION"
c5402_neurological_examination_24,c5402,neurological_examination_24,6129,89.79,TRUE,34.2002,30.07,"CHILD, NEUROLOGICAL EXAMINATION"
c5402_neonatal_neurological_examination_29,c5402,neonatal_neurological_examination_29,6129,89.79,TRUE,3.1273,5.7253,"NEONATAL, NEUROLOGICAL EXAMINATION"
c5402_neurological_examination_26,c5402,neurological_examination_26,6129,89.79,TRUE,1.2707,4.7182,"CHILD, NEUROLOGICAL EXAMINATION"
c5402_neurological_examination_27,c5402,neurological_examination_27,6129,89.79,TRUE,0.0682,0.3969,"CHILD, NEUROLOGICAL EXAMINATION"
c5402_neonatal_neurological_examination_31,c5402,neonatal_neurological_examination_31,6129,89.79,TRUE,0.7119,4.2432,"NEONATAL, NEUROLOGICAL EXAMINATION"
c5402_neurological_examination_29,c5402,neurological_examination_29,6129,89.79,TRUE,0.5312,3.8296,"CHILD, NEUROLOGICAL EXAMINATION"
c5402_neonatal_neurological_examination_33,c5402,neonatal_neurological_examination_33,6129,89.79,TRUE,2.3488,5.2584,"NEONATAL, NEUROLOGICAL EXAMINATION"
c5402_neurological_examination_31,c5402,neurological_examination_31,6129,89.79,TRUE,0.3904,4.1978,"CHILD, NEUROLOGICAL EXAMINATION"
c5402_neonatal_neurological_examination_35,c5402,neonatal_neurological_examination_35,6129,89.79,TRUE,1.7903,8.6638,"NEONATAL, NEUROLOGICAL EXAMINATION"
c5402_neurological_examination_33,c5402,neurological_examination_33,6129,89.79,TRUE,1.9148,9.4074,"CHILD, NEUROLOGICAL EXAMINATION"
c5402_neonatal_neurological_examination_37,c5402,neonatal_neurological_examination_37,6129,89.79,TRUE,8.7941,19.1897,"NEONATAL, NEUROLOGICAL EXAMINATION"
c5402_neurological_examination_35,c5402,neurological_examination_35,6129,89.79,TRUE,1.7186,6.7346,"CHILD, NEUROLOGICAL EXAMINATION"
c5402_neonatal_neurological_examination_39,c5402,neonatal_neurological_examination_39,6129,89.79,TRUE,4.5188,17.2364,"NEONATAL, NEUROLOGICAL EXAMINATION"
c5402_neurological_examination_37,c5402,neurological_examination_37,6129,89.79,TRUE,14.4513,29.6404,"CHILD, NEUROLOGICAL EXAMINATION"
c5402_neonatal_neurological_examination_41,c5402,neonatal_neurological_examination_41,6129,89.79,TRUE,42.3775,44.6265,"NEONATAL, NEUROLOGICAL EXAMINATION"
c5402_neonatal_neurological_examination_43,c5402,neonatal_neurological_examination_43,6129,89.79,TRUE,424247.9597,446693.7881,"NEONATAL, NEUROLOGICAL EXAMINATION"
c5402_neurological_examination_39,c5402,neurological_examination_39,6129,89.79,TRUE,1.3288,7.3536,"CHILD, NEUROLOGICAL EXAMINATION"
c5402_neonatal_neurological_examination_44,c5402,neonatal_neurological_examination_44,6129,89.79,TRUE,4.3023,17.5239,"NEONATAL, NEUROLOGICAL EXAMINATION"
c5402_neurological_examination_41,c5402,neurological_examination_41,6129,89.79,TRUE,14.2141,29.7394,"CHILD, NEUROLOGICAL EXAMINATION"
c5402_neonatal_neurological_examination_46,c5402,neonatal_neurological_examination_46,6129,89.79,TRUE,42.2328,44.7485,"NEONATAL, NEUROLOGICAL EXAMINATION"
c5402_neurological_examination_43,c5402,neurological_examination_43,6129,89.79,TRUE,1.2527,6.7407,"CHILD, NEUROLOGICAL EXAMINATION"
c5402_neonatal_neurological_examination_48,c5402,neonatal_neurological_examination_48,6129,89.79,TRUE,4.3107,17.3949,"NEONATAL, NEUROLOGICAL EXAMINATION"
c5402_neurological_examination_45,c5402,neurological_examination_45,6129,89.79,TRUE,14.2304,29.7245,"CHILD, NEUROLOGICAL EXAMINATION"
c5402_neonatal_neurological_examination_50,c5402,neonatal_neurological_examination_50,6129,89.79,TRUE,42.217,44.7357,"NEONATAL, NEUROLOGICAL EXAMINATION"
c5402_neurological_examination_47,c5402,neurological_examination_47,6129,89.79,TRUE,1.2558,6.8827,"CHILD, NEUROLOGICAL EXAMINATION"
c5402_neonatal_neurological_examination_52,c5402,neonatal_neurological_examination_52,6129,89.79,TRUE,4.2885,17.3243,"NEONATAL, NEUROLOGICAL EXAMINATION"
c5402_neurological_examination_49,c5402,neurological_examination_49,6129,89.79,TRUE,14.1881,29.6567,"CHILD, NEUROLOGICAL EXAMINATION"
c5402_neonatal_neurological_examination_54,c5402,neonatal_neurological_examination_54,6129,89.79,TRUE,42.3529,44.7,"NEONATAL, NEUROLOGICAL EXAMINATION"
c5402_neurological_examination_51,c5402,neurological_examination_51,6129,89.79,TRUE,2.4714,8.3996,"CHILD, NEUROLOGICAL EXAMINATION"
c5402_neonatal_neurological_examination_56,c5402,neonatal_neurological_examination_56,6129,89.79,TRUE,2.2217,11.1226,"NEONATAL, NEUROLOGICAL EXAMINATION"
c5402_neurological_examination_53,c5402,neurological_examination_53,6129,89.79,TRUE,0.2035,1.0554,"CHILD, NEUROLOGICAL EXAMINATION"
c2410_v0_4_mo_ped_exam_field_02,c2410_v0,4_mo_ped_exam_field_02,5956,90.08,TRUE,16.7258,2.28,"4 MO PED EXAM, FIELD 02"
c2410_v0_4_mo_ped_exam_field_04,c2410_v0,4_mo_ped_exam_field_04,5956,90.08,TRUE,0.9169,2.5501,"4 MO PED EXAM, FIELD 04"
c2410_v0_4_mo_ped_exam_field_05,c2410_v0,4_mo_ped_exam_field_05,5956,90.08,TRUE,3.0379,3.8841,"4 MO PED EXAM, FIELD 05"
c2410_v0_4_mo_ped_exam_field_06,c2410_v0,4_mo_ped_exam_field_06,5956,90.08,TRUE,0.3736,1.6921,"4 MO PED EXAM, FIELD 06"
c2410_v0_4_mo_ped_exam_field_07,c2410_v0,4_mo_ped_exam_field_07,5956,90.08,TRUE,0.0168,0.2774,"4 MO PED EXAM, FIELD 07"
c2410_v0_4_mo_ped_exam_field_08,c2410_v0,4_mo_ped_exam_field_08,5956,90.08,TRUE,0.3205,1.5753,"4 MO PED EXAM, FIELD 08"
c2410_v0_4_mo_ped_exam_field_10,c2410_v0,4_mo_ped_exam_field_10,5956,90.08,TRUE,0.0524,0.6546,"4 MO PED EXAM, FIELD 10"
c2410_v0_4_mo_ped_exam_field_17,c2410_v0,4_mo_ped_exam_field_17,5956,90.08,TRUE,0.073,0.6723,"4 MO PED EXAM, FIELD 17"
c2410_v0_4_mo_ped_exam_field_23,c2410_v0,4_mo_ped_exam_field_23,5956,90.08,TRUE,0.0974,0.6419,"4 MO PED EXAM, FIELD 23"
c2410_v0_4_mo_ped_exam_field_25,c2410_v0,4_mo_ped_exam_field_25,5956,90.08,TRUE,0.1063,0.9364,"4 MO PED EXAM, FIELD 25"
c2410_v0_4_mo_ped_exam_field_26,c2410_v0,4_mo_ped_exam_field_26,5956,90.08,TRUE,1.3606,3.0219,"4 MO PED EXAM, FIELD 26"
c2410_v0_4_mo_ped_exam_field_27,c2410_v0,4_mo_ped_exam_field_27,5956,90.08,TRUE,0.3828,1.7219,"4 MO PED EXAM, FIELD 27"
c2410_v0_4_mo_ped_exam_field_28,c2410_v0,4_mo_ped_exam_field_28,5956,90.08,TRUE,0.4698,1.8994,"4 MO PED EXAM, FIELD 28"
c3410_f03_3410,c3410,f03_3410,5954,90.08,TRUE,861.1429,324.1677,f03_3410
c3410_f04_3410,c3410,f04_3410,5954,90.08,TRUE,0.179,1.2498,f04_3410
c3410_f05_3410,c3410,f05_3410,5954,90.08,TRUE,47.7628,47.8507,f05_3410
c3410_f06_3410,c3410,f06_3410,5954,90.08,TRUE,47.8289,47.8537,f06_3410
c3410_f07_3410,c3410,f07_3410,5954,90.08,TRUE,0.2635,1.5081,f07_3410
c3410_f08_3410,c3410,f08_3410,5954,90.08,TRUE,0.2709,1.5292,f08_3410
c3410_f09_3410,c3410,f09_3410,5954,90.08,TRUE,0.0116,0.2446,f09_3410
c3410_f10_3410,c3410,f10_3410,5954,90.08,TRUE,0.0501,0.3636,f10_3410
c3410_f11_3410,c3410,f11_3410,5954,90.08,TRUE,0.0165,0.2769,f11_3410
c3410_age_of_child_at_4_mo,c3410,age_of_child_at_4_mo,5954,90.08,TRUE,0.2165,2.9337,Age of Child at 4-Mo
c3410_f12_3410,c3410,f12_3410,5954,90.08,TRUE,0.0519,0.613,f12_3410
c3410_f13_3410,c3410,f13_3410,5954,90.08,TRUE,0.0613,0.5515,f13_3410
c3410_f14_3410,c3410,f14_3410,5954,90.08,TRUE,0.0509,0.5321,f14_3410
c3410_f15_3410,c3410,f15_3410,5954,90.08,TRUE,0.0558,0.5334,f15_3410
c3410_f16_3410,c3410,f16_3410,5954,90.08,TRUE,0.0689,0.6015,f16_3410
c3410_f17_3410,c3410,f17_3410,5954,90.08,TRUE,0.1218,0.7446,f17_3410
c3410_f18a3410,c3410,f18a3410,5954,90.08,TRUE,6.2702,2.9851,f18a3410
c3410_f18b3410,c3410,f18b3410,5954,90.08,TRUE,6.5667,2.7818,f18b3410
c3410_f18c3410,c3410,f18c3410,5954,90.08,TRUE,6.4894,2.7886,f18c3410
c3410_f18d3410,c3410,f18d3410,5954,90.08,TRUE,6.6587,2.7043,f18d3410
c3410_f18e3410,c3410,f18e3410,5954,90.08,TRUE,6.3564,2.8102,f18e3410
c3410_f19a3410,c3410,f19a3410,5954,90.08,TRUE,6.2576,2.9947,f19a3410
c3410_f19b3410,c3410,f19b3410,5954,90.08,TRUE,6.5633,2.7816,f19b3410
c3410_f19c3410,c3410,f19c3410,5954,90.08,TRUE,6.4718,2.7982,f19c3410
c3410_f19d3410,c3410,f19d3410,5954,90.08,TRUE,6.6337,2.7238,f19d3410
c3410_f19e3410,c3410,f19e3410,5954,90.08,TRUE,6.3557,2.8132,f19e3410
c3410_f20_3410,c3410,f20_3410,5954,90.08,TRUE,3.5888,2.287,f20_3410
c3410_f21_3410,c3410,f21_3410,5954,90.08,TRUE,3.17,2.7621,f21_3410
c3410_f22_3410,c3410,f22_3410,5954,90.08,TRUE,3.6189,3.0396,f22_3410
c3410_f23_3410,c3410,f23_3410,5954,90.08,TRUE,3.8147,3.2439,f23_3410
c3410_f24_3410,c3410,f24_3410,5954,90.08,TRUE,0.0418,0.5748,f24_3410
c3410_f25a3410,c3410,f25a3410,5954,90.08,TRUE,0.2405,0.5933,f25a3410
c3410_f25b3410,c3410,f25b3410,5954,90.08,TRUE,0.0846,0.4968,f25b3410
c3410_f25c3410,c3410,f25c3410,5954,90.08,TRUE,0.0428,0.4586,f25c3410
c3410_f25d3410,c3410,f25d3410,5954,90.08,TRUE,0.0227,0.4376,f25d3410
c3410_f25e3410,c3410,f25e3410,5954,90.08,TRUE,0.1794,0.5626,f25e3410
c3411_physical_exam,c3411,physical_exam,4641,92.27,TRUE,5.0696,0.4592,"CHILD, PHYSICAL EXAM"
c3411_physical_exam_2,c3411,physical_exam_2,4641,92.27,TRUE,536.0241,48.946,"CHILD, PHYSICAL EXAM"
c3411_1_year_neurological_examination,c3411,1_year_neurological_examination,60016,0,FALSE,"","","CHILD, 1 YEAR, NEUROLOGICAL EXAMINATION"
c3411_reliability_observation_neurological_exa,c3411,reliability_observation_neurological_exa,4641,92.27,TRUE,3453.5486,2316.1454,"RELIABILITY, OBSERVATION, CHILD, 1 YEAR, NEUROLOGICAL EXAMINATION"
c3411_reliability_observation_movement_during,c3411,reliability_observation_movement_during,4641,92.27,TRUE,2.6572,2.2405,"RELIABILITY, OBSERVATION, MOVEMENT DURING FIRST ROTATION, CHILD, 1 YEAR, NEUROLOGICAL"
c3411_reliability_observation_movement_during_2,c3411,reliability_observation_movement_during_2,4641,92.27,TRUE,3.0037,1.923,"RELIABILITY, OBSERVATION, MOVEMENT DURING FIRST ROTATION, CHILD, 1 YEAR, NEUROLOGICAL"
c3411_reliability_observation_response_after_r,c3411,reliability_observation_response_after_r,4641,92.27,TRUE,2.4066,2.2904,"RELIABILITY, OBSERVATION, RESPONSE AFTER RIGHT ROTATION, CHILD, 1 YEAR, NEUROLOGICAL"
c3411_reliability_observation_deviation_during,c3411,reliability_observation_deviation_during,4641,92.27,TRUE,2.0806,2.2832,"RELIABILITY, OBSERVATION, DEVIATION DURING RIGHT ROTATION, CHILD, 1 YEAR, NEUROLOGICAL"
c3411_reliability_observation_deviation_during_2,c3411,reliability_observation_deviation_during_2,4641,92.27,TRUE,0.0164,0.3574,"RELIABILITY, OBSERVATION, DEVIATION DURING LEFT ROTATION, CHILD, 1 YEAR, NEUROLOGICAL"
c3411_reliability_observation_response_after_l,c3411,reliability_observation_response_after_l,4641,92.27,TRUE,0.0621,0.6995,"RELIABILITY, OBSERVATION, RESPONSE AFTER LEFT ROTATION, CHILD, 1 YEAR, NEUROLOGICAL"
c3411_reliability_observation_response_after_l_2,c3411,reliability_observation_response_after_l_2,4641,92.27,TRUE,0.0108,0.2978,"RELIABILITY, OBSERVATION, RESPONSE AFTER LEFT ROTATION, CHILD, 1 YEAR, NEUROLOGICAL"
c3411_reliability_neurological_examination,c3411,reliability_neurological_examination,4641,92.27,TRUE,1.7339,1.9527,"RELIABILITY, CHILD, 1 YEAR, NEUROLOGICAL EXAMINATION"
c3411_reliability_neurological_examination_2,c3411,reliability_neurological_examination_2,4641,92.27,TRUE,1.7539,1.9797,"RELIABILITY, CHILD, 1 YEAR, NEUROLOGICAL EXAMINATION"
c3411_reliability_neurological_examination_3,c3411,reliability_neurological_examination_3,4641,92.27,TRUE,1540.641,1602.8482,"RELIABILITY, CHILD, 1 YEAR, NEUROLOGICAL EXAMINATION"
c0844_sex,c0844,sex,4001,93.33,TRUE,4.4544,2.8696,Sex
c0844_f5b_day_of_report,c0844,f5b_day_of_report,4001,93.33,TRUE,36.2729,35.6299,F5b_Day of report
c0844_f5c_year_of_report,c0844,f5c_year_of_report,4001,93.33,TRUE,63.2969,2.1276,F5c_Year of report
c0844_f6a_month_of_event,c0844,f6a_month_of_event,4001,93.33,TRUE,8.1357,12.5101,F6a_Month of event
c0844_f6c_year_of_event,c0844,f6c_year_of_event,4001,93.33,TRUE,63.0352,4.5612,F6c_Year of event
c0844_f8_autopsy,c0844,f8_autopsy,4001,93.33,TRUE,1.3077,0.8301,F8_Autopsy
c0844_f9_type_of_death,c0844,f9_type_of_death,4001,93.33,TRUE,20.2164,17.2533,F9_Type of death
c0844_f10_place_of_death,c0844,f10_place_of_death,4001,93.33,TRUE,0.7971,1.9851,F10_Place of death
c0844_f12_crown_rump_length,c0844,f12_crown_rump_length,2201,96.33,TRUE,422.0304,420.6456,F12_Crown rump length
c0844_gestation_at_delivery,c0844,gestation_at_delivery,2201,96.33,TRUE,42264.3735,42087.9301,Gestation at Delivery
c0844_f13_gestation,c0844,f13_gestation,2201,96.33,TRUE,61.3294,43.6876,F13_Gestation
c0844_f16_sex,c0844,f16_sex,4001,93.33,TRUE,2.0802,1.6555,F16_Sex
c0844_f18_type_of_death,c0844,f18_type_of_death,3997,93.34,TRUE,20.1536,16.5355,F18_Type of death
c0844_f19a_quarterly_additon_to_file_year,c0844,f19a_quarterly_additon_to_file_year,1972,96.71,TRUE,4.788,1.3752,F19a_Quarterly additon to file_year
c0844_f19b_quarter_case_first_reported,c0844,f19b_quarter_case_first_reported,1972,96.71,TRUE,2.4295,1.1287,F19b_Quarter case first reported
c1203_autopsy_id_acquisition_number,c1203,autopsy_id_acquisition_number,60016,0,FALSE,"","","AUTOPSY, ID ACQUISITION NUMBER (REPEATED FROM ABOVE)"
c1203_autopsy,c1203,autopsy,3094,94.84,TRUE,764.0501,350.6431,"AUTOPSY, (REPEATED FROM ABOVE)"
c1203_autopsy_2,c1203,autopsy_2,3094,94.84,TRUE,3035.6681,1364.4079,"AUTOPSY, (REPEATED FROM ABOVE)"
c1203_autopsy_3,c1203,autopsy_3,3094,94.84,TRUE,62.4664,30.9321,"AUTOPSY, (REPEATED FROM ABOVE)"
c1203_autopsy_4,c1203,autopsy_4,3094,94.84,TRUE,59.5653,33.8949,"AUTOPSY, (REPEATED FROM ABOVE)"
c1203_autopsy_5,c1203,autopsy_5,3094,94.84,TRUE,40.3361,38.0854,"AUTOPSY, (REPEATED FROM ABOVE)"
c1203_autopsy_6,c1203,autopsy_6,3094,94.84,TRUE,30.2624,27.5695,"AUTOPSY, (REPEATED FROM ABOVE)"
c1203_autopsy_7,c1203,autopsy_7,3094,94.84,TRUE,24.2518,40.9602,"AUTOPSY, (REPEATED FROM ABOVE)"
c1203_autopsy_8,c1203,autopsy_8,3094,94.84,TRUE,57.9451,34.1004,"AUTOPSY, (REPEATED FROM ABOVE)"
c1203_autopsy_9,c1203,autopsy_9,3094,94.84,TRUE,32.915,38.6775,"AUTOPSY, (REPEATED FROM ABOVE)"
c1203_autopsy_diagnostic_pathology_pathology,c1203,autopsy_diagnostic_pathology_pathology,3094,94.84,TRUE,468542.3739,297648.0297,"AUTOPSY, DIAGNOSTIC, PATHOLOGY, CHILD, GENERAL, PATHOLOGY"
c1203_autopsy_diagnostic_pathology_pathology_2,c1203,autopsy_diagnostic_pathology_pathology_2,3094,94.84,TRUE,3e-04,0.018,"AUTOPSY, DIAGNOSTIC, PATHOLOGY, CHILD, GENERAL, PATHOLOGY"
c1203_autopsy_diagnostic_pathology_pathology_3,c1203,autopsy_diagnostic_pathology_pathology_3,3094,94.84,TRUE,17.1755,6.8662,"AUTOPSY, DIAGNOSTIC, PATHOLOGY, CHILD, GENERAL, PATHOLOGY"
c1203_autopsy_diagnostic_pathology_pathology_4,c1203,autopsy_diagnostic_pathology_pathology_4,60016,0,FALSE,"","","AUTOPSY, DIAGNOSTIC, PATHOLOGY, CHILD, GENERAL, PATHOLOGY"
c1203_autopsy_diagnostic_pathology_pathology_5,c1203,autopsy_diagnostic_pathology_pathology_5,939,98.44,TRUE,8.4814,1.6586,"AUTOPSY, DIAGNOSTIC, PATHOLOGY, CHILD, GENERAL, PATHOLOGY"
c1203_autopsy_diagnostic_pathology_pathology_6,c1203,autopsy_diagnostic_pathology_pathology_6,939,98.44,TRUE,7.3919,17.9195,"AUTOPSY, DIAGNOSTIC, PATHOLOGY, CHILD, GENERAL, PATHOLOGY"
c1203_autopsy_diagnostic_pathology_pathology_7,c1203,autopsy_diagnostic_pathology_pathology_7,939,98.44,TRUE,1.7146,1.35,"AUTOPSY, DIAGNOSTIC, PATHOLOGY, CHILD, GENERAL, PATHOLOGY"
c1203_autopsy_number_sequence_form_type_form_n,c1203,autopsy_number_sequence_form_type_form_n,3094,94.84,TRUE,7.6063,67.8565,"AUTOPSY, NUMBER (SEQUENCE, FORM TYPE, FORM NUMBER, REVISION NUMBER), GENERAL, PATHOLOGY"
c1203_f25_degree_of_involvement,c1203,f25_degree_of_involvement,3094,94.84,TRUE,2.7014,1.3441,F25_Degree of involvement
c1203_f26_laterality,c1203,f26_laterality,3093,94.85,TRUE,3.7924,0.633,F26_Laterality
c2203_autopsy_id_acquisition_number,c2203,autopsy_id_acquisition_number,60016,0,FALSE,"","","AUTOPSY, ID ACQUISITION NUMBER (REPEATED FROM ABOVE)"
c2203_autopsy,c2203,autopsy,3083,94.86,TRUE,765.4687,350.0676,"AUTOPSY, (REPEATED FROM ABOVE)"
c2203_autopsy_2,c2203,autopsy_2,3083,94.86,TRUE,3033.808,1363.782,"AUTOPSY, (REPEATED FROM ABOVE)"
c2203_autopsy_3,c2203,autopsy_3,3083,94.86,TRUE,62.6043,30.9187,"AUTOPSY, (REPEATED FROM ABOVE)"
c2203_autopsy_4,c2203,autopsy_4,3083,94.86,TRUE,60.4152,33.9043,"AUTOPSY, (REPEATED FROM ABOVE)"
c2203_autopsy_5,c2203,autopsy_5,3083,94.86,TRUE,41.2579,38.3718,"AUTOPSY, (REPEATED FROM ABOVE)"
c2203_autopsy_6,c2203,autopsy_6,3083,94.86,TRUE,34.1687,29.2938,"AUTOPSY, (REPEATED FROM ABOVE)"
c2203_autopsy_7,c2203,autopsy_7,3083,94.86,TRUE,67.0723,34.759,"AUTOPSY, (REPEATED FROM ABOVE)"
c2203_autopsy_8,c2203,autopsy_8,3083,94.86,TRUE,48.8965,35.6721,"AUTOPSY, (REPEATED FROM ABOVE)"
c2203_autopsy_9,c2203,autopsy_9,3083,94.86,TRUE,39.8933,42.7762,"AUTOPSY, (REPEATED FROM ABOVE)"
c2203_autopsy_diagnostic_pathology_pathology,c2203,autopsy_diagnostic_pathology_pathology,3083,94.86,TRUE,546231.9659,288497.3469,"AUTOPSY, DIAGNOSTIC, PATHOLOGY, CHILD, GENERAL, PATHOLOGY"
c2203_autopsy_diagnostic_pathology_pathology_2,c2203,autopsy_diagnostic_pathology_pathology_2,3083,94.86,TRUE,5.0383,3.3499,"AUTOPSY, DIAGNOSTIC, PATHOLOGY, CHILD, GENERAL, PATHOLOGY"
c2203_autopsy_diagnostic_pathology_pathology_3,c2203,autopsy_diagnostic_pathology_pathology_3,3083,94.86,TRUE,35.0036,41.328,"AUTOPSY, DIAGNOSTIC, PATHOLOGY, CHILD, GENERAL, PATHOLOGY"
c2203_autopsy_diagnostic_pathology_pathology_4,c2203,autopsy_diagnostic_pathology_pathology_4,60016,0,FALSE,"","","AUTOPSY, DIAGNOSTIC, PATHOLOGY, CHILD, GENERAL, PATHOLOGY"
c2203_autopsy_diagnostic_pathology_pathology_5,c2203,autopsy_diagnostic_pathology_pathology_5,3083,94.86,TRUE,59.2423,35.9643,"AUTOPSY, DIAGNOSTIC, PATHOLOGY, CHILD, GENERAL, PATHOLOGY"
c2203_autopsy_diagnostic_pathology_pathology_6,c2203,autopsy_diagnostic_pathology_pathology_6,3083,94.86,TRUE,40.0221,43.1864,"AUTOPSY, DIAGNOSTIC, PATHOLOGY, CHILD, GENERAL, PATHOLOGY"
c2203_autopsy_diagnostic_pathology_pathology_7,c2203,autopsy_diagnostic_pathology_pathology_7,3083,94.86,TRUE,51.2929,48.1874,"AUTOPSY, DIAGNOSTIC, PATHOLOGY, CHILD, GENERAL, PATHOLOGY"
c2203_autopsy_number_sequence_form_type_form_n,c2203,autopsy_number_sequence_form_type_form_n,3083,94.86,TRUE,7251.1048,3416.9804,"AUTOPSY, NUMBER (SEQUENCE, FORM TYPE, FORM NUMBER, REVISION NUMBER), GENERAL, PATHOLOGY"
c2203_f19_state_of_body_at_autopsy,c2203,f19_state_of_body_at_autopsy,3079,94.87,TRUE,1.1007,0.3563,F19_State of body at autopsy
c4203_autopsy_id_acquisition_number,c4203,autopsy_id_acquisition_number,2172,96.38,TRUE,0.5147,1.0113,"AUTOPSY, ID ACQUISITION NUMBER (REPEATED FROM ABOVE)"
c4203_autopsy,c4203,autopsy,2172,96.38,TRUE,41.0355,77.0654,"AUTOPSY, (REPEATED FROM ABOVE)"
c4203_autopsy_2,c4203,autopsy_2,2172,96.38,TRUE,304.9719,758.8484,"AUTOPSY, (REPEATED FROM ABOVE)"
c4203_autopsy_3,c4203,autopsy_3,2172,96.38,TRUE,4.6013,8.6739,"AUTOPSY, (REPEATED FROM ABOVE)"
c4203_autopsy_4,c4203,autopsy_4,2172,96.38,TRUE,2.3725,6.1722,"AUTOPSY, (REPEATED FROM ABOVE)"
c4203_autopsy_5,c4203,autopsy_5,2172,96.38,TRUE,8.9825,20.6369,"AUTOPSY, (REPEATED FROM ABOVE)"
c4203_autopsy_6,c4203,autopsy_6,2172,96.38,TRUE,2.4724,11.8837,"AUTOPSY, (REPEATED FROM ABOVE)"
c4203_autopsy_7,c4203,autopsy_7,2172,96.38,TRUE,0.046,0.5193,"AUTOPSY, (REPEATED FROM ABOVE)"
c2408_f05a2408,c2408,f05a2408,2066,96.56,TRUE,6.5794,3.4158,f05a2408
c2408_f05b2408,c2408,f05b2408,2066,96.56,TRUE,15.4898,8.876,f05b2408
c2408_f05c2408,c2408,f05c2408,2066,96.56,TRUE,62.4719,1.8478,f05c2408
c2408_f06a2408,c2408,f06a2408,2066,96.56,TRUE,6.6089,3.4586,f06a2408
c2408_f06b2408,c2408,f06b2408,2066,96.56,TRUE,15.3882,8.8836,f06b2408
c2408_f06c2408,c2408,f06c2408,2066,96.56,TRUE,62.5165,1.8522,f06c2408
c2408_f11_2408,c2408,f11_2408,2066,96.56,TRUE,3.7144,1.5847,f11_2408
c2408_f12_2408,c2408,f12_2408,2066,96.56,TRUE,11.1297,3.9441,f12_2408
c2408_f13_2408,c2408,f13_2408,2066,96.56,TRUE,5.8224,2.6025,f13_2408
c2408_f14_2408,c2408,f14_2408,2066,96.56,TRUE,0.1965,0.5301,f14_2408
c2408_f15_2408,c2408,f15_2408,2066,96.56,TRUE,0.1559,0.4646,f15_2408
c2408_f16_2408,c2408,f16_2408,2066,96.56,TRUE,0.1021,0.3531,f16_2408
c2408_f17_2408,c2408,f17_2408,2066,96.56,TRUE,0.0924,0.3362,f17_2408
c2408_f18_2408,c2408,f18_2408,2066,96.56,TRUE,0.076,0.3403,f18_2408
c2408_gestation_at_delivery,c2408,gestation_at_delivery,2066,96.56,TRUE,11286.2677,34312.3254,Gestation at Delivery
c2408_f19_2408,c2408,f19_2408,2066,96.56,TRUE,0.0687,0.3354,f19_2408
c2408_f20_2408,c2408,f20_2408,2066,96.56,TRUE,2.9627,2.0856,f20_2408
c2408_f21_2408,c2408,f21_2408,2066,96.56,TRUE,0.3587,0.8107,f21_2408
c2408_f22_2408,c2408,f22_2408,2066,96.56,TRUE,0.1045,0.3731,f22_2408
c2408_f23_2408,c2408,f23_2408,2066,96.56,TRUE,0.0818,0.2759,f23_2408
c2408_f24_2408,c2408,f24_2408,2066,96.56,TRUE,0.0799,0.3533,f24_2408
c2408_f25_2408,c2408,f25_2408,2066,96.56,TRUE,0.0073,0.0904,f25_2408
c2408_f26_2408,c2408,f26_2408,2066,96.56,TRUE,0.2343,0.6117,f26_2408
c2408_f27_2408,c2408,f27_2408,2066,96.56,TRUE,0.1684,0.4331,f27_2408
c2408_f28_2408,c2408,f28_2408,2066,96.56,TRUE,0.3645,0.7393,f28_2408
c2408_f29_2408,c2408,f29_2408,2066,96.56,TRUE,0.0431,0.2124,f29_2408
c2408_f30_2408,c2408,f30_2408,2066,96.56,TRUE,0.0605,0.2542,f30_2408
c2408_f31_2408,c2408,f31_2408,2065,96.56,TRUE,660.6978,292.5002,f31_2408
c2408_f32a2408,c2408,f32a2408,1687,97.19,TRUE,700.5163,274.5571,f32a2408
c2408_f32b2408,c2408,f32b2408,1382,97.7,TRUE,725.487,256.7032,f32b2408
c2408_f32c2408,c2408,f32c2408,1138,98.1,TRUE,756.7531,242.3411,f32c2408
c2408_f32d2408,c2408,f32d2408,939,98.44,TRUE,783.9169,230.6453,f32d2408
c2408_f32e2408,c2408,f32e2408,774,98.71,TRUE,801.7739,220.0182,f32e2408
c5355_administrative,c5355,administrative,1987,96.69,TRUE,0.0151,0.122,"ADMINISTRATIVE, DELIVERY, EVENT"
c5355_delivery_2,c5355,delivery_2,1987,96.69,TRUE,3429220010.1817,13065111382.2404,"Delivery, DELIVERY, EVENT"
c5355_protection_labor_intrapartum,c5355,protection_labor_intrapartum,60016,0,FALSE,"","","Protection, labor, DELIVERY, INTRAPARTUM, PROCEDURE"
c5355_medications_mother_intrapartum_medicatio,c5355,medications_mother_intrapartum_medicatio,60016,0,FALSE,"","","Medications, DELIVERY, MOTHER, INTRAPARTUM, MEDICATIONS"
c5355_delivery_labor_and_delivery_summary,c5355,delivery_labor_and_delivery_summary,60016,0,FALSE,"","","Delivery, labor and delivery summary, DELIVERY, EVENT (REPEATED FROM ABOVE)"
c5355_medications_continued_intrapartum_medica,c5355,medications_continued_intrapartum_medica,1987,96.69,TRUE,627061002366.544,5335462692958.11,"Medications, continued, DELIVERY, INTRAPARTUM, MEDICATIONS"
c5355_medications,c5355,medications,1987,96.69,TRUE,84.7519,787.1461,"Medications, PROCEDURE"
c9355_breech_delivery,c9355,breech_delivery,1949,96.75,TRUE,3.704,4.4178,Breech Delivery
c9355_f3a_month_of_termination,c9355,f3a_month_of_termination,1949,96.75,TRUE,46.6178,45.8158,F3a_Month of termination
c9355_f3c_year_of_termination,c9355,f3c_year_of_termination,1949,96.75,TRUE,78.6665,17.6481,F3c_Year of termination
c9355_cord_pathology,c9355,cord_pathology,1949,96.75,TRUE,7.5213,2.859,""
c9355_f6_place_term_of_preg,c9355,f6_place_term_of_preg,1949,96.75,TRUE,4.373,4.1876,F6_Place term of preg
c9355_f7_reason_no_ob55_coded,c9355,f7_reason_no_ob55_coded,1949,96.75,TRUE,3.4926,1.9315,F7_Reason no OB55 coded
c4355_presentation_at,c4355,presentation_at,1799,97,TRUE,0.2018,0.5659,Presentation at
c4355_f4_position_prior_to_version,c4355,f4_position_prior_to_version,1799,97,TRUE,35.9061,170.2105,F4_Position prior to version
c4355_f5a_indication_for_version_1st,c4355,f5a_indication_for_version_1st,1799,97,TRUE,2.075,11.636,F5a_Indication for version_1st
c4355_f5b_indication_for_version_2nd,c4355,f5b_indication_for_version_2nd,1799,97,TRUE,1.4758,11.0545,F5b_Indication for version_2nd
c4355_f5c_indication_for_version_further,c4355,f5c_indication_for_version_further,1799,97,TRUE,0.1162,0.976,F5c_Indication for version_further
c4355_f7_complications_of_breech,c4355,f7_complications_of_breech,1799,97,TRUE,0.1128,0.8431,F7_Complications of breech
c4355_f8_fundal_pressure,c4355,f8_fundal_pressure,1799,97,TRUE,0.6226,1.288,F8_Fundal pressure
c4355_f9_procedures_attempted_delivery_head,c4355,f9_procedures_attempted_delivery_head,1799,97,TRUE,0.8143,1.0006,F9_Procedures attempted delivery head
c4355_f10_procedures_attempted_delivery_body,c4355,f10_procedures_attempted_delivery_body,1799,97,TRUE,1.4302,1.5602,F10_Procedures attempted delivery body
c4355_breech_delivery,c4355,breech_delivery,1799,97,TRUE,0.1907,0.9921,Breech Delivery
c4355_f14_difficulty_breech_manual_head,c4355,f14_difficulty_breech_manual_head,1799,97,TRUE,0.6215,1.2257,F14_Difficulty breech_manual head
c4355_f16a_indication_total_extraction_1st,c4355,f16a_indication_total_extraction_1st,1799,97,TRUE,14.876,31.0052,F16a_Indication total extraction_1st
c4355_f16b_indication_total_extraction_2nd,c4355,f16b_indication_total_extraction_2nd,1799,97,TRUE,0.9783,2.6183,F16b_Indication total extraction_2nd
c3360_f2a_3360_month_coding_completed,c3360,f2a_3360_month_coding_completed,1613,97.31,TRUE,6.6144,7.3743,F2a_3360_Month coding completed
c3360_f2b_3360_day_coding_completed,c3360,f2b_3360_day_coding_completed,1613,97.31,TRUE,15.8717,10.4321,F2b_3360_Day coding completed
c3360_f2c_3360_year_coding_completed,c3360,f2c_3360_year_coding_completed,1613,97.31,TRUE,64.4854,2.7299,F2c_3360_Year coding completed
c3360_f2d_3360_why_coding_not_complete,c3360,f2d_3360_why_coding_not_complete,1613,97.31,TRUE,0.0186,0.1351,F2d_3360_Why coding not complete
c3360_f2e_3360_study_record_completed,c3360,f2e_3360_study_record_completed,1613,97.31,TRUE,2.863,0.901,F2e_3360_Study record completed
c3360_f2f_3360_edit_code,c3360,f2f_3360_edit_code,1613,97.31,TRUE,1.8977,0.3031,F2f_3360_Edit code
c3360_f2g_3360_hypertension,c3360,f2g_3360_hypertension,1613,97.31,TRUE,0.69,1.4319,F2g_3360_Hypertension
c3360_f2h_3360_toxemia_screen,c3360,f2h_3360_toxemia_screen,1613,97.31,TRUE,0.9777,0.3948,F2h_3360_Toxemia screen
c3360_f14a_3360_outcome_preg1,c3360,f14a_3360_outcome_preg1,1613,97.31,TRUE,0.2269,0.897,F14a_3360_Outcome preg1
c3360_f14b_3360_outcome_preg2,c3360,f14b_3360_outcome_preg2,1613,97.31,TRUE,0.2002,1.2152,F14b_3360_Outcome preg2
c3360_f15_3360_complications_with_peurperium,c3360,f15_3360_complications_with_peurperium,1613,97.31,TRUE,0.4048,0.9927,F15_3360_Complications with peurperium
c3360_f16_3360_infectious_disease,c3360,f16_3360_infectious_disease,1613,97.31,TRUE,0.4389,0.9721,F16_3360_Infectious disease
c3360_albuminuria,c3360,albuminuria,1613,97.31,TRUE,3337560108.2393,8135797195.187,Albuminuria -
c3360_f17_3360_diseases_not_specified,c3360,f17_3360_diseases_not_specified,1613,97.31,TRUE,0.7564,0.6726,F17_3360_Diseases not specified
c3360_f18_3360_special_studies,c3360,f18_3360_special_studies,1613,97.31,TRUE,0.2728,0.4956,F18_3360_Special studies
c3360_f19_3360_total_number_diseases,c3360,f19_3360_total_number_diseases,1613,97.31,TRUE,11.6274,2.0492,F19_3360_Total number diseases
c3360_f20a_10th_disease_condition,c3360,f20a_10th_disease_condition,1613,97.31,TRUE,146.3106,25.789,F20a_10th disease_condition
c3360_f20b_10th_disease_time_occur,c3360,f20b_10th_disease_time_occur,1613,97.31,TRUE,2.3794,1.4726,F20b_10th disease_time occur
c3360_f21a_11th_disease_condition,c3360,f21a_11th_disease_condition,993,98.35,TRUE,147.7039,24.6229,F21a_11th disease_condition
c3360_anesthesia_during,c3360,anesthesia_during,993,98.35,TRUE,4.9517,2.3869,Anesthesia During
c3360_f21c_12th_disease_condition,c3360,f21c_12th_disease_condition,993,98.35,TRUE,2.3917,1.4468,F21c_12th disease_condition
c3302_f5_total_number_products_of_conception,c3302,f5_total_number_products_of_conception,1417,97.64,TRUE,10.3938,1.7863,F5_Total number products of conception
c3302_f7h_13th_prod_birthweight_ounces,c3302,f7h_13th_prod_birthweight_ounces,1417,97.64,TRUE,35.5286,43.2237,F7h_13th prod_Birthweight ounces
c3302_number_of_prior,c3302,number_of_prior,1417,97.64,TRUE,54.2287,36.8237,Number of Prior
c3302_trimester_at,c3302,trimester_at,1417,97.64,TRUE,326854940606.924,394135039778.785,Trimester at
c3302_last_prior_outcome,c3302,last_prior_outcome,1417,97.64,TRUE,326854940606.924,394135039778.785,""
c3302_f7j_13th_prod_place_of_birth,c3302,f7j_13th_prod_place_of_birth,1417,97.64,TRUE,0.7128,1.3089,F7j_13th prod_Place of birth
c3302_parity_prior,c3302,parity_prior,1417,97.64,TRUE,566.9661,1243.1891,Parity (Prior
c3302_f8a_14th_prod_month_term_of_preg,c3302,f8a_14th_prod_month_term_of_preg,839,98.6,TRUE,13.6377,24.7684,F8a_14th prod_Month term of preg
c3302_f8b_14th_prod_year_term_of_preg,c3302,f8b_14th_prod_year_term_of_preg,839,98.6,TRUE,59.6067,5.8695,F8b_14th prod_Year term of preg
c3302_f8c_14th_prod_weeks_of_gestation,c3302,f8c_14th_prod_weeks_of_gestation,839,98.6,TRUE,35.087,14.5707,F8c_14th prod_Weeks of gestation
c3302_f8d_14th_prod_liveborn,c3302,f8d_14th_prod_liveborn,839,98.6,TRUE,0.8641,0.5765,F8d_14th prod_Liveborn
c3302_f8e_14th_prod_sex,c3302,f8e_14th_prod_sex,839,98.6,TRUE,2.6532,2.4992,F8e_14th prod_Sex
c3302_f8f_14th_prod_type_of_delivery,c3302,f8f_14th_prod_type_of_delivery,839,98.6,TRUE,1.0191,0.1533,F8f_14th prod_Type of delivery
c3302_f8g_14th_prod_birthweight_pounds,c3302,f8g_14th_prod_birthweight_pounds,839,98.6,TRUE,28.7974,39.5854,F8g_14th prod_Birthweight pounds
c3302_f8h_14th_prod_birthweight_ounces,c3302,f8h_14th_prod_birthweight_ounces,839,98.6,TRUE,33.435,42.6918,F8h_14th prod_Birthweight ounces
c3302_prior_perinatal_loss,c3302,prior_perinatal_loss,839,98.6,TRUE,5.0083,3.5267,Prior Perinatal Loss
c3302_f8i_14th_prod_childs_age_at_death,c3302,f8i_14th_prod_childs_age_at_death,839,98.6,TRUE,2.1383,3.7522,F8i_14th prod_Childs age at death
c3302_f8j_14th_prod_place_of_birth,c3302,f8j_14th_prod_place_of_birth,839,98.6,TRUE,0.6603,1.31,F8j_14th prod_Place of birth
c0358_v0_date_delivered,c0358_v0,date_delivered,1388,97.69,TRUE,63876.5879,36994.7838,Date Delivered
c0358_v0_date_discharged,c0358_v0,date_discharged,1388,97.69,TRUE,69959.5468,83665.9944,Date Discharged
c0358_v0_readmission_code,c0358_v0,readmission_code,1388,97.69,TRUE,0.0065,0.0888,Readmission Code
c0358_v0_post_partum_examination,c0358_v0,post_partum_examination,1388,97.69,TRUE,0.1988,0.4064,Post-Partum Examination
c0358_v0_total_number_of_examinations,c0358_v0,total_number_of_examinations,1388,97.69,TRUE,4.5584,1.904,Total Number of Examinations
c0358_v0_visit_number,c0358_v0,visit_number,1388,97.69,TRUE,1.0144,0.2274,Visit Number
c0358_v0_readmission_number,c0358_v0,readmission_number,1388,97.69,TRUE,0,0,Readmission Number
c0358_v0_date_of_visit,c0358_v0,date_of_visit,1388,97.69,TRUE,63759.152,36999.7227,Date of Visit
c0358_v0_bp_highest_diastolic_systolic,c0358_v0,bp_highest_diastolic_systolic,1388,97.69,TRUE,137.5937,110.3718,BP Highest Diastolic Systolic
c0358_v0_bp_highest_diastolic_diastolic,c0358_v0,bp_highest_diastolic_diastolic,1388,97.69,TRUE,94.786,115.3538,BP Highest Diastolic Diastolic
c0358_v0_bp_lowest_diastolic_systolic,c0358_v0,bp_lowest_diastolic_systolic,1388,97.69,TRUE,278.4135,344.6263,BP Lowest Diastolic Systolic
c0358_v0_bp_lowest_diastolic_diastolic,c0358_v0,bp_lowest_diastolic_diastolic,1388,97.69,TRUE,244.5,363.3468,BP Lowest Diastolic Diastolic
c0358_v0_highest_temperature,c0358_v0,highest_temperature,1388,97.69,TRUE,2301.1268,3178.059,Highest Temperature
c0358_v0_weight_attire,c0358_v0,weight_attire,1388,97.69,TRUE,7.8156,3.0408,Weight Attire
c0358_v0_weight_pounds,c0358_v0,weight_pounds,1388,97.69,TRUE,883.6203,293.5515,Weight Pounds
c3334_intrapartum_form_code_intrapartum,c3334,intrapartum_form_code_intrapartum,1072,98.21,TRUE,0,0,"Intrapartum, form code, INTRAPARTUM (REPEATED FROM ABOVE)"
c3334_prenatal_dermatoglyphics_mother,c3334,prenatal_dermatoglyphics_mother,60016,0,FALSE,"","","Prenatal, dermatoglyphics, MOTHER, PRENATAL, PHYSICAL EXAM"
c3334_intrapartum_administration,c3334,intrapartum_administration,60016,0,FALSE,"","","Intrapartum, administration, ADMINISTRATIVE (REPEATED FROM ABOVE)"
c3334_prenatal_mother,c3334,prenatal_mother,1072,98.21,TRUE,34.8619,49.5236,"Prenatal, MOTHER, PRENATAL, PHYSICAL EXAM"
c2412_1_yr_summary_field_05a,c2412,1_yr_summary_field_05a,894,98.51,TRUE,2.5391,0.9165,"1 YR SUMMARY, FIELD 05A"
c2412_1_yr_summary_field_05b,c2412,1_yr_summary_field_05b,894,98.51,TRUE,5.9016,1.5384,"1 YR SUMMARY, FIELD 05B"
c2412_1_yr_summary_field_06,c2412,1_yr_summary_field_06,894,98.51,TRUE,1.085,1.3949,"1 YR SUMMARY, FIELD 06"
c2412_1_yr_summary_condition_07a,c2412,1_yr_summary_condition_07a,894,98.51,TRUE,4.7215,2.6488,"1 YR SUMMARY, CONDITION 07A"
c2412_1_yr_summary_condition_07b,c2412,1_yr_summary_condition_07b,894,98.51,TRUE,0.5884,0.8214,"1 YR SUMMARY, CONDITION 07B"
c2412_1_yr_summary_condition_07c,c2412,1_yr_summary_condition_07c,894,98.51,TRUE,0.5134,0.8138,"1 YR SUMMARY, CONDITION 07C"
c2412_1_yr_summary_condition_07d,c2412,1_yr_summary_condition_07d,894,98.51,TRUE,0.1756,0.4482,"1 YR SUMMARY, CONDITION 07D"
c2412_1_yr_summary_condition_07e,c2412,1_yr_summary_condition_07e,894,98.51,TRUE,0.1969,0.4934,"1 YR SUMMARY, CONDITION 07E"
c2412_1_yr_summary_condition_07f,c2412,1_yr_summary_condition_07f,894,98.51,TRUE,0.1734,0.4662,"1 YR SUMMARY, CONDITION 07F"
c2412_1_yr_summary_condition_07g,c2412,1_yr_summary_condition_07g,894,98.51,TRUE,0.0436,0.2252,"1 YR SUMMARY, CONDITION 07G"
c2412_1_yr_summary_condition_07h,c2412,1_yr_summary_condition_07h,894,98.51,TRUE,0.0783,0.3322,"1 YR SUMMARY, CONDITION 07H"
c2412_1_yr_summary_condition_07i,c2412,1_yr_summary_condition_07i,894,98.51,TRUE,0.377,0.9983,"1 YR SUMMARY, CONDITION 07I"
c2412_1_yr_summary_condition_07j,c2412,1_yr_summary_condition_07j,894,98.51,TRUE,0.2528,0.5507,"1 YR SUMMARY, CONDITION 07J"
c2412_1_yr_summary_condition_07k,c2412,1_yr_summary_condition_07k,894,98.51,TRUE,0.0984,0.3594,"1 YR SUMMARY, CONDITION 07K"
c2412_1_yr_summary_condition_07l,c2412,1_yr_summary_condition_07l,894,98.51,TRUE,0.1499,0.4708,"1 YR SUMMARY, CONDITION 07L"
c2412_1_yr_summary_condition_07m,c2412,1_yr_summary_condition_07m,894,98.51,TRUE,0.0112,0.1052,"1 YR SUMMARY, CONDITION 07M"
c2412_1_yr_summary_condition_07n,c2412,1_yr_summary_condition_07n,894,98.51,TRUE,0.1969,0.5134,"1 YR SUMMARY, CONDITION 07N"
c2412_1_yr_summary_condition_07o,c2412,1_yr_summary_condition_07o,894,98.51,TRUE,0.2517,0.5123,"1 YR SUMMARY, CONDITION 07O"
c2412_1_yr_summary_condition_07p,c2412,1_yr_summary_condition_07p,894,98.51,TRUE,0.3177,0.5203,"1 YR SUMMARY, CONDITION 07P"
c2412_1_yr_summary_condition_07q,c2412,1_yr_summary_condition_07q,894,98.51,TRUE,0.0336,0.1863,"1 YR SUMMARY, CONDITION 07Q"
c2412_1_yr_summary_condition_07r,c2412,1_yr_summary_condition_07r,894,98.51,TRUE,1.2349,1.3006,"1 YR SUMMARY, CONDITION 07R"
c2412_1_yr_summary_condition_07s,c2412,1_yr_summary_condition_07s,894,98.51,TRUE,0.0716,0.3468,"1 YR SUMMARY, CONDITION 07S"
c2412_1_yr_summary_condition_07t,c2412,1_yr_summary_condition_07t,894,98.51,TRUE,0.4027,0.7827,"1 YR SUMMARY, CONDITION 07T"
c2412_1_yr_summary_condition_07u,c2412,1_yr_summary_condition_07u,894,98.51,TRUE,0.113,0.3503,"1 YR SUMMARY, CONDITION 07U"
c2412_1_yr_summary_condition_07v,c2412,1_yr_summary_condition_07v,894,98.51,TRUE,1.7248,1.7581,"1 YR SUMMARY, CONDITION 07V"
c2412_1_yr_summary_condition_07w,c2412,1_yr_summary_condition_07w,894,98.51,TRUE,0.5727,0.7383,"1 YR SUMMARY, CONDITION 07W"
c2412_1_yr_summary_condition_07x,c2412,1_yr_summary_condition_07x,894,98.51,TRUE,12.5213,3.9605,"1 YR SUMMARY, CONDITION 07X"
c2412_1_yr_summary_field_08a,c2412,1_yr_summary_field_08a,894,98.51,TRUE,683.84,288.6456,"1 YR SUMMARY, FIELD 08A"
c2412_1_yr_summary_field_08b,c2412,1_yr_summary_field_08b,894,98.51,TRUE,2.2338,0.8266,"1 YR SUMMARY, FIELD 08B"
c3477_coding_completed_nurse,c3477,coding_completed_nurse,712,98.81,TRUE,2.0449,0.8622,Coding Completed Nurse
c3477_coding_completed_physician,c3477,coding_completed_physician,712,98.81,TRUE,1.5183,0.5998,Coding Completed Physician
c3477_total_number_of_conditions,c3477,total_number_of_conditions,712,98.81,TRUE,20.4846,4.0873,Total Number of Conditions
c3477_forms_reviewed_ps_10_17,c3477,forms_reviewed_ps_10_17,712,98.81,TRUE,0,0,Forms Reviewed PS-10-17
c3477_forms_reviewed_slh_es,c3477,forms_reviewed_slh_es,712,98.81,TRUE,0.0014,0.0375,Forms Reviewed SLH-ES
c3477_forms_reviewed_ps_20_25,c3477,forms_reviewed_ps_20_25,712,98.81,TRUE,0.0014,0.0375,Forms Reviewed PS-20-25
c3477_forms_reviewed_ps_320_25,c3477,forms_reviewed_ps_320_25,712,98.81,TRUE,0,0,Forms Reviewed PS-320-25
c3477_forms_reviewed_ps_30_35,c3477,forms_reviewed_ps_30_35,712,98.81,TRUE,0,0,Forms Reviewed PS-30-35
c3477_forms_reviewed_ped_76,c3477,forms_reviewed_ped_76,712,98.81,TRUE,0.9916,0.0915,Forms Reviewed PED-76
c3477_forms_reviewed_ped_75,c3477,forms_reviewed_ped_75,712,98.81,TRUE,0.9115,0.2842,Forms Reviewed PED-75
c3477_forms_reviewed_ped_74,c3477,forms_reviewed_ped_74,712,98.81,TRUE,0.382,0.4862,Forms Reviewed PED-74
c3477_forms_reviewed_ped_20,c3477,forms_reviewed_ped_20,712,98.81,TRUE,0.9972,0.053,Forms Reviewed PED-20
c3477_forms_reviewed_ped_29,c3477,forms_reviewed_ped_29,712,98.81,TRUE,0.9607,0.1945,Forms Reviewed PED-29
c3477_forms_reviewed_fhh_9,c3477,forms_reviewed_fhh_9,712,98.81,TRUE,0.0028,0.053,Forms Reviewed FHH-9
c3477_forms_reviewed_ped_4,c3477,forms_reviewed_ped_4,712,98.81,TRUE,0.0042,0.0648,Forms Reviewed PED-4
c3477_forms_reviewed_autopsy,c3477,forms_reviewed_autopsy,712,98.81,TRUE,0,0,Forms Reviewed Autopsy
c3477_condition_1_code,c3477,condition_1_code,712,98.81,TRUE,2701.9115,387.5216,Condition 1 Code
c3477_condition_1_diagnosis,c3477,condition_1_diagnosis,712,98.81,TRUE,1.9551,0.2073,Condition 1 Diagnosis
c3477_condition_1_source,c3477,condition_1_source,712,98.81,TRUE,1.5927,0.8714,Condition 1 Source
c9334_f3_9334_reason_not_coded,c9334,f3_9334_reason_not_coded,691,98.85,TRUE,2.1027,1.5547,F3_9334_Reason not coded
c9334_f4_9334_edit_codes,c9334,f4_9334_edit_codes,691,98.85,TRUE,0.0507,0.3345,F4_9334_Edit codes
c9334_f5_9334_fetus_number,c9334,f5_9334_fetus_number,691,98.85,TRUE,1.275,3.1105,F5_9334_Fetus number
c9334_f7_9334_unsuccessful_before_c_sect,c9334,f7_9334_unsuccessful_before_c_sect,691,98.85,TRUE,0.2214,1.3952,F7_9334_Unsuccessful before c-sect
c9334_f8_9334_labor,c9334,f8_9334_labor,691,98.85,TRUE,7.5687,2.8725,F8_9334_Labor
v3_institution,v3,institution,59391,1.04,TRUE,41.2997,26.5054,""
v3_selection,v3,selection,59391,1.04,TRUE,1.0221,0.147,""
v3_gravida_id,v3,gravida_id,59391,1.04,TRUE,2509.6641,2187.0288,""
v3_preg_order,v3,preg_order,59391,1.04,TRUE,1.2262,0.5349,""
v3_n_cardiovascular,v3,n_cardiovascular,54000,10.02,TRUE,0.1859,0.9747,""
v3_n_pulmonary,v3,n_pulmonary,54000,10.02,TRUE,0.2124,0.9195,""
v3_n_hematologic,v3,n_hematologic,54000,10.02,TRUE,0.5226,1.0948,""
v3_n_metabolic,v3,n_metabolic,54000,10.02,TRUE,0.2192,1.0148,""
v3_n_venereal,v3,n_venereal,54000,10.02,TRUE,0.1656,0.9398,""
v3_n_urinary,v3,n_urinary,54000,10.02,TRUE,0.6755,1.2758,""
v3_n_gynecologic,v3,n_gynecologic,54000,10.02,TRUE,0.6272,1.0523,""
v3_n_neuropsych,v3,n_neuropsych,54000,10.02,TRUE,0.2403,1,""
v3_n_gi,v3,n_gi,54000,10.02,TRUE,0.29,0.98,""
v3_n_integument,v3,n_integument,54000,10.02,TRUE,0.2312,1.1144,""
v3_n_ob_complications,v3,n_ob_complications,54000,10.02,TRUE,0.652,1.419,""
v3_n_puerperal,v3,n_puerperal,54000,10.02,TRUE,0.4518,1.7403,""
v3_n_infectious,v3,n_infectious,54000,10.02,TRUE,0.3561,1.3411,""
v3_mother_id,v3,mother_id,59391,1.04,FALSE,"","",""
v3_plurality,v3,plurality,56994,5.04,TRUE,0.0332,0.2344,Plurality
v3_birth_switch,v3,birth_switch,56994,5.04,TRUE,1.0225,0.1517,Birth Switch
v3_repeat_switch,v3,repeat_switch,59391,1.04,TRUE,0.3218,0.4672,Repeat Switch
v3_repeat_order,v3,repeat_order,59391,1.04,TRUE,0.548,0.9007,""
v3_race,v3,race,59081,1.56,TRUE,1.6642,0.7876,Race
v3_race_label,v3,race_label,59706,0.52,FALSE,"","",""
v3_patient_status,v3,patient_status,55722,7.15,TRUE,1.066,0.2484,""
v3_religion,v3,religion,56444,5.95,TRUE,1.4413,0.5705,Religion
v3_religion_label,v3,religion_label,57069,4.91,FALSE,"","",""
v3_educ_yrs,v3,educ_yrs,56460,5.93,TRUE,10.6238,2.5663,""
v3_educ_cat,v3,educ_cat,56366,6.08,TRUE,3.3158,1.1788,""
v3_income,v3,income,53151,11.44,TRUE,40.0779,21.2822,""
v3_income_cat,v3,income_cat,53151,11.44,TRUE,3.5199,1.1414,""
v3_housing_density,v3,housing_density,56109,6.51,TRUE,13.885,8.3483,Housing Density
v3_sei,v3,sei,55934,6.8,TRUE,46.8637,21.6581,""
v3_sei_cat,v3,sei_cat,55934,6.8,TRUE,2.9264,1.1041,""
v3_marital,v3,marital,59386,1.05,TRUE,2.1768,1.1406,""
v3_marital_label,v3,marital_label,60011,0.01,FALSE,"","",""
v3_age_group,v3,age_group,59389,1.04,TRUE,3.4574,1.2453,""
v3_gest_at_reg,v3,gest_at_reg,59323,1.15,TRUE,21.3359,8.3881,""
v3_trimester_at_reg,v3,trimester_at_reg,59323,1.15,TRUE,2,0.705,""
v3_prior_preg,v3,prior_preg,57845,3.62,TRUE,2.2307,2.3847,""
v3_parity,v3,parity,58273,2.9,TRUE,1.963,2.1276,""
v3_prior_perinatal_loss,v3,prior_perinatal_loss,56804,5.35,TRUE,0.331,0.8113,Prior Perinatal Loss
v3_prior_livebirths,v3,prior_livebirths,57376,4.4,TRUE,1.943,2.0386,""
v3_cigs_per_day,v3,cigs_per_day,57559,4.09,TRUE,7.0992,12.8843,""
v3_smoker,v3,smoker,57559,4.09,TRUE,0.4674,0.4989,""
v3_prenatal_visits,v3,prenatal_visits,56795,5.37,TRUE,8.4601,4.2141,""
v3_years_smoked,v3,years_smoked,56855,5.27,TRUE,5.7158,12.1281,""
v3_consanguinity,v3,consanguinity,55290,7.87,TRUE,6.1503,3.3717,""
v3_consanguinity_yn,v3,consanguinity_yn,55063,8.25,TRUE,0.0033,0.0572,""
v3_vaginal_bleeding,v3,vaginal_bleeding,54270,9.57,TRUE,1.3766,1.9268,""
v3_fever,v3,fever,54756,8.76,TRUE,0.7384,1.5163,""
v3_vomiting,v3,vomiting,56053,6.6,TRUE,2.5225,2.3025,""
v3_jaundice,v3,jaundice,54379,9.39,TRUE,0.0133,0.2201,""
v3_edema,v3,edema,55267,7.91,TRUE,1.2722,2.0152,""
v3_convulsions,v3,convulsions,54342,9.45,TRUE,0.0181,0.2699,""
v3_menarche_age,v3,menarche_age,57210,4.68,TRUE,12.683,1.5546,""
v3_confining_illness,v3,confining_illness,56251,6.27,TRUE,0.5165,0.771,""
v3_pelvic_inlet,v3,pelvic_inlet,55272,7.9,TRUE,0.0602,0.3193,""
v3_weight_gain,v3,weight_gain,54058,9.93,TRUE,22.6141,10.4684,""
v3_hypertension,v3,hypertension,57113,4.84,TRUE,0.4888,1.1904,""
v3_bp_sys_first,v3,bp_sys_first,57675,3.9,TRUE,114.6956,13.3129,""
v3_bp_dia_first,v3,bp_dia_first,57671,3.91,TRUE,70.2752,10.9383,""
v3_weight_predelivery,v3,weight_predelivery,53718,10.49,TRUE,150.9809,26.6215,""
v3_blood_type,v3,blood_type,56382,6.06,TRUE,1.7478,0.8509,""
v3_blood_type_label,v3,blood_type_label,57007,5.01,FALSE,"","",""
v3_rh_factor,v3,rh_factor,55969,6.74,TRUE,1.108,0.3104,Rh Factor
v3_rh_label,v3,rh_label,56594,5.7,FALSE,"","",""
v3_occupation_cat,v3,occupation_cat,56531,5.81,TRUE,2.3924,0.7358,""
v3_occupation_label,v3,occupation_label,57156,4.77,FALSE,"","",""
v3_sb_iq,v3,sb_iq,38653,35.6,TRUE,97.1207,16.5611,""
v3_sb_iq_cat,v3,sb_iq_cat,38656,35.59,TRUE,3.8176,1.1665,""
v3_placental_wt,v3,placental_wt,47073,21.57,TRUE,432.2788,103.5866,""
v3_bf_days,v3,bf_days,47042,21.62,TRUE,2.5711,1.4082,""
v3_bot_days,v3,bot_days,47046,21.61,TRUE,0.4064,1.0079,""
v3_gavage,v3,gavage,47046,21.61,TRUE,0.049,0.4534,""
v3_tube,v3,tube,47046,21.61,TRUE,0.0093,0.1846,""
v3_other_feed,v3,other_feed,47046,21.61,TRUE,0.0115,0.1964,""
v3_vitamin_k,v3,vitamin_k,52934,11.8,TRUE,0.3317,0.4708,""
v3_coombs,v3,coombs,51408,14.34,TRUE,1.9753,0.1553,""
v3_sex,v3,sex,55923,6.82,TRUE,1.4914,0.4999,""
v3_sex_label,v3,sex_label,56548,5.78,FALSE,"","",""
v3_birth_wt_g,v3,birth_wt_g,55535,7.47,TRUE,3107.7743,636.4481,""
v3_outcome_detail,v3,outcome_detail,56990,5.04,TRUE,1.422,6.7922,""
v3_infant_death,v3,infant_death,56989,5.04,TRUE,0.0306,0.1978,""
v3_gest_age,v3,gest_age,55676,7.23,TRUE,38.9961,3.7155,""
v3_maternal_age,v3,maternal_age,59389,1.04,TRUE,24.2941,6.0606,""
v3_apgar_heart,v3,apgar_heart,49870,16.91,TRUE,1.8927,0.3166,""
v3_apgar_resp,v3,apgar_resp,50678,15.56,TRUE,1.6385,0.5931,""
v3_apgar_tone,v3,apgar_tone,50654,15.6,TRUE,1.6521,0.5962,""
v3_apgar_reflex,v3,apgar_reflex,50636,15.63,TRUE,1.705,0.5686,""
v3_apgar_color,v3,apgar_color,50665,15.58,TRUE,0.8371,0.5439,""
v3_apgar_total,v3,apgar_total,49844,16.95,TRUE,7.7416,1.9968,""
v3_bf_ever,v3,bf_ever,47042,21.62,TRUE,0.9144,0.2797,""
v3_feed_type,v3,feed_type,47667,20.58,FALSE,"","",""
v3_twinning,v3,twinning,55122,8.15,TRUE,0.0206,0.1419,""
v3_dysmaturity,v3,dysmaturity,46693,22.2,TRUE,0.4774,1.2173,""
v3_antibiotics,v3,antibiotics,52935,11.8,TRUE,0.1164,0.3207,""
v3_wisc_info_raw,v3,wisc_info_raw,31445,47.61,TRUE,7.1981,2.0506,""
v3_wisc_info,v3,wisc_info,40269,32.9,TRUE,9.1823,3.0074,""
v3_wisc_comp_raw,v3,wisc_comp_raw,40261,32.92,TRUE,6.1228,2.5026,""
v3_wisc_comp,v3,wisc_comp,40248,32.94,TRUE,8.73,2.7561,""
v3_wisc_simil_raw,v3,wisc_simil_raw,40240,32.95,TRUE,17.8958,5.9204,""
v3_wisc_vocab,v3,wisc_vocab,40218,32.99,TRUE,8.7235,3.0732,""
v3_wisc_digit_raw,v3,wisc_digit_raw,31417,47.65,TRUE,6.8842,2.0113,""
v3_wisc_digit,v3,wisc_digit,40231,32.97,TRUE,9.5835,2.9779,""
v3_wisc_verb_sum,v3,wisc_verb_sum,40254,32.93,TRUE,36.1972,9.0691,""
v3_ps30_col35,v3,ps30_col35,40302,32.85,TRUE,9.5537,3.1902,""
v3_ps30_bender_rotation_raw,v3,ps30_bender_rotation_raw,40291,32.87,TRUE,7.2091,5.5622,""
v3_ps30_col39,v3,ps30_col39,40296,32.86,TRUE,9.6842,2.8171,""
v3_auditory_vocal_raw_7yr,v3,auditory_vocal_raw_7yr,40232,32.96,TRUE,33.2639,9.5531,""
v3_auditory_vocal_scaled_7yr,v3,auditory_vocal_scaled_7yr,40229,32.97,TRUE,10.0847,2.9062,""
v3_wisc_viq,v3,wisc_viq,31428,47.63,TRUE,91.8797,13.6147,""
v3_wisc_fsiq,v3,wisc_fsiq,40494,32.53,TRUE,95.6333,14.7916,""
v3_ps30_col65,v3,ps30_col65,39869,33.57,TRUE,17.8027,3.7835,""
v3_ps30_col67,v3,ps30_col67,39796,33.69,TRUE,61.2454,14.039,""
v3_ps30_col71,v3,ps30_col71,39508,34.17,TRUE,8.4137,7.4878,""
v3_institution_name,v3,institution_name,60016,0,FALSE,"","",""
v3_institution_city,v3,institution_city,60016,0,FALSE,"","",""
v3_bw_zscore,v3,bw_zscore,52516,12.5,TRUE,0.0339,0.9705,""
v3_maternal_age_sq,v3,maternal_age_sq,53640,10.62,TRUE,621.3477,322.882,""
v3_cigs_day,v3,cigs_day,53105,11.52,TRUE,5.7463,9.0626,""
v3_n_kids,v3,n_kids,53640,10.62,TRUE,1.4532,0.756,""
v3_wisc_info_z,v3,wisc_info_z,40261,32.92,TRUE,0,1,""
v3_wisc_comp_z,v3,wisc_comp_z,40240,32.95,TRUE,0,1,""
v3_wisc_vocab_z,v3,wisc_vocab_z,40210,33,TRUE,0,1,""
v3_wisc_digit_z,v3,wisc_digit_z,40223,32.98,TRUE,0,1,""
v3_g_factor,v3,g_factor,40080,33.22,TRUE,0.0215,1.0886,""
v3_sb_iq_z,v3,sb_iq_z,38651,35.6,TRUE,0,1,""
v3_wisc_fsiq_z,v3,wisc_fsiq_z,40486,32.54,TRUE,0,1,""
v3_wisc_viq_z,v3,wisc_viq_z,40252,32.93,TRUE,0,1,""
v3_g_factor_z,v3,g_factor_z,40080,33.22,TRUE,0.0132,0.6712,""
v3_cooperativeness_7yr,v3,cooperativeness_7yr,40463,32.58,TRUE,31.0601,4.9794,""
v3_attention_7yr,v3,attention_7yr,40481,32.55,TRUE,31.8047,7.3071,""
v3_hyperkinesis_7yr,v3,hyperkinesis_7yr,40420,32.65,TRUE,3.0396,0.5519,""
v3_aud_vocal_4yr,v3,aud_vocal_4yr,38311,36.17,TRUE,16.7146,8.179,""
v3_goal_orientation_4yr,v3,goal_orientation_4yr,38952,35.1,TRUE,1.1929,0.4533,""
v3_right_left_confusion_4yr,v3,right_left_confusion_4yr,39026,34.97,TRUE,1.0267,0.1611,""
v3_body_parts_id_4yr,v3,body_parts_id_4yr,38881,35.22,TRUE,1.2346,0.5134,""
v3_bender_total_errors,v3,bender_total_errors,40399,32.69,TRUE,7.1345,3.7183,""
v3_bender_composite_63,v3,bender_composite_63,40439,32.62,TRUE,18.6308,9.6199,""
v3_wrat_spelling_raw,v3,wrat_spelling_raw,40287,32.87,TRUE,24.6169,6.3421,""
v3_wrat_spell_grade,v3,wrat_spell_grade,31461,47.58,TRUE,16.8518,8.586,""
v3_wrat_read_raw,v3,wrat_read_raw,31435,47.62,TRUE,33.7995,11.6965,""
v3_wrat_read_grade,v3,wrat_read_grade,31451,47.6,TRUE,18.2132,9.9576,""
v3_wrat_arith_raw,v3,wrat_arith_raw,31456,47.59,TRUE,19.9884,4.5635,""
v3_wrat_arith_grade,v3,wrat_arith_grade,31468,47.57,TRUE,17.8098,7.7616,""
v3_examiner_iq_total_7yr,v3,examiner_iq_total_7yr,40428,32.64,TRUE,20.3756,6.4999,""
v3_examiner_iq_child_7yr,v3,examiner_iq_child_7yr,40421,32.65,TRUE,8.9189,1.4093,""
v3_bender_time_7yr,v3,bender_time_7yr,40298,32.85,TRUE,44.0705,24.8817,""
v3_conceptual_style_7yr,v3,conceptual_style_7yr,40246,32.94,TRUE,49.7425,38.9139,""
v3_bayley_mental_8mo,v3,bayley_mental_8mo,44257,26.26,TRUE,79.4285,6.1607,""
v3_bayley_mental_grp_8mo,v3,bayley_mental_grp_8mo,44259,26.25,TRUE,2.8956,0.3388,""
v3_bayley_motor_8mo,v3,bayley_motor_8mo,44266,26.24,TRUE,33.3223,4.8093,""
v3_bayley_motor_grp_8mo,v3,bayley_motor_grp_8mo,44269,26.24,TRUE,2.9065,0.3263,""
v3_slh_referral_3yr,v3,slh_referral_3yr,25392,57.69,TRUE,0.1081,0.3105,""
v3_slh_spondaic_3yr,v3,slh_spondaic_3yr,22233,62.95,TRUE,0.9167,0.2764,""
v3_slh_hear_right_3yr,v3,slh_hear_right_3yr,21743,63.77,TRUE,0.962,0.1912,""
v3_slh_hear_left_3yr,v3,slh_hear_left_3yr,21680,63.88,TRUE,0.9596,0.1968,""
v3_slh_age_3yr,v3,slh_age_3yr,25517,57.48,TRUE,2.0664,0.2573,""
v3_slh_lang_recep_3yr,v3,slh_lang_recep_3yr,24284,59.54,TRUE,0.3692,0.6381,""
v3_slh_lang_express_3yr,v3,slh_lang_express_3yr,24082,59.87,TRUE,0.3009,0.579,""
v3_slh_hearing_3yr,v3,slh_hearing_3yr,23161,61.41,TRUE,0.1976,0.4556,""
v3_slh_speech_mech_3yr,v3,slh_speech_mech_3yr,22421,62.64,TRUE,0.1501,0.4121,""
v3_slh_speech_prod_3yr,v3,slh_speech_prod_3yr,23872,60.22,TRUE,0.3031,0.5465,""
v3_slh_global_3yr,v3,slh_global_3yr,23339,61.11,TRUE,0.3749,0.5827,""
v3_slh_adequacy_3yr,v3,slh_adequacy_3yr,25481,57.54,TRUE,0.094,0.2918,""
v3_slh_articulation_3yr,v3,slh_articulation_3yr,25508,57.5,TRUE,1.3239,2.7433,""
v3_neuro_abnorm_neonatal,v3,neuro_abnorm_neonatal,50937,15.13,TRUE,0.1661,0.576,""
v3_neuro_abnorm_4mo,v3,neuro_abnorm_4mo,40838,31.95,TRUE,0.1135,0.3429,""
v3_neuro_abnorm_1yr,v3,neuro_abnorm_1yr,45574,24.06,TRUE,0.1091,0.3646,""
v3_locomotor_reported_1yr,v3,locomotor_reported_1yr,27100,54.85,TRUE,0.7614,0.9454,""
v3_locomotor_observed_1yr,v3,locomotor_observed_1yr,39852,33.6,TRUE,0.8046,1.0686,""
v3_clinical_intelligence_4yr,v3,clinical_intelligence_4yr,38696,35.52,TRUE,2.0906,0.5803,""
v3_clinical_fine_motor_4yr,v3,clinical_fine_motor_4yr,38419,35.99,TRUE,1.2674,0.4714,""
v3_clinical_gross_motor_4yr,v3,clinical_gross_motor_4yr,37996,36.69,TRUE,1.0997,0.3434,""
v3_clinical_concept_4yr,v3,clinical_concept_4yr,38066,36.57,TRUE,1.1327,0.4301,""
v3_graham_block_4yr_cppvar,v3,graham_block_4yr_cppvar,38042,36.61,TRUE,33.5908,8.6429,""
v3_neuro_abnorm_7yr,v3,neuro_abnorm_7yr,40883,31.88,TRUE,0.206,0.498,""
v3_sra_nonverbal_raw,v3,sra_nonverbal_raw,21968,63.4,TRUE,37.2758,9.0777,""
v3_sra_nonverbal_quotient,v3,sra_nonverbal_quotient,21967,63.4,TRUE,88.7403,19.676,Sra Nonverbal Quotient
v3_psych_adequacy_4yr,v3,psych_adequacy_4yr,44165,26.41,TRUE,1.0202,0.1408,""
v3_iq_adequacy_exam,v3,iq_adequacy_exam,39083,34.88,TRUE,1.0267,0.1612,""
v3_fearfulness_7yr,v3,fearfulness_7yr,40501,32.52,TRUE,32.6569,5.785,""
v3_self_confidence_7yr,v3,self_confidence_7yr,40411,32.67,TRUE,31.1306,5.735,""
v3_abnorm_behavior_7yr,v3,abnorm_behavior_7yr,40503,32.51,TRUE,31.8892,5.1076,""
v3_degree_cooperation_7yr,v3,degree_cooperation_7yr,40494,32.53,TRUE,33.3729,4.3799,""
v3_dependence_7yr,v3,dependence_7yr,40475,32.56,TRUE,34.2331,5.2409,""
v3_neuro_soft_signs_7yr,v3,neuro_soft_signs_7yr,40648,32.27,TRUE,32.6914,6.9747,""
v3_goal_orientation_7yr,v3,goal_orientation_7yr,40480,32.55,TRUE,32.2965,4.5203,""
v3_laterality_7yr,v3,laterality_7yr,40648,32.27,TRUE,32.9191,6.9068,""
v3_nature_activity_7yr,v3,nature_activity_7yr,40484,32.54,TRUE,32.4405,4.3713,""
v3_constr_apraxia_7yr,v3,constr_apraxia_7yr,40648,32.27,TRUE,31.1028,7.8045,""
v3_assertiveness_7yr,v3,assertiveness_7yr,40454,32.59,TRUE,35.0656,5.1263,""
v3_gross_motor_impr_4yr,v3,gross_motor_impr_4yr,38477,35.89,TRUE,1.0294,0.1689,""
v3_fine_motor_impr_4yr,v3,fine_motor_impr_4yr,38420,35.98,TRUE,1.0574,0.2326,""
v3_hearing_impr_4yr,v3,hearing_impr_4yr,38443,35.95,TRUE,1.0566,0.231,""
v3_vision_impr_4yr,v3,vision_impr_4yr,38218,36.32,TRUE,1.3357,0.4723,""
v3_abnormal_gait_4yr,v3,abnormal_gait_4yr,37650,37.27,TRUE,0.0175,0.1311,""
v3_abnormal_posture_4yr,v3,abnormal_posture_4yr,13307,77.83,TRUE,3.6431,2.5302,""
v3_vision_4yr,v3,vision_4yr,37659,37.25,TRUE,1.5911,0.6372,""
v3_stuttering_4yr,v3,stuttering_4yr,31507,47.5,TRUE,4.324,2.4698,""
v3_wisc_full_scale_sum,v3,wisc_full_scale_sum,40198,33.02,TRUE,8.9788,2.0101,""
v2_institution,v2,institution,59391,1.04,TRUE,41.2997,26.5054,""
v2_selection,v2,selection,59391,1.04,TRUE,1.0221,0.147,""
v2_gravida_id,v2,gravida_id,59391,1.04,TRUE,2509.6641,2187.0288,""
v2_preg_order,v2,preg_order,59391,1.04,TRUE,1.2262,0.5349,""
v2_n_cardiovascular,v2,n_cardiovascular,54000,10.02,TRUE,0.1859,0.9747,""
v2_n_pulmonary,v2,n_pulmonary,54000,10.02,TRUE,0.2124,0.9195,""
v2_n_hematologic,v2,n_hematologic,54000,10.02,TRUE,0.5226,1.0948,""
v2_n_metabolic,v2,n_metabolic,54000,10.02,TRUE,0.2192,1.0148,""
v2_n_venereal,v2,n_venereal,54000,10.02,TRUE,0.1656,0.9398,""
v2_n_urinary,v2,n_urinary,54000,10.02,TRUE,0.6755,1.2758,""
v2_n_gynecologic,v2,n_gynecologic,54000,10.02,TRUE,0.6272,1.0523,""
v2_n_neuropsych,v2,n_neuropsych,54000,10.02,TRUE,0.2403,1,""
v2_n_gi,v2,n_gi,54000,10.02,TRUE,0.29,0.98,""
v2_n_integument,v2,n_integument,54000,10.02,TRUE,0.2312,1.1144,""
v2_n_ob_complications,v2,n_ob_complications,54000,10.02,TRUE,0.652,1.419,""
v2_n_puerperal,v2,n_puerperal,54000,10.02,TRUE,0.4518,1.7403,""
v2_n_infectious,v2,n_infectious,54000,10.02,TRUE,0.3561,1.3411,""
v2_mother_id,v2,mother_id,59391,1.04,TRUE,4142704.9798,2649929.4402,""
v2_plurality,v2,plurality,56994,5.04,TRUE,0.0332,0.2344,Plurality
v2_birth_switch,v2,birth_switch,56994,5.04,TRUE,1.0225,0.1517,Birth Switch
v2_repeat_switch,v2,repeat_switch,59391,1.04,TRUE,0.3218,0.4672,Repeat Switch
v2_repeat_order,v2,repeat_order,59391,1.04,TRUE,0.548,0.9007,""
v2_race,v2,race,59081,1.56,TRUE,1.6642,0.7876,Race
v2_race_label,v2,race_label,60016,0,FALSE,"","",""
v2_patient_status,v2,patient_status,55722,7.15,TRUE,1.066,0.2484,""
v2_religion,v2,religion,56444,5.95,TRUE,1.4413,0.5705,Religion
v2_religion_label,v2,religion_label,60016,0,FALSE,"","",""
v2_educ_yrs,v2,educ_yrs,56460,5.93,TRUE,10.6238,2.5663,""
v2_educ_cat,v2,educ_cat,56366,6.08,TRUE,3.3158,1.1788,""
v2_income,v2,income,53151,11.44,TRUE,40.0779,21.2822,""
v2_income_cat,v2,income_cat,53151,11.44,TRUE,3.5199,1.1414,""
v2_housing_density,v2,housing_density,56109,6.51,TRUE,13.885,8.3483,Housing Density
v2_sei,v2,sei,55934,6.8,TRUE,46.8637,21.6581,""
v2_sei_decimal,v2,sei_decimal,55934,6.8,TRUE,4.6864,2.1658,""
v2_sei_cat,v2,sei_cat,55934,6.8,TRUE,2.9264,1.1041,""
v2_marital,v2,marital,59386,1.05,TRUE,2.1768,1.1406,""
v2_marital_label,v2,marital_label,60016,0,FALSE,"","",""
v2_age_group,v2,age_group,59389,1.04,TRUE,3.4574,1.2453,""
v2_gest_at_reg,v2,gest_at_reg,59323,1.15,TRUE,21.3359,8.3881,""
v2_trimester_at_reg,v2,trimester_at_reg,59323,1.15,TRUE,2,0.705,""
v2_prior_preg,v2,prior_preg,57845,3.62,TRUE,2.2307,2.3847,""
v2_parity,v2,parity,58273,2.9,TRUE,1.963,2.1276,""
v2_prior_perinatal_loss,v2,prior_perinatal_loss,56804,5.35,TRUE,0.331,0.8113,Prior Perinatal Loss
v2_prior_livebirths,v2,prior_livebirths,57376,4.4,TRUE,1.943,2.0386,""
v2_cigs_per_day,v2,cigs_per_day,57559,4.09,TRUE,7.0992,12.8843,""
v2_smoker,v2,smoker,57559,4.09,TRUE,0.4674,0.4989,""
v2_prenatal_visits,v2,prenatal_visits,56795,5.37,TRUE,8.4601,4.2141,""
v2_years_smoked,v2,years_smoked,56855,5.27,TRUE,5.7158,12.1281,""
v2_consanguinity,v2,consanguinity,55290,7.87,TRUE,6.1503,3.3717,""
v2_consanguinity_yn,v2,consanguinity_yn,55063,8.25,TRUE,0.0033,0.0572,""
v2_vaginal_bleeding,v2,vaginal_bleeding,54270,9.57,TRUE,1.3766,1.9268,""
v2_fever,v2,fever,54756,8.76,TRUE,0.7384,1.5163,""
v2_vomiting,v2,vomiting,56053,6.6,TRUE,2.5225,2.3025,""
v2_jaundice,v2,jaundice,54379,9.39,TRUE,0.0133,0.2201,""
v2_edema,v2,edema,55267,7.91,TRUE,1.2722,2.0152,""
v2_convulsions,v2,convulsions,54342,9.45,TRUE,0.0181,0.2699,""
v2_menarche_age,v2,menarche_age,57210,4.68,TRUE,12.683,1.5546,""
v2_confining_illness,v2,confining_illness,56251,6.27,TRUE,0.5165,0.771,""
v2_pelvic_inlet,v2,pelvic_inlet,55272,7.9,TRUE,0.0602,0.3193,""
v2_weight_gain,v2,weight_gain,54058,9.93,TRUE,22.6141,10.4684,""
v2_hypertension,v2,hypertension,57113,4.84,TRUE,0.4888,1.1904,""
v2_bp_sys_first,v2,bp_sys_first,57675,3.9,TRUE,114.6956,13.3129,""
v2_bp_dia_first,v2,bp_dia_first,57671,3.91,TRUE,70.2752,10.9383,""
v2_weight_predelivery,v2,weight_predelivery,53718,10.49,TRUE,150.9809,26.6215,""
v2_blood_type,v2,blood_type,56382,6.06,TRUE,1.7478,0.8509,""
v2_blood_type_label,v2,blood_type_label,60016,0,FALSE,"","",""
v2_rh_factor,v2,rh_factor,55969,6.74,TRUE,1.108,0.3104,Rh Factor
v2_rh_label,v2,rh_label,60016,0,FALSE,"","",""
v2_occupation_cat,v2,occupation_cat,56531,5.81,TRUE,2.3924,0.7358,""
v2_occupation_label,v2,occupation_label,60016,0,FALSE,"","",""
v2_sb_iq,v2,sb_iq,38653,35.6,TRUE,97.1207,16.5611,""
v2_sb_iq_cat,v2,sb_iq_cat,38656,35.59,TRUE,3.8176,1.1665,""
v2_placental_wt,v2,placental_wt,47073,21.57,TRUE,432.2788,103.5866,""
v2_bf_days,v2,bf_days,47042,21.62,TRUE,2.5711,1.4082,""
v2_bot_days,v2,bot_days,47046,21.61,TRUE,0.4064,1.0079,""
v2_gavage,v2,gavage,47046,21.61,TRUE,0.049,0.4534,""
v2_tube,v2,tube,47046,21.61,TRUE,0.0093,0.1846,""
v2_other_feed,v2,other_feed,47046,21.61,TRUE,0.0115,0.1964,""
v2_vitamin_k,v2,vitamin_k,52934,11.8,TRUE,0.3317,0.4708,""
v2_coombs,v2,coombs,51408,14.34,TRUE,1.9753,0.1553,""
v2_sex,v2,sex,55923,6.82,TRUE,1.4914,0.4999,""
v2_sex_label,v2,sex_label,60016,0,FALSE,"","",""
v2_ped_records,v2,ped_records,59391,1.04,TRUE,0.9596,0.197,""
v2_birth_wt_g,v2,birth_wt_g,55535,7.47,TRUE,3107.7743,636.4481,""
v2_bw_interval,v2,bw_interval,55758,7.09,TRUE,27.4693,6.5797,""
v2_outcome_grp,v2,outcome_grp,56990,5.04,TRUE,2.9042,0.4046,""
v2_outcome_grp_label,v2,outcome_grp_label,60016,0,FALSE,"","",""
v2_outcome_detail,v2,outcome_detail,56990,5.04,TRUE,1.422,6.7922,""
v2_infant_death,v2,infant_death,56989,5.04,TRUE,0.0306,0.1978,""
v2_gest_age,v2,gest_age,55676,7.23,TRUE,38.9961,3.7155,""
v2_maternal_age,v2,maternal_age,59389,1.04,TRUE,24.2941,6.0606,""
v2_apgar_heart,v2,apgar_heart,49870,16.91,TRUE,1.8927,0.3166,""
v2_apgar_resp,v2,apgar_resp,50678,15.56,TRUE,1.6385,0.5931,""
v2_apgar_tone,v2,apgar_tone,50654,15.6,TRUE,1.6521,0.5962,""
v2_apgar_reflex,v2,apgar_reflex,50636,15.63,TRUE,1.705,0.5686,""
v2_apgar_color,v2,apgar_color,50665,15.58,TRUE,0.8371,0.5439,""
v2_apgar_total,v2,apgar_total,49844,16.95,TRUE,7.7416,1.9968,""
v2_bf_ever,v2,bf_ever,47042,21.62,TRUE,0.9144,0.2797,""
v2_feed_type,v2,feed_type,60016,0,FALSE,"","",""
v2_twinning,v2,twinning,55122,8.15,TRUE,0.0206,0.1419,""
v2_dysmaturity,v2,dysmaturity,46693,22.2,TRUE,0.4774,1.2173,""
v2_antibiotics,v2,antibiotics,52935,11.8,TRUE,0.1164,0.3207,""
v2_wisc_sub1,v2,wisc_sub1,40278,32.89,TRUE,7.3854,2.1018,""
v2_wisc_info,v2,wisc_info,40269,32.9,TRUE,9.1823,3.0074,""
v2_wisc_comp_raw,v2,wisc_comp_raw,40261,32.92,TRUE,6.1228,2.5026,""
v2_wisc_comp,v2,wisc_comp,40248,32.94,TRUE,8.73,2.7561,""
v2_wisc_simil_raw,v2,wisc_simil_raw,40240,32.95,TRUE,17.8958,5.9204,""
v2_wisc_vocab,v2,wisc_vocab,40218,32.99,TRUE,8.7235,3.0732,""
v2_wisc_sub7,v2,wisc_sub7,40240,32.95,TRUE,7.0781,1.9646,""
v2_wisc_digit,v2,wisc_digit,40231,32.97,TRUE,9.5835,2.9779,""
v2_wisc_verb_sum,v2,wisc_verb_sum,40254,32.93,TRUE,36.1972,9.0691,""
v2_bender_raw,v2,bender_raw,40305,32.84,TRUE,11.9415,7.9633,""
v2_ps30_col35,v2,ps30_col35,40302,32.85,TRUE,9.5537,3.1902,""
v2_bender_rotation,v2,bender_rotation,40299,32.85,TRUE,7.2098,5.5626,""
v2_ps30_col39,v2,ps30_col39,40296,32.86,TRUE,9.6842,2.8171,""
v2_ps30_col41,v2,ps30_col41,40240,32.95,TRUE,33.2645,9.5537,""
v2_ps30_col43,v2,ps30_col43,40237,32.96,TRUE,10.085,2.9065,""
v2_auditory_vocal,v2,auditory_vocal,40259,32.92,TRUE,29.3195,6.5598,""
v2_wrat_read,v2,wrat_read,40248,32.94,TRUE,45.3716,11.3267,""
v2_ps30_col49,v2,ps30_col49,40257,32.92,TRUE,8.9809,1.4506,""
v2_ps30_col51,v2,ps30_col51,40297,32.86,TRUE,48.2472,29.3741,""
v2_ps30_col53,v2,ps30_col53,40263,32.91,TRUE,42.1162,27.7628,""
v2_wisc_viq,v2,wisc_viq,40260,32.92,TRUE,98.4373,15.265,""
v2_wisc_piq,v2,wisc_piq,40173,33.06,TRUE,94.3511,19.7962,""
v2_wisc_fsiq,v2,wisc_fsiq,40494,32.53,TRUE,95.6333,14.7916,""
v2_ps30_col63,v2,ps30_col63,40682,32.21,TRUE,10.1161,1.7908,""
v2_ps30_col65,v2,ps30_col65,39869,33.57,TRUE,17.8027,3.7835,""
v2_ps30_col67,v2,ps30_col67,39796,33.69,TRUE,61.2454,14.039,""
v2_ps30_col69,v2,ps30_col69,39798,33.69,TRUE,32.9281,28.17,""
v2_ps30_col71,v2,ps30_col71,39508,34.17,TRUE,8.4137,7.4878,""
v2_ps30_col73,v2,ps30_col73,40464,32.58,TRUE,59.6443,37.7222,""
v2_institution_name,v2,institution_name,60016,0,FALSE,"","",""
v2_institution_city,v2,institution_city,60016,0,FALSE,"","",""
sa_abnor7yr_nindb,sa_abnor7yr,nindb,41869,30.24,TRUE,420476733.343,266720504.1481,""
sa_abnor7yr_col_10,sa_abnor7yr_col,10,39893,33.53,TRUE,1,0,""
sa_abnor7yr_col_11,sa_abnor7yr_col,11,41869,30.24,TRUE,1.6407,0.8008,""
sa_abnor7yr_col_12,sa_abnor7yr_col,12,41869,30.24,TRUE,1.495,0.5,""
sa_abnor7yr_col_13,sa_abnor7yr_col,13,41869,30.24,TRUE,0.0023,0.1073,""
sa_abnor7yr_col_14,sa_abnor7yr_col,14,41869,30.24,TRUE,0.0032,0.1571,""
sa_abnor7yr_col_15,sa_abnor7yr_col,15,41869,30.24,TRUE,2.6831,0.6637,""
sa_abnor7yr_col_16,sa_abnor7yr_col,16,41869,30.24,TRUE,4.419,2.8898,""
sa_abnor7yr_col_17,sa_abnor7yr_col,17,41869,30.24,TRUE,4.4344,2.8939,""
sa_abnor7yr_col_18,sa_abnor7yr_col,18,41869,30.24,TRUE,4.3695,2.9081,""
sa_abnor7yr_col_19,sa_abnor7yr_col,19,41098,31.52,TRUE,4.3741,2.2274,""
sa_abnor7yr_col_20,sa_abnor7yr_col,20,41098,31.52,TRUE,3.3327,2.8237,""
sa_abnor7yr_col_21,sa_abnor7yr_col,21,40907,31.84,TRUE,1,0,""
sa_abnor7yr_col_22,sa_abnor7yr_col,22,40725,32.14,TRUE,1,0,""
sa_abnor7yr_col_23,sa_abnor7yr_col,23,39664,33.91,TRUE,1,0,""
sa_abnor7yr_col_24,sa_abnor7yr_col,24,33570,44.06,TRUE,1,0,""
sa_abnor7yr_col_25,sa_abnor7yr_col,25,40684,32.21,TRUE,0.4158,0.6942,""
sa_abnor7yr_col_26,sa_abnor7yr_col,26,40684,32.21,TRUE,5.2591,3.7996,""
sa_abnor7yr_col_27,sa_abnor7yr_col,27,40684,32.21,TRUE,4.5349,2.8929,""
sa_abnor7yr_col_28,sa_abnor7yr_col,28,41869,30.24,TRUE,8.8471,1.143,""
sa_abnor7yr_col_29,sa_abnor7yr_col,29,41869,30.24,TRUE,0.6404,1.979,""
sa_abnor7yr_col_30,sa_abnor7yr_col,30,41869,30.24,TRUE,0.7987,2.2755,""
sa_abnor7yr_col_31,sa_abnor7yr_col,31,41869,30.24,TRUE,0.3695,1.1951,""
sa_abnor7yr_col_32,sa_abnor7yr_col,32,41869,30.24,TRUE,3.8253,3.5207,""
sa_abnor7yr_col_33,sa_abnor7yr_col,33,41869,30.24,TRUE,3.761,3.4929,""
sa_abnor7yr_col_34,sa_abnor7yr_col,34,41869,30.24,TRUE,0.0198,0.1624,""
sa_abnor7yr_col_35,sa_abnor7yr_col,35,41869,30.24,TRUE,1.4886,2.8394,""
sa_abnor7yr_col_36,sa_abnor7yr_col,36,41869,30.24,TRUE,1.5089,2.8645,""
sa_abnor7yr_col_37,sa_abnor7yr_col,37,41869,30.24,TRUE,1.495,2.8553,""
sa_abnor7yr_col_38,sa_abnor7yr_col,38,41869,30.24,TRUE,0.1771,0.5024,""
sa_abnor7yr_col_39,sa_abnor7yr_col,39,41869,30.24,TRUE,0.2688,1.1949,""
sa_abnor7yr_col_40,sa_abnor7yr_col,40,41869,30.24,TRUE,0.5329,0.7689,""
sa_card8133_serology_form_code,sa_card8133_serology_form,code,32098,46.52,TRUE,1813,0,""
sa_card8133_serology_revision,sa_card8133_serology,revision,32098,46.52,TRUE,3,0,""
sa_card8133_serology_nindb,sa_card8133_serology,nindb,32098,46.52,TRUE,426470890.4635,269664673.3486,""
sa_card8133_serology_request_no,sa_card8133_serology_request,no,32098,46.52,TRUE,1.0254,4.4606,""
sa_card8133_serology_study_no,sa_card8133_serology_study,no,32098,46.52,TRUE,71148.3166,301.6034,""
sa_card8133_serology_col_23,sa_card8133_serology_col,23,32098,46.52,TRUE,7.9998,0.0447,""
sa_card8133_serology_col_24,sa_card8133_serology_col,24,32098,46.52,TRUE,2.204,3.5715,""
sa_card8133_serology_col_25,sa_card8133_serology_col,25,32098,46.52,TRUE,2.7571,3.3325,""
sa_card8133_serology_col_26,sa_card8133_serology_col,26,32098,46.52,TRUE,5.8096,2.9156,""
sa_card8133_serology_col_27,sa_card8133_serology_col,27,32098,46.52,TRUE,4.7642,3.304,""
sa_card8133_serology_col_28,sa_card8133_serology_col,28,32081,46.55,TRUE,0.4943,1.9041,""
sa_card8133_serology_col_29,sa_card8133_serology_col,29,32078,46.55,TRUE,0.5451,1.9793,""
sa_card8133_serology_col_30,sa_card8133_serology_col,30,32078,46.55,TRUE,0.5509,1.9939,""
sa_card8133_serology_col_31,sa_card8133_serology_col,31,32078,46.55,TRUE,0.5071,1.9306,""
sa_card8133_serology_col_32,sa_card8133_serology_col,32,32082,46.54,TRUE,0.0744,0.3508,""
sa_card8133_serology_col_33,sa_card8133_serology_col,33,32082,46.54,TRUE,0.0809,0.7943,""
sa_card8133_serology_col_34,sa_card8133_serology_col,34,32082,46.54,TRUE,0.243,0.9073,""
sa_card8133_serology_col_35,sa_card8133_serology_col,35,32082,46.54,TRUE,0.0225,0.37,""
sa_congmalf_nindb,sa_congmalf,nindb,59391,1.04,TRUE,403479181.9867,269843568.8897,""
sa_congmalf_col_10_12,sa_congmalf_col_10,12,55193,8.04,TRUE,0.6334,2.1568,""
sa_congmalf_col_13_14,sa_congmalf_col_13,14,55193,8.04,TRUE,0.2339,0.5778,""
sa_congmalf_col_15_18,sa_congmalf_col_15,18,55193,8.04,TRUE,145.75,695.3793,""
sa_congmalf_malf_code_02,sa_congmalf_malf_code,02,60016,0,FALSE,"","",""
sa_congmalf_malf_code_03,sa_congmalf_malf_code,03,1454,97.58,TRUE,1251.2785,1755.4248,""
sa_congmalf_malf_code_41,sa_congmalf_malf_code,41,1255,97.91,TRUE,3.7084,22.7455,""
sa_congmalf_malf_code_42,sa_congmalf_malf_code,42,60016,0,FALSE,"","",""
sa_congmalf_malf_code_43,sa_congmalf_malf_code,43,48617,18.99,TRUE,265.3933,570.6671,""
sa_congmalf_malf_code_44,sa_congmalf_malf_code,44,1969,96.72,TRUE,1832.6171,839.8078,""
sa_congmalf_malf_code_45,sa_congmalf_malf_code,45,1969,96.72,TRUE,1103.3479,2321.3073,""
sa_f90401_form_code,sa_f90401_form,code,53251,11.27,TRUE,90401,0,""
sa_f90401_nindb,sa_f90401,nindb,53251,11.27,TRUE,421180461.3657,263649422.2659,""
sa_f90401_col_15,sa_f90401_col,15,53251,11.27,TRUE,1.3744,3.2349,""
sa_f90401_col_16,sa_f90401_col,16,53251,11.27,TRUE,8.8978,0.9499,""
sa_f90401_col_17,sa_f90401_col,17,53251,11.27,TRUE,2.1608,3.8427,""
sa_f90401_col_18,sa_f90401_col,18,53251,11.27,TRUE,1.374,3.2348,""
sa_f90401_col_19,sa_f90401_col,19,53251,11.27,TRUE,8.8984,0.9451,""
sa_f90401_col_20,sa_f90401_col,20,53251,11.27,TRUE,2.1605,3.8428,""
sa_f90401_col_21,sa_f90401_col,21,53251,11.27,TRUE,1.3721,3.2351,""
sa_f90401_col_22,sa_f90401_col,22,53251,11.27,TRUE,8.8967,0.9585,""
sa_f90401_col_23,sa_f90401_col,23,53251,11.27,TRUE,2.1589,3.8431,""
sa_f90401_col_24,sa_f90401_col,24,53251,11.27,TRUE,1.3721,3.2351,""
sa_f90401_col_25,sa_f90401_col,25,53251,11.27,TRUE,8.8967,0.9585,""
sa_f90401_col_26,sa_f90401_col,26,53251,11.27,TRUE,2.1591,3.8431,""
sa_f90401_col_27,sa_f90401_col,27,53251,11.27,TRUE,1.3722,3.2351,""
sa_f90401_col_28,sa_f90401_col,28,53251,11.27,TRUE,8.8969,0.9575,""
sa_f90401_col_29,sa_f90401_col,29,53251,11.27,TRUE,2.1591,3.8431,""
sa_f90401_col_30,sa_f90401_col,30,53251,11.27,TRUE,1.3724,3.2351,""
sa_f90401_col_31,sa_f90401_col,31,53251,11.27,TRUE,8.8968,0.9576,""
sa_f90401_col_32,sa_f90401_col,32,53251,11.27,TRUE,2.1591,3.8431,""
sa_f90401_col_33,sa_f90401_col,33,53251,11.27,TRUE,1.3727,3.2352,""
sa_f90401_col_34,sa_f90401_col,34,53251,11.27,TRUE,8.897,0.9563,""
sa_f90401_col_35,sa_f90401_col,35,53251,11.27,TRUE,2.1592,3.843,""
sa_f90401_col_36,sa_f90401_col,36,53251,11.27,TRUE,1.3799,3.234,""
sa_f90401_col_37,sa_f90401_col,37,53251,11.27,TRUE,8.901,0.9232,""
sa_f90401_col_38,sa_f90401_col,38,53251,11.27,TRUE,2.1625,3.8423,""
sa_f90401_col_39,sa_f90401_col,39,53251,11.27,TRUE,1.3793,3.235,""
sa_f90401_col_40,sa_f90401_col,40,53251,11.27,TRUE,8.8992,0.9397,""
sa_f90401_col_41,sa_f90401_col,41,53251,11.27,TRUE,2.1619,3.8421,""
sa_f90401_col_42,sa_f90401_col,42,53251,11.27,TRUE,1.3727,3.235,""
sa_f90401_col_43,sa_f90401_col,43,53251,11.27,TRUE,8.8972,0.9552,""
sa_f90401_col_44,sa_f90401_col,44,53251,11.27,TRUE,2.16,3.8429,""
sa_f90401_col_45,sa_f90401_col,45,53251,11.27,TRUE,1.3735,3.2352,""
sa_f90401_col_46,sa_f90401_col,46,53251,11.27,TRUE,8.8974,0.9536,""
sa_f90401_col_47,sa_f90401_col,47,53251,11.27,TRUE,2.1593,3.843,""
sa_f90401_col_48,sa_f90401_col,48,53251,11.27,TRUE,1.3745,3.2349,""
sa_f90401_col_49,sa_f90401_col,49,53251,11.27,TRUE,8.8975,0.9526,""
sa_f90401_col_50,sa_f90401_col,50,53251,11.27,TRUE,2.1608,3.8427,""
sa_f90401_col_51,sa_f90401_col,51,53251,11.27,TRUE,1.3729,3.2349,""
sa_f90401_col_52,sa_f90401_col,52,53251,11.27,TRUE,8.8968,0.9583,""
sa_f90401_col_53,sa_f90401_col,53,53251,11.27,TRUE,2.1591,3.8431,""
sa_f90401_col_54,sa_f90401_col,54,53251,11.27,TRUE,1.3722,3.2351,""
sa_f90401_col_55,sa_f90401_col,55,53251,11.27,TRUE,8.8968,0.958,""
sa_f90401_col_56,sa_f90401_col,56,53251,11.27,TRUE,2.1591,3.8431,""
sa_f90401_col_57,sa_f90401_col,57,53251,11.27,TRUE,1.372,3.2351,""
sa_f90401_col_58,sa_f90401_col,58,53251,11.27,TRUE,8.8968,0.9582,""
sa_f90401_col_59,sa_f90401_col,59,53251,11.27,TRUE,2.1594,3.8429,""
sa_f90401_col_60,sa_f90401_col,60,53251,11.27,TRUE,1.3112,3.1742,""
sa_f90401_col_61,sa_f90401_col,61,53251,11.27,TRUE,8.8972,0.9549,""
sa_f90401_col_62,sa_f90401_col,62,53251,11.27,TRUE,2.1606,3.8428,""
sa_f90401_col_63,sa_f90401_col,63,53251,11.27,TRUE,1.3756,3.234,""
sa_f90401_col_64,sa_f90401_col,64,53251,11.27,TRUE,8.8971,0.9555,""
sa_f90401_col_65,sa_f90401_col,65,53251,11.27,TRUE,2.1591,3.843,""
sa_f90401_col_66,sa_f90401_col,66,53251,11.27,TRUE,1.3729,3.2347,""
sa_f90401_col_67,sa_f90401_col,67,53251,11.27,TRUE,8.8968,0.9569,""
sa_f90401_col_68,sa_f90401_col,68,53251,11.27,TRUE,8.8516,1.1459,""
sa_f90401_col_69,sa_f90401_col,69,53251,11.27,TRUE,8.862,1.1056,""
sa_f90401_col_70,sa_f90401_col,70,53251,11.27,TRUE,1.3825,3.2323,""
sa_f90401_col_71,sa_f90401_col,71,53251,11.27,TRUE,8.8621,1.1051,""
sa_f90401_col_72,sa_f90401_col,72,53251,11.27,TRUE,0.9835,0.1274,""
sa_f90401_col_73,sa_f90401_col,73,53251,11.27,TRUE,0.9832,0.1567,""
sa_f90401_col_74,sa_f90401_col,74,53251,11.27,TRUE,0.1456,0.3527,""
sa_f90401_col_75,sa_f90401_col,75,53251,11.27,TRUE,0.48,0.8532,""
sa_f90401_col_76,sa_f90401_col,76,53251,11.27,TRUE,0.7592,0.4276,""
sa_f90401_col_77,sa_f90401_col,77,53251,11.27,TRUE,0.0257,0.3577,""
sa_f90401_col_78,sa_f90401_col,78,53251,11.27,TRUE,0.0147,0.244,""
sa_f90401_col_80,sa_f90401_col,80,50959,15.09,TRUE,1,0,""
sa_ruptmemb_nindb,sa_ruptmemb,nindb,49188,18.04,TRUE,417260508.0833,262868203.4406,""
sa_ruptmemb_col_10,sa_ruptmemb_col,10,49188,18.04,TRUE,1.7055,0.9136,""
sa_ruptmemb_col_11,sa_ruptmemb_col,11,49188,18.04,TRUE,1.491,0.5033,""
sa_ruptmemb_col_12,sa_ruptmemb_col,12,49188,18.04,TRUE,0.2537,0.4352,""
sa_ruptmemb_col_13,sa_ruptmemb_col,13,49188,18.04,TRUE,4.0562,2.9043,""
sa_ruptmemb_col_14,sa_ruptmemb_col,14,49188,18.04,TRUE,1.1273,0.8912,""
sa_ruptmemb_col_15,sa_ruptmemb_col,15,49188,18.04,TRUE,4.4479,2.8797,""
sa_ruptmemb_col_16,sa_ruptmemb_col,16,49188,18.04,TRUE,5.9402,0.2371,""
sa_ruptmemb_col_17,sa_ruptmemb_col,17,49188,18.04,TRUE,3.1514,2.2658,""
sa_ruptmemb_col_18,sa_ruptmemb_col,18,49188,18.04,TRUE,0.726,0.7056,""
sa_ruptmemb_col_19,sa_ruptmemb_col,19,49188,18.04,TRUE,4.0388,2.8981,""
sa_ruptmemb_col_20,sa_ruptmemb_col,20,49188,18.04,TRUE,2.5158,1.7031,""
sa_ruptmemb_col_21,sa_ruptmemb_col,21,49188,18.04,TRUE,4.4296,2.8949,""
sa_ruptmemb_col_22,sa_ruptmemb_col,22,49188,18.04,TRUE,1.1406,0.4866,""
sa_ruptmemb_col_23,sa_ruptmemb_col,23,49188,18.04,TRUE,3.5366,0.6357,""
sa_ruptmemb_col_24,sa_ruptmemb_col,24,49188,18.04,TRUE,4.0673,3.4763,""
sa_ruptmemb_col_25,sa_ruptmemb_col,25,49179,18.06,TRUE,0.7346,1.9277,""
sa_ruptmemb_col_26,sa_ruptmemb_col,26,49179,18.06,TRUE,6.0261,4.0282,""
sa_ruptmemb_col_27,sa_ruptmemb_col,27,49179,18.06,TRUE,3.2356,1.3387,""
sa_ruptmemb_col_28,sa_ruptmemb_col,28,49094,18.2,TRUE,0.6105,1.742,""
sa_ruptmemb_col_29,sa_ruptmemb_col,29,49094,18.2,TRUE,4.3138,2.7227,""
sa_ruptmemb_col_30,sa_ruptmemb_col,30,49094,18.2,TRUE,2.6848,2.1093,""
sa_ruptmemb_col_31,sa_ruptmemb_col,31,49094,18.2,TRUE,4.4605,3.0241,""
sa_ruptmemb_col_32,sa_ruptmemb_col,32,49094,18.2,TRUE,2.3023,1.7384,""
sa_ruptmemb_col_33,sa_ruptmemb_col,33,49188,18.04,TRUE,0.1074,0.6284,""
sa_ruptmemb_col_34,sa_ruptmemb_col,34,49188,18.04,TRUE,0.0422,0.4766,""
sa_ruptmemb_col_35,sa_ruptmemb_col,35,49188,18.04,TRUE,2.9836,0.1272,""
sa_ruptmemb_col_36,sa_ruptmemb_col,36,49094,18.2,TRUE,2.4132,2.016,""
sa_ruptmemb_col_37,sa_ruptmemb_col,37,49094,18.2,TRUE,0.8834,2.5163,""
sa_ruptmemb_col_38,sa_ruptmemb_col,38,49094,18.2,TRUE,3.6256,2.8711,""
sa_ruptmemb_col_39,sa_ruptmemb_col,39,49188,18.04,TRUE,0.2536,0.4351,""
sa_ruptmemb_col_40,sa_ruptmemb_col,40,49188,18.04,TRUE,4.0568,2.9039,""
sa_ruptmemb_col_41,sa_ruptmemb_col,41,49188,18.04,TRUE,1.1274,0.8913,""
sa_ruptmemb_col_42,sa_ruptmemb_col,42,49188,18.04,TRUE,4.441,2.8794,""
sa_ruptmemb_col_43,sa_ruptmemb_col,43,49188,18.04,TRUE,5.9401,0.2373,""
sa_ruptmemb_col_44,sa_ruptmemb_col,44,49188,18.04,TRUE,3.1516,2.2663,""
sa_ruptmemb_col_45,sa_ruptmemb_col,45,49188,18.04,TRUE,0.6915,0.721,""
sa_ruptmemb_col_46,sa_ruptmemb_col,46,49188,18.04,TRUE,4.0613,2.899,""
sa_ruptmemb_col_47,sa_ruptmemb_col,47,49188,18.04,TRUE,2.1506,1.7328,""
sa_ruptmemb_col_48,sa_ruptmemb_col,48,49188,18.04,TRUE,2.8117,2.9566,""
sa_ruptmemb_col_49,sa_ruptmemb_col,49,49188,18.04,TRUE,0.001,0.0403,""
sa_ruptmemb_col_50,sa_ruptmemb_col,50,49188,18.04,TRUE,0.0196,0.294,""
sa_ruptmemb_col_51,sa_ruptmemb_col,51,49188,18.04,TRUE,0.3211,1.0075,""
sa_ruptmemb_col_52,sa_ruptmemb_col,52,49188,18.04,TRUE,2.1156,2.5149,""
sa_sei7yr_nindb,sa_sei7yr,nindb,40363,32.75,TRUE,412033857.7502,267015446.3555,""
sa_sei7yr_f02_4704,sa_sei7yr_f02,4704,40348,32.77,TRUE,0.9666,0.3539,""
sa_sei7yr_f03_4704,sa_sei7yr_f03,4704,40348,32.77,TRUE,1.4955,0.5,""
sa_sei7yr_f04_4704,sa_sei7yr_f04,4704,40363,32.75,TRUE,1.6261,0.798,""
sa_sei7yr_f05_4704,sa_sei7yr_f05,4704,40084,33.21,TRUE,48.31,27.3014,""
sa_sei7yr_f06_4704,sa_sei7yr_f06,4704,40180,33.05,TRUE,44.4195,31.0354,""
sa_sei7yr_f07_4704,sa_sei7yr_f07,4704,39146,34.77,TRUE,49.6741,29.223,""
sa_sei7yr_f08_4704,sa_sei7yr_f08,4704,40196,33.02,TRUE,47.4909,23.5728,""
sa_sei7yr_f09_4704,sa_sei7yr_f09,4704,40259,32.92,TRUE,1.0462,0.3134,""
sa_sei7yr_f10_4704,sa_sei7yr_f10,4704,39617,33.99,TRUE,47.4609,22.1554,""
sa_sei7yr_f11a_4704,sa_sei7yr_f11a,4704,40348,32.77,TRUE,6.5974,3.4324,""
sa_sei7yr_f11b_4704,sa_sei7yr_f11b,4704,40348,32.77,TRUE,15.704,8.7403,""
sa_sei7yr_f11c_4704,sa_sei7yr_f11c,4704,40348,32.77,TRUE,62.4658,1.9111,""
sa_sei7yr_f12_4704,sa_sei7yr_f12,4704,38372,36.06,TRUE,35.0714,35.9741,""
sa_sei7yr_f13_4704,sa_sei7yr_f13,4704,40183,33.05,TRUE,11.9049,9.1029,""
sa_sei7yr_f14_4704,sa_sei7yr_f14,4704,40266,32.91,TRUE,58.2645,26.8086,""
sa_sei7yr_f15_4704,sa_sei7yr_f15,4704,40266,32.91,TRUE,35.0683,30.1902,""
sa_sei7yr_f16_4704,sa_sei7yr_f16,4704,40274,32.89,TRUE,64.2743,26.2758,""
sa_slhfile_nindb,sa_slhfile,nindb,20137,66.45,TRUE,415406221.1132,272021067.7754,""
sa_slhfile_col_10,sa_slhfile_col,10,20137,66.45,TRUE,1.4961,0.5,""
sa_slhfile_col_11,sa_slhfile_col,11,20137,66.45,TRUE,1.4967,0.5,""
sa_slhfile_col_12,sa_slhfile_col,12,20137,66.45,TRUE,1.23,1.1964,""
sa_slhfile_col_13,sa_slhfile_col,13,20137,66.45,TRUE,1.1664,1.0716,""
sa_slhfile_col_14,sa_slhfile_col,14,20137,66.45,TRUE,1.5099,1.1859,""
sa_slhfile_col_15,sa_slhfile_col,15,20137,66.45,TRUE,2.6326,1.6448,""
sa_socio7yr_f02_4704,sa_socio7yr_f02,4704,40348,32.77,TRUE,0.9666,0.3539,""
sa_socio7yr_f03_4704,sa_socio7yr_f03,4704,40348,32.77,TRUE,1.4955,0.5,""
sa_socio7yr_f04_4704,sa_socio7yr_f04,4704,40363,32.75,TRUE,1.6261,0.798,""
sa_socio7yr_f05_4704,sa_socio7yr_f05,4704,40084,33.21,TRUE,48.31,27.3014,""
sa_socio7yr_f06_4704,sa_socio7yr_f06,4704,40180,33.05,TRUE,44.4195,31.0354,""
sa_socio7yr_f07_4704,sa_socio7yr_f07,4704,39146,34.77,TRUE,49.6741,29.223,""
sa_socio7yr_f08_4704,sa_socio7yr_f08,4704,40196,33.02,TRUE,47.4909,23.5728,""
sa_socio7yr_f09_4704,sa_socio7yr_f09,4704,40259,32.92,TRUE,1.0462,0.3134,""
sa_socio7yr_f10_4704,sa_socio7yr_f10,4704,39617,33.99,TRUE,47.4609,22.1554,""
sa_socio7yr_f11a4704,sa_socio7yr,f11a4704,40348,32.77,TRUE,6.5974,3.4324,""
sa_socio7yr_f11b4704,sa_socio7yr,f11b4704,40348,32.77,TRUE,15.704,8.7403,""
sa_socio7yr_f11c4704,sa_socio7yr,f11c4704,40348,32.77,TRUE,62.4658,1.9111,""
sa_socio7yr_f12_4704,sa_socio7yr_f12,4704,38372,36.06,TRUE,35.0714,35.9741,""
sa_socio7yr_f13_4704,sa_socio7yr_f13,4704,40183,33.05,TRUE,11.9049,9.1029,""
sa_socio7yr_f14_4704,sa_socio7yr_f14,4704,40266,32.91,TRUE,58.2645,26.8086,""
sa_socio7yr_f15_4704,sa_socio7yr_f15,4704,40266,32.91,TRUE,35.0683,30.1902,""
sa_socio7yr_f16_4704,sa_socio7yr_f16,4704,40274,32.89,TRUE,64.2743,26.2758,""
sa_toxemia_nindb,sa_toxemia,nindb,58760,2.09,TRUE,414141712.7619,264985999.7752,""
sa_toxemia_col_10,sa_toxemia_col,10,58760,2.09,TRUE,4.8828,1.0628,""
sa_toxemia_col_11,sa_toxemia_col,11,58760,2.09,TRUE,1.6046,3.4049,""
sa_toxemia_col_12,sa_toxemia_col,12,58760,2.09,TRUE,7.5207,1.7209,""
sa_toxemia_col_13,sa_toxemia_col,13,58760,2.09,TRUE,3.3022,3.7013,""
sa_toxemia_col_14,sa_toxemia_col,14,58760,2.09,TRUE,2.0739,3.3894,""
sa_toxemia_col_15,sa_toxemia_col,15,58760,2.09,TRUE,0.4908,1.8638,""
sa_toxemia_col_16,sa_toxemia_col,16,58760,2.09,TRUE,0.4522,1.8404,""
sa_toxemia_col_17,sa_toxemia_col,17,58760,2.09,TRUE,3.489,4.1258,""
sa_toxemia_col_18,sa_toxemia_col,18,58760,2.09,TRUE,6.4132,3.6041,""
sa_toxemia_col_19,sa_toxemia_col,19,58760,2.09,TRUE,6.1178,3.1324,""
sa_w17c_study6a_nindb,sa_w17c_study6a,nindb,8829,85.29,TRUE,418230936.4571,281467591.9235,""
sa_w17c_study6a_col_10,sa_w17c_study6a_col,10,8829,85.29,TRUE,1.6183,0.6941,""
sa_w17c_study6a_col_11,sa_w17c_study6a_col,11,3808,93.66,TRUE,1.6662,0.7558,""
sa_w17c_study6a_col_12,sa_w17c_study6a_col,12,8750,85.42,TRUE,1.5345,0.6987,""
sa_w17c_study6a_col_13,sa_w17c_study6a_col,13,8829,85.29,TRUE,3.7382,2.8614,""
sa_w17c_study6a_col_14,sa_w17c_study6a_col,14,8829,85.29,TRUE,4.3126,2.2091,""
sa_w17c_study6a_col_15,sa_w17c_study6a_col,15,8829,85.29,TRUE,1.0157,0.1245,""
sa_w17c_study6a_col_16,sa_w17c_study6a_col,16,8829,85.29,TRUE,2.3187,2.1908,""
sa_w17c_study6a_col_17,sa_w17c_study6a_col,17,8829,85.29,TRUE,4.3219,2.8992,""
sa_w17c_study6a_col_18,sa_w17c_study6a_col,18,8829,85.29,TRUE,4.483,2.8713,""
sa_w17c_study6a_col_19,sa_w17c_study6a_col,19,8829,85.29,TRUE,4.4721,2.8575,""
sa_w17c_study6a_col_20,sa_w17c_study6a_col,20,8829,85.29,TRUE,1.0046,0.0712,""
sa_w17c_study6a_col_21,sa_w17c_study6a_col,21,8829,85.29,TRUE,0.0092,0.0953,""
sa_w17c_study6a_col_22,sa_w17c_study6a_col,22,8829,85.29,TRUE,1.6241,0.7227,""
sa_w17c_study6a_col_23,sa_w17c_study6a_col,23,2764,95.39,TRUE,1.6791,0.771,""
sa_w17c_study6a_col_24,sa_w17c_study6a_col,24,8779,85.37,TRUE,1.5216,0.7205,""
sa_w17c_study6a_col_25,sa_w17c_study6a_col,25,4922,91.8,TRUE,3.694,2.9362,""
sa_w17c_study6a_col_26,sa_w17c_study6a_col,26,4922,91.8,TRUE,4.436,2.1156,""
sa_w17c_study6a_col_27,sa_w17c_study6a_col,27,4922,91.8,TRUE,1.0053,0.0725,""
sa_w17c_study6a_col_28,sa_w17c_study6a_col,28,4922,91.8,TRUE,2.1607,2.0961,""
sa_w17c_study6a_col_29,sa_w17c_study6a_col,29,4922,91.8,TRUE,4.2664,2.8848,""
sa_w17c_study6a_col_30,sa_w17c_study6a_col,30,4922,91.8,TRUE,4.448,2.8519,""
sa_w17c_study6a_col_31,sa_w17c_study6a_col,31,4922,91.8,TRUE,4.3852,2.8153,""
sa_w17c_study6a_col_32,sa_w17c_study6a_col,32,4922,91.8,TRUE,1.7619,0.4298,""
sa_w17c_study6a_col_33,sa_w17c_study6a_col,33,4922,91.8,TRUE,0.0435,0.273,""
sa_w17c_study6a_col_34,sa_w17c_study6a_col,34,4922,91.8,TRUE,1.5872,0.67,""
sa_w17c_study6a_col_35,sa_w17c_study6a_col,35,2417,95.97,TRUE,1.6355,0.6887,""
sa_w17c_study6a_col_36,sa_w17c_study6a_col,36,4883,91.86,TRUE,1.5691,0.7331,""
sa_w17c_study6a_col_37,sa_w17c_study6a_col,37,2761,95.4,TRUE,3.5516,2.9799,""
sa_w17c_study6a_col_38,sa_w17c_study6a_col,38,2761,95.4,TRUE,4.5353,2.0222,""
sa_w17c_study6a_col_39,sa_w17c_study6a_col,39,2761,95.4,TRUE,1.0112,0.1054,""
sa_w17c_study6a_col_40,sa_w17c_study6a_col,40,2761,95.4,TRUE,2.1326,2.14,""
sa_w17c_study6a_col_41,sa_w17c_study6a_col,41,2761,95.4,TRUE,4.2988,2.8987,""
sa_w17c_study6a_col_42,sa_w17c_study6a_col,42,2761,95.4,TRUE,4.4748,2.8941,""
sa_w17c_study6a_col_43,sa_w17c_study6a_col,43,2761,95.4,TRUE,4.4104,2.8758,""
sa_w17c_study6a_col_44,sa_w17c_study6a_col,44,2761,95.4,TRUE,2.0101,0.9286,""
sa_w17c_study6a_col_45,sa_w17c_study6a_col,45,2761,95.4,TRUE,0.0522,0.2988,""
sa_w17c_study6a_col_46,sa_w17c_study6a_col,46,2761,95.4,TRUE,1.5675,0.651,""
sa_w17c_study6a_col_47,sa_w17c_study6a_col,47,1447,97.59,TRUE,1.6475,0.8174,""
sa_w17c_study6a_col_48,sa_w17c_study6a_col,48,2732,95.45,TRUE,1.5296,0.7308,""
sa_w17c_study6a_col_49,sa_w17c_study6a_col,49,1538,97.44,TRUE,3.5943,3.033,""
sa_w17c_study6a_col_50,sa_w17c_study6a_col,50,1538,97.44,TRUE,4.5871,1.9571,""
sa_w17c_study6a_col_51,sa_w17c_study6a_col,51,1538,97.44,TRUE,1.0189,0.1361,""
sa_w17c_study6a_col_52,sa_w17c_study6a_col,52,1538,97.44,TRUE,2.2555,2.2238,""
sa_w17c_study6a_col_53,sa_w17c_study6a_col,53,1538,97.44,TRUE,4.3342,2.9525,""
sa_w17c_study6a_col_54,sa_w17c_study6a_col,54,1538,97.44,TRUE,4.2841,2.9115,""
sa_w17c_study6a_col_55,sa_w17c_study6a_col,55,1538,97.44,TRUE,4.485,2.8502,""
sa_w17c_study6a_col_56,sa_w17c_study6a_col,56,1538,97.44,TRUE,2.0449,1.1333,""
sa_w17c_study6a_col_57,sa_w17c_study6a_col,57,1538,97.44,TRUE,0.0624,0.3267,""
sa_w17c_study6a_col_58,sa_w17c_study6a_col,58,1538,97.44,TRUE,1.5845,0.7048,""
sa_w17c_study6a_col_59,sa_w17c_study6a_col,59,764,98.73,TRUE,1.7487,1.0018,""
sa_w17c_study6a_col_60,sa_w17c_study6a_col,60,1512,97.48,TRUE,1.5245,0.5884,""
sa_w17c_study6a_col_61,sa_w17c_study6a_col,61,951,98.42,TRUE,3.5184,3.0562,""
sa_w17c_study6a_col_62,sa_w17c_study6a_col,62,951,98.42,TRUE,4.7413,1.8343,""
sa_w17c_study6a_col_63,sa_w17c_study6a_col,63,951,98.42,TRUE,1.0158,0.1247,""
sa_w17c_study6a_col_64,sa_w17c_study6a_col,64,951,98.42,TRUE,2.5373,2.3034,""
sa_w17c_study6a_col_65,sa_w17c_study6a_col,65,951,98.42,TRUE,4.4385,2.9448,""
sa_w17c_study6a_col_66,sa_w17c_study6a_col,66,951,98.42,TRUE,4.6025,2.899,""
sa_w17c_study6a_col_67,sa_w17c_study6a_col,67,951,98.42,TRUE,4.4763,2.9582,""
sa_w17c_study6a_col_68,sa_w17c_study6a_col,68,951,98.42,TRUE,1.938,1.1301,""
sa_w17c_study6a_col_69,sa_w17c_study6a_col,69,951,98.42,TRUE,0.0557,0.3146,""
sa_w17c_study6a_col_70,sa_w17c_study6a_col,70,951,98.42,TRUE,1.5573,0.6161,""
sa_w17c_study6a_col_72,sa_w17c_study6a_col,72,945,98.43,TRUE,1.5407,0.5774,""
sa_w17f_study6d_nindb,sa_w17f_study6d,nindb,4626,92.29,TRUE,439057110.7475,277362016.8167,""
sa_w17f_study6d_col_10,sa_w17f_study6d_col,10,4626,92.29,TRUE,1.663,0.6924,""
sa_w17f_study6d_col_11,sa_w17f_study6d_col,11,1966,96.72,TRUE,1.7131,0.7783,""
sa_w17f_study6d_col_12,sa_w17f_study6d_col,12,4592,92.35,TRUE,1.5311,0.6753,""
sa_w17f_study6d_col_13,sa_w17f_study6d_col,13,4626,92.29,TRUE,3.9369,2.8191,""
sa_w17f_study6d_col_14,sa_w17f_study6d_col,14,4626,92.29,TRUE,4.4096,2.1683,""
sa_w17f_study6d_col_15,sa_w17f_study6d_col,15,4626,92.29,TRUE,1.0136,0.1159,""
sa_w17f_study6d_col_16,sa_w17f_study6d_col,16,4626,92.29,TRUE,2.2985,2.1679,""
sa_w17f_study6d_col_17,sa_w17f_study6d_col,17,4626,92.29,TRUE,4.2793,2.8868,""
sa_w17f_study6d_col_18,sa_w17f_study6d_col,18,4626,92.29,TRUE,4.5035,2.8859,""
sa_w17f_study6d_col_19,sa_w17f_study6d_col,19,4626,92.29,TRUE,4.4375,2.8581,""
sa_w17f_study6d_col_20,sa_w17f_study6d_col,20,4626,92.29,TRUE,1,0,""
sa_w17f_study6d_col_21,sa_w17f_study6d_col,21,4626,92.29,TRUE,0.0089,0.0937,""
sa_w17f_study6d_col_22,sa_w17f_study6d_col,22,4626,92.29,TRUE,1.6669,0.7146,""
sa_w17f_study6d_col_23,sa_w17f_study6d_col,23,1412,97.65,TRUE,1.7316,0.784,""
sa_w17f_study6d_col_24,sa_w17f_study6d_col,24,4607,92.32,TRUE,1.517,0.682,""
sa_w17f_study6d_col_25,sa_w17f_study6d_col,25,2430,95.95,TRUE,3.8658,2.9056,""
sa_w17f_study6d_col_26,sa_w17f_study6d_col,26,2430,95.95,TRUE,4.5329,2.0733,""
sa_w17f_study6d_col_27,sa_w17f_study6d_col,27,2430,95.95,TRUE,1.0066,0.0809,""
sa_w17f_study6d_col_28,sa_w17f_study6d_col,28,2430,95.95,TRUE,2.0761,2.036,""
sa_w17f_study6d_col_29,sa_w17f_study6d_col,29,2430,95.95,TRUE,4.2444,2.911,""
sa_w17f_study6d_col_30,sa_w17f_study6d_col,30,2430,95.95,TRUE,4.4527,2.8765,""
sa_w17f_study6d_col_31,sa_w17f_study6d_col,31,2430,95.95,TRUE,4.3794,2.8184,""
sa_w17f_study6d_col_32,sa_w17f_study6d_col,32,2430,95.95,TRUE,1.8305,0.3753,""
sa_w17f_study6d_col_33,sa_w17f_study6d_col,33,2430,95.95,TRUE,0.0407,0.2699,""
sa_w17f_study6d_col_34,sa_w17f_study6d_col,34,2430,95.95,TRUE,1.6296,0.6508,""
sa_w17f_study6d_col_35,sa_w17f_study6d_col,35,1217,97.97,TRUE,1.6606,0.6731,""
sa_w17f_study6d_col_36,sa_w17f_study6d_col,36,2402,96,TRUE,1.5658,0.7554,""
sa_w17f_study6d_col_37,sa_w17f_study6d_col,37,1186,98.02,TRUE,3.8111,2.9387,""
sa_w17f_study6d_col_38,sa_w17f_study6d_col,38,1186,98.02,TRUE,4.6636,1.9579,""
sa_w17f_study6d_col_39,sa_w17f_study6d_col,39,1186,98.02,TRUE,1.016,0.1256,""
sa_w17f_study6d_col_40,sa_w17f_study6d_col,40,1186,98.02,TRUE,1.9806,2.0775,""
sa_w17f_study6d_col_41,sa_w17f_study6d_col,41,1186,98.02,TRUE,4.1678,2.9473,""
sa_w17f_study6d_col_42,sa_w17f_study6d_col,42,1186,98.02,TRUE,4.4106,2.8588,""
sa_w17f_study6d_col_43,sa_w17f_study6d_col,43,1186,98.02,TRUE,4.4705,2.8385,""
sa_w17f_study6d_col_44,sa_w17f_study6d_col,44,1186,98.02,TRUE,2.1796,0.9541,""
sa_w17f_study6d_col_45,sa_w17f_study6d_col,45,1186,98.02,TRUE,0.0455,0.2779,""
sa_w17f_study6d_col_46,sa_w17f_study6d_col,46,1186,98.02,TRUE,1.6071,0.6002,""
sa_w17f_study6d_col_48,sa_w17f_study6d_col,48,1172,98.05,TRUE,1.5222,0.6511,""
sa_w17g_study6e_nindb,sa_w17g_study6e,nindb,1467,97.56,TRUE,363352097.2188,290722358.627,""
sa_w17g_study6e_col_10,sa_w17g_study6e_col,10,1467,97.56,TRUE,1.486,0.6922,""
sa_w17g_study6e_col_12,sa_w17g_study6e_col,12,1454,97.58,TRUE,1.5481,0.7586,""
sa_w17g_study6e_col_13,sa_w17g_study6e_col,13,1467,97.56,TRUE,3.2059,2.9654,""
sa_w17g_study6e_col_14,sa_w17g_study6e_col,14,1467,97.56,TRUE,4.1472,2.248,""
sa_w17g_study6e_col_15,sa_w17g_study6e_col,15,1467,97.56,TRUE,1.0204,0.1416,""
sa_w17g_study6e_col_16,sa_w17g_study6e_col,16,1467,97.56,TRUE,2.4465,2.2737,""
sa_w17g_study6e_col_17,sa_w17g_study6e_col,17,1467,97.56,TRUE,4.409,2.9556,""
sa_w17g_study6e_col_18,sa_w17g_study6e_col,18,1467,97.56,TRUE,4.6053,2.8079,""
sa_w17g_study6e_col_19,sa_w17g_study6e_col,19,1467,97.56,TRUE,4.6421,2.9176,""
sa_w17g_study6e_col_20,sa_w17g_study6e_col,20,1467,97.56,TRUE,1.013,0.119,""
sa_w17g_study6e_col_21,sa_w17g_study6e_col,21,1467,97.56,TRUE,0.0095,0.0973,""
sa_w17g_study6e_col_22,sa_w17g_study6e_col,22,1467,97.56,TRUE,1.4874,0.7069,""
sa_w17g_study6e_col_24,sa_w17g_study6e_col,24,1457,97.57,TRUE,1.5456,0.7268,""
sa_w17g_study6e_col_25,sa_w17g_study6e_col,25,706,98.82,TRUE,3.0921,3.0418,""
sa_w17g_study6e_col_26,sa_w17g_study6e_col,26,706,98.82,TRUE,4.3669,2.0587,""
sa_w17g_study6e_col_27,sa_w17g_study6e_col,27,706,98.82,TRUE,1.0028,0.0532,""
sa_w17g_study6e_col_28,sa_w17g_study6e_col,28,706,98.82,TRUE,2.1686,2.0369,""
sa_w17g_study6e_col_29,sa_w17g_study6e_col,29,706,98.82,TRUE,4.5411,3.0039,""
sa_w17g_study6e_col_30,sa_w17g_study6e_col,30,706,98.82,TRUE,4.5312,2.8344,""
sa_w17g_study6e_col_31,sa_w17g_study6e_col,31,706,98.82,TRUE,4.5028,2.9048,""
sa_w17g_study6e_col_32,sa_w17g_study6e_col,32,706,98.82,TRUE,1.8994,0.3237,""
sa_w17g_study6e_col_33,sa_w17g_study6e_col,33,706,98.82,TRUE,0.0496,0.2948,""
sa_w17g_study6e_col_34,sa_w17g_study6e_col,34,706,98.82,TRUE,1.4703,0.736,""
sa_w17g_study6e_col_36,sa_w17g_study6e_col,36,700,98.83,TRUE,1.6243,0.8676,""
sa_w17h_study6f_nindb,sa_w17h_study6f,nindb,4250,92.92,TRUE,408919725.7856,285305632.9537,""
sa_w17h_study6f_col_10,sa_w17h_study6f_col,10,4250,92.92,TRUE,1.6078,0.7002,""
sa_w17h_study6f_col_11,sa_w17h_study6f_col,11,1854,96.91,TRUE,1.6742,0.751,""
sa_w17h_study6f_col_12,sa_w17h_study6f_col,12,4208,92.99,TRUE,1.5297,0.7059,""
sa_w17h_study6f_col_13,sa_w17h_study6f_col,13,4250,92.92,TRUE,3.6435,2.8962,""
sa_w17h_study6f_col_14,sa_w17h_study6f_col,14,4250,92.92,TRUE,4.328,2.1854,""
sa_w17h_study6f_col_15,sa_w17h_study6f_col,15,4250,92.92,TRUE,1.0188,0.1359,""
sa_w17h_study6f_col_16,sa_w17h_study6f_col,16,4250,92.92,TRUE,2.4162,2.2308,""
sa_w17h_study6f_col_17,sa_w17h_study6f_col,17,4250,92.92,TRUE,4.324,2.8889,""
sa_w17h_study6f_col_18,sa_w17h_study6f_col,18,4250,92.92,TRUE,4.4913,2.8933,""
sa_w17h_study6f_col_19,sa_w17h_study6f_col,19,4250,92.92,TRUE,4.4638,2.8757,""
sa_w17h_study6f_col_20,sa_w17h_study6f_col,20,4250,92.92,TRUE,1.0146,0.1238,""
sa_w17h_study6f_col_21,sa_w17h_study6f_col,21,4250,92.92,TRUE,0.0113,0.1057,""
sa_w17h_study6f_col_22,sa_w17h_study6f_col,22,4250,92.92,TRUE,1.6155,0.7379,""
sa_w17h_study6f_col_23,sa_w17h_study6f_col,23,1342,97.76,TRUE,1.699,0.734,""
sa_w17h_study6f_col_24,sa_w17h_study6f_col,24,4217,92.97,TRUE,1.5245,0.751,""
sa_w17h_study6f_col_25,sa_w17h_study6f_col,25,2094,96.51,TRUE,3.6337,2.9529,""
sa_w17h_study6f_col_26,sa_w17h_study6f_col,26,2094,96.51,TRUE,4.4131,2.1219,""
sa_w17h_study6f_col_27,sa_w17h_study6f_col,27,2094,96.51,TRUE,1.0038,0.0617,""
sa_w17h_study6f_col_28,sa_w17h_study6f_col,28,2094,96.51,TRUE,2.2746,2.1458,""
sa_w17h_study6f_col_29,sa_w17h_study6f_col,29,2094,96.51,TRUE,4.2856,2.8484,""
sa_w17h_study6f_col_30,sa_w17h_study6f_col,30,2094,96.51,TRUE,4.4623,2.8602,""
sa_w17h_study6f_col_31,sa_w17h_study6f_col,31,2094,96.51,TRUE,4.2479,2.8523,""
sa_w17h_study6f_col_32,sa_w17h_study6f_col,32,2094,96.51,TRUE,1.8601,0.3799,""
sa_w17h_study6f_col_33,sa_w17h_study6f_col,33,2094,96.51,TRUE,0.0568,0.3154,""
sa_w17h_study6f_col_34,sa_w17h_study6f_col,34,2094,96.51,TRUE,1.6012,0.7808,""
sa_w17h_study6f_col_35,sa_w17h_study6f_col,35,1090,98.18,TRUE,1.7073,0.9229,""
sa_w17h_study6f_col_36,sa_w17h_study6f_col,36,2079,96.54,TRUE,1.5541,0.5974,""
sa_w17h_study6f_col_37,sa_w17h_study6f_col,37,957,98.41,TRUE,3.418,3.0036,""
sa_w17h_study6f_col_38,sa_w17h_study6f_col,38,957,98.41,TRUE,4.5611,1.9842,""
sa_w17h_study6f_col_39,sa_w17h_study6f_col,39,957,98.41,TRUE,1.0073,0.0853,""
sa_w17h_study6f_col_40,sa_w17h_study6f_col,40,957,98.41,TRUE,2.0961,2.0998,""
sa_w17h_study6f_col_41,sa_w17h_study6f_col,41,957,98.41,TRUE,4.3824,2.8571,""
sa_w17h_study6f_col_42,sa_w17h_study6f_col,42,957,98.41,TRUE,4.3406,2.9121,""
sa_w17h_study6f_col_43,sa_w17h_study6f_col,43,957,98.41,TRUE,4.4451,3.0035,""
sa_w17h_study6f_col_44,sa_w17h_study6f_col,44,957,98.41,TRUE,2.3041,0.9139,""
sa_w17h_study6f_col_45,sa_w17h_study6f_col,45,957,98.41,TRUE,0.07,0.3366,""
sa_w17h_study6f_col_46,sa_w17h_study6f_col,46,957,98.41,TRUE,1.5434,0.6011,""
sa_w17h_study6f_col_48,sa_w17h_study6f_col,48,943,98.43,TRUE,1.5249,0.7551,""
sa_w17k_study6i_nindb,sa_w17k_study6i,nindb,775,98.71,TRUE,543570187.951,220489620.9519,""
sa_w17k_study6i_col_10,sa_w17k_study6i_col,10,775,98.71,TRUE,1.8787,0.5411,""
sa_w17k_study6i_col_12,sa_w17k_study6i_col,12,773,98.71,TRUE,1.5343,0.687,""
sa_w17k_study6i_col_13,sa_w17k_study6i_col,13,775,98.71,TRUE,4.9497,2.2554,""
sa_w17k_study6i_col_14,sa_w17k_study6i_col,14,775,98.71,TRUE,4.7381,2.1911,""
sa_w17k_study6i_col_15,sa_w17k_study6i_col,15,775,98.71,TRUE,1,0,""
sa_w17k_study6i_col_16,sa_w17k_study6i_col,16,775,98.71,TRUE,2.6697,2.1043,""
sa_w17k_study6i_col_17,sa_w17k_study6i_col,17,775,98.71,TRUE,4.2361,2.8036,""
sa_w17k_study6i_col_18,sa_w17k_study6i_col,18,775,98.71,TRUE,4.2942,2.8222,""
sa_w17k_study6i_col_19,sa_w17k_study6i_col,19,775,98.71,TRUE,4.6748,2.8899,""
sa_w17k_study6i_col_20,sa_w17k_study6i_col,20,775,98.71,TRUE,1.0026,0.0508,""
sa_w17k_study6i_col_21,sa_w17k_study6i_col,21,775,98.71,TRUE,0.0129,0.1129,""
sa_w17k_study6i_col_22,sa_w17k_study6i_col,22,775,98.71,TRUE,1.8839,0.5791,""
sa_w17k_study6i_col_24,sa_w17k_study6i_col,24,773,98.71,TRUE,1.5149,0.568,""
sa_w17l_study6j_nindb,sa_w17l_study6j,nindb,1405,97.66,TRUE,450509187.7395,272558829.3036,""
sa_w17l_study6j_col_10,sa_w17l_study6j_col,10,1405,97.66,TRUE,1.721,0.6901,""
sa_w17l_study6j_col_12,sa_w17l_study6j_col,12,1394,97.68,TRUE,1.5352,0.6856,""
sa_w17l_study6j_col_13,sa_w17l_study6j_col,13,1405,97.66,TRUE,4.0335,2.7525,""
sa_w17l_study6j_col_14,sa_w17l_study6j_col,14,1405,97.66,TRUE,4.5943,2.1208,""
sa_w17l_study6j_col_15,sa_w17l_study6j_col,15,1405,97.66,TRUE,1.0171,0.1296,""
sa_w17l_study6j_col_16,sa_w17l_study6j_col,16,1405,97.66,TRUE,2.5701,2.2526,""
sa_w17l_study6j_col_17,sa_w17l_study6j_col,17,1405,97.66,TRUE,4.242,2.8286,""
sa_w17l_study6j_col_18,sa_w17l_study6j_col,18,1405,97.66,TRUE,4.7345,2.7482,""
sa_w17l_study6j_col_19,sa_w17l_study6j_col,19,1405,97.66,TRUE,4.4413,2.835,""
sa_w17l_study6j_col_20,sa_w17l_study6j_col,20,1405,97.66,TRUE,1.0028,0.0533,""
sa_w17l_study6j_col_21,sa_w17l_study6j_col,21,1405,97.66,TRUE,0.01,0.0994,""
sa_w17l_study6j_col_22,sa_w17l_study6j_col,22,1405,97.66,TRUE,1.716,0.6403,""
sa_w17l_study6j_col_24,sa_w17l_study6j_col,24,1398,97.67,TRUE,1.5629,0.6564,""
sa_w17l_study6j_col_25,sa_w17l_study6j_col,25,715,98.81,TRUE,4.0168,2.7995,""
sa_w17l_study6j_col_26,sa_w17l_study6j_col,26,715,98.81,TRUE,4.8503,1.9094,""
sa_w17l_study6j_col_27,sa_w17l_study6j_col,27,715,98.81,TRUE,1.014,0.1175,""
sa_w17l_study6j_col_28,sa_w17l_study6j_col,28,715,98.81,TRUE,2.2364,2.0261,""
sa_w17l_study6j_col_29,sa_w17l_study6j_col,29,715,98.81,TRUE,4.2056,2.8792,""
sa_w17l_study6j_col_30,sa_w17l_study6j_col,30,715,98.81,TRUE,4.8657,2.6985,""
sa_w17l_study6j_col_31,sa_w17l_study6j_col,31,715,98.81,TRUE,4.2937,2.8364,""
sa_w17l_study6j_col_32,sa_w17l_study6j_col,32,715,98.81,TRUE,1.8336,0.3802,""
sa_w17l_study6j_col_33,sa_w17l_study6j_col,33,715,98.81,TRUE,0.0462,0.2886,""
sa_w17l_study6j_col_34,sa_w17l_study6j_col,34,715,98.81,TRUE,1.7217,0.7272,""
sa_w17l_study6j_col_36,sa_w17l_study6j_col,36,707,98.82,TRUE,1.5035,0.5385,""
sa_w17m_study6k_nindb,sa_w17m_study6k,nindb,1841,96.93,TRUE,450136928.6051,273647487.0458,""
sa_w17m_study6k_col_10,sa_w17m_study6k_col,10,1841,96.93,TRUE,1.6475,0.6685,""
sa_w17m_study6k_col_11,sa_w17m_study6k_col,11,845,98.59,TRUE,1.7219,0.807,""
sa_w17m_study6k_col_12,sa_w17m_study6k_col,12,1814,96.98,TRUE,1.5347,0.6211,""
sa_w17m_study6k_col_13,sa_w17m_study6k_col,13,1841,96.93,TRUE,4.0668,2.7655,""
sa_w17m_study6k_col_14,sa_w17m_study6k_col,14,1841,96.93,TRUE,4.2173,2.3244,""
sa_w17m_study6k_col_15,sa_w17m_study6k_col,15,1841,96.93,TRUE,1.0136,0.1158,""
sa_w17m_study6k_col_16,sa_w17m_study6k_col,16,1841,96.93,TRUE,2.465,2.2307,""
sa_w17m_study6k_col_17,sa_w17m_study6k_col,17,1841,96.93,TRUE,4.277,2.8722,""
sa_w17m_study6k_col_18,sa_w17m_study6k_col,18,1841,96.93,TRUE,4.3781,2.8071,""
sa_w17m_study6k_col_19,sa_w17m_study6k_col,19,1841,96.93,TRUE,4.5133,2.8994,""
sa_w17m_study6k_col_20,sa_w17m_study6k_col,20,1841,96.93,TRUE,1,0,""
sa_w17m_study6k_col_21,sa_w17m_study6k_col,21,1841,96.93,TRUE,0.0141,0.118,""
sa_w17m_study6k_col_22,sa_w17m_study6k_col,22,1841,96.93,TRUE,1.6496,0.668,""
sa_w17m_study6k_col_24,sa_w17m_study6k_col,24,1816,96.97,TRUE,1.5286,0.6239,""
sa_w17m_study6k_col_25,sa_w17m_study6k_col,25,1027,98.29,TRUE,4.0019,2.8229,""
sa_w17m_study6k_col_26,sa_w17m_study6k_col,26,1027,98.29,TRUE,4.3126,2.2751,""
sa_w17m_study6k_col_27,sa_w17m_study6k_col,27,1027,98.29,TRUE,1.0058,0.0762,""
sa_w17m_study6k_col_28,sa_w17m_study6k_col,28,1027,98.29,TRUE,2.2902,2.1265,""
sa_w17m_study6k_col_29,sa_w17m_study6k_col,29,1027,98.29,TRUE,4.1013,2.9452,""
sa_w17m_study6k_col_30,sa_w17m_study6k_col,30,1027,98.29,TRUE,4.3612,2.8413,""
sa_w17m_study6k_col_31,sa_w17m_study6k_col,31,1027,98.29,TRUE,4.4499,3.001,""
sa_w17m_study6k_col_32,sa_w17m_study6k_col,32,1027,98.29,TRUE,1.8315,0.3744,""
sa_w17m_study6k_col_33,sa_w17m_study6k_col,33,1027,98.29,TRUE,0.0623,0.3304,""
sa_w17m_study6k_col_34,sa_w17m_study6k_col,34,1027,98.29,TRUE,1.6173,0.6186,""
sa_w17m_study6k_col_36,sa_w17m_study6k_col,36,1006,98.32,TRUE,1.5805,0.6503,""
